pair_id,participant_id,run,source_channel,source_time,control_time,recent_burst_count,exposed_post_outcome,control_post_outcome,source_pre_outcome
0,sub-01,1,Pz-O1,2.01625,28.05699175751871,0,0,0,0
1,sub-01,1,Fp1-F3,4.00025,28.01005054775471,0,0,0,0
2,sub-01,1,P4-O2,5.8095,11.396681714915285,0,1,1,0
3,sub-01,1,T5-P3,13.34725,25.729594678512278,0,0,0,0
4,sub-01,1,T5-C3,14.443,28.85859756716527,0,0,1,0
5,sub-01,1,T3-F3,15.27775,11.49086682908309,0,1,1,0
6,sub-01,1,T3-P3,15.61575,44.79529468305729,1,1,0,0
7,sub-01,1,P4-Cz,16.49475,23.944633819855092,0,0,0,0
8,sub-01,1,C3-Pz,18.058,11.737894222108661,1,0,0,1
9,sub-01,1,P3-O1,27.17775,56.268022508157884,0,1,0,0
10,sub-01,1,P3-Cz,29.26775,40.39086002786826,0,0,0,0
11,sub-01,1,C4-Pz,32.96375,50.46397321842388,1,1,1,1
12,sub-01,1,Fp1-F3,34.178,17.16438843288149,0,1,0,0
13,sub-01,1,P3-Pz,37.03925,56.44942683610118,0,0,0,0
14,sub-01,1,C3-P3,37.68625,19.0383569510558,0,0,0,0
15,sub-01,1,P3-Cz,38.18225,29.70639488876814,1,1,0,0
16,sub-01,1,T5-P3,38.6735,15.90544050544742,2,0,0,1
17,sub-01,1,P3-Pz,40.8605,64.78338364073038,0,0,0,0
18,sub-01,1,Pz-O1,44.69275,17.381497855414878,0,0,1,0
19,sub-01,1,Pz-O2,50.33725,24.101218899011208,0,1,0,0
20,sub-01,1,Cz-Pz,52.33225,49.684327351705505,0,0,0,0
21,sub-01,1,P3-O1,55.412,28.560009522334784,0,0,0,0
22,sub-01,1,C3-Pz,57.0115,67.94720968079065,0,0,0,0
23,sub-01,1,T5-P3,59.14,40.09524839084909,0,0,0,0
24,sub-01,1,T3-P3,59.94625,78.79594316429584,0,0,0,0
25,sub-01,1,P3-Pz,62.64925,77.74317718554471,0,0,1,0
26,sub-01,1,C3-Pz,63.354,51.84862288215072,0,0,0,0
27,sub-01,1,P3-Pz,65.74725,56.926541129958984,0,0,0,0
28,sub-01,1,F3-Cz,76.44975,81.21963614293502,0,0,1,0
29,sub-01,1,T5-O1,77.113,86.90017399240166,0,0,0,0
30,sub-01,1,C3-Fz,77.98675,68.72243448407305,0,0,0,0
31,sub-01,1,C3-P3,81.673,86.77237807282926,0,0,0,0
32,sub-01,1,T3-T5,83.60575,74.53753386461156,0,1,0,0
33,sub-01,1,F3-Cz,83.88575,57.33784767659066,1,0,0,1
34,sub-01,1,T5-P3,85.202,114.76992103102111,0,0,0,0
35,sub-01,1,T3-P3,85.6355,108.21912397054973,1,0,0,0
36,sub-01,1,F7-F3,88.5455,100.94057383847176,0,0,0,0
37,sub-01,1,Pz-O2,90.3525,77.01656099605705,0,0,1,0
38,sub-01,1,C4-Pz,93.24475,101.03552877039289,0,1,0,0
39,sub-01,1,Fz-Cz,93.52675,107.10665207667915,1,1,1,1
40,sub-01,1,P3-Pz,93.5845,117.35054397317539,2,0,1,1
41,sub-01,1,P3-Pz,97.06125,81.3242283656676,0,0,0,0
42,sub-01,1,C3-Cz,103.714,88.21713873158218,1,1,1,1
43,sub-01,1,Pz-O2,103.79475,112.88391897154483,1,0,1,1
44,sub-01,1,Pz-O1,106.91125,79.23949458638252,0,0,0,0
45,sub-01,1,T3-T5,107.44575,120.65838486686779,0,0,0,0
46,sub-01,1,P3-Cz,107.95225,115.19494044922956,0,0,0,0
47,sub-01,1,T5-P3,108.43175,123.55701031639066,1,0,0,0
48,sub-01,1,T4-P4,112.54625,140.3248940316599,1,1,0,1
49,sub-01,1,T5-P3,112.98175,88.73695314611524,1,0,0,1
50,sub-01,1,T6-P4,117.018,144.88393285060906,1,1,0,1
51,sub-01,1,P4-Cz,117.4855,137.18717000321615,2,1,1,1
52,sub-01,1,P3-Pz,117.6805,93.99909476687456,2,1,0,1
53,sub-01,1,T5-C3,118.14475,112.90503331533597,1,0,0,1
54,sub-01,1,T3-P3,119.48975,89.52868357966636,0,1,1,0
55,sub-01,1,C3-Pz,119.72,112.32745694953452,1,1,1,1
56,sub-01,1,T3-T5,119.915,117.90047516336026,2,0,0,1
57,sub-01,1,Fp1-F3,124.227,100.53753132381757,0,1,0,0
58,sub-01,1,Cz-Pz,124.568,149.50559662023144,1,0,1,1
59,sub-01,1,P3-O1,126.15625,130.75342016788585,0,1,0,0
60,sub-01,1,Fz-Cz,126.4645,149.47194766255052,1,1,1,1
61,sub-01,1,P3-O1,126.81575,119.88387762315375,2,0,1,1
62,sub-01,1,P4-O2,133.65925,130.1116785339656,0,0,0,0
63,sub-01,1,C3-Pz,137.0065,125.00015054194247,1,0,1,1
64,sub-01,1,Pz-O1,140.2905,121.19691811442993,0,0,0,0
65,sub-01,1,C4-P4,145.34225,150.57139026710766,0,0,1,0
66,sub-01,1,C3-P3,145.911,129.1813052471914,0,0,0,0
67,sub-01,1,F7-F3,147.48675,134.25133100278882,0,0,0,0
68,sub-01,1,C4-Pz,148.73575,130.5836431620674,0,0,0,0
69,sub-01,1,P3-Pz,149.274,173.84734703245232,0,0,0,0
70,sub-01,1,T5-O1,149.90425,179.30600602921228,0,0,1,0
71,sub-01,1,F3-Cz,162.6365,146.6745926874632,0,0,0,0
72,sub-01,1,Pz-O2,164.7125,159.82056258500262,1,0,0,1
73,sub-01,1,P3-O1,171.03875,185.12128210324593,0,0,0,0
74,sub-01,1,Cz-Pz,177.166,157.43782289994815,0,0,0,0
75,sub-01,1,P3-O1,177.7525,157.30740452513237,0,0,0,0
76,sub-01,1,C3-Pz,179.66225,162.13907734536662,0,0,1,0
77,sub-01,1,F3-Cz,182.7945,160.54731353992918,0,1,1,0
78,sub-01,1,Fz-Cz,184.387,192.39409123168403,1,0,0,1
79,sub-01,1,Fz-Cz,188.4265,207.15354681406754,1,0,0,1
80,sub-01,1,Cz-Pz,190.087,192.21632636761316,1,1,0,1
81,sub-01,1,T3-P3,190.356,164.4959305620629,1,0,1,1
82,sub-01,1,Cz-Pz,198.9125,210.17254986889094,1,0,0,1
83,sub-01,1,P4-Cz,204.04875,230.6541313539111,0,0,0,0
84,sub-01,1,P4-Cz,205.23625,195.66667993041884,0,0,0,0
85,sub-01,1,Pz-O2,206.1115,190.20696659230413,1,1,1,1
86,sub-01,1,T5-C3,206.7375,219.22249022057028,1,0,0,1
87,sub-01,1,C3-Pz,212.96625,217.7972226461964,0,1,0,0
88,sub-01,1,C3-Pz,219.085,203.5956205618592,0,1,1,0
89,sub-01,1,Pz-O1,226.13125,243.934245050057,0,0,0,0
90,sub-01,1,Pz-O1,227.1195,246.12142005383402,0,0,0,0
91,sub-01,1,P3-Pz,229.1665,243.06592279865086,0,0,0,0
92,sub-01,1,C4-Pz,232.48775,246.18109019431327,0,0,0,0
93,sub-01,1,T5-P3,233.10975,227.79457567099726,0,1,0,0
94,sub-01,1,C4-Pz,233.42525,243.38836976805544,1,1,0,1
95,sub-01,1,C3-P3,233.53975,262.8648811303011,2,1,0,1
96,sub-01,1,P3-Pz,234.01075,213.17085494882298,2,0,0,1
97,sub-01,1,P4-Cz,235.142,249.31527291065328,0,0,1,0
98,sub-01,1,T5-P3,243.2905,265.50388982635496,0,0,0,0
99,sub-01,1,Pz-O1,247.21075,263.7581387470714,1,0,0,1
100,sub-01,1,F3-Fz,248.627,232.39759838620915,0,0,1,0
101,sub-01,1,P3-Pz,250.301,280.15581699922905,0,0,0,0
102,sub-01,1,T5-P3,250.562,235.42985778764518,1,0,0,0
103,sub-01,1,T3-F3,252.837,237.5212871494778,0,0,0,0
104,sub-01,1,P3-Pz,254.96625,258.6555129200782,0,0,0,0
105,sub-01,1,P3-Pz,256.5605,281.29994291323766,1,0,0,0
106,sub-01,1,F3-Cz,260.14075,243.97940518720327,0,1,0,0
107,sub-01,1,C3-P3,262.60025,247.72838499529945,0,1,1,0
108,sub-01,1,Pz-O1,262.80625,253.15021834045314,1,0,0,1
109,sub-01,1,Pz-O1,263.367,257.8032664467869,0,0,0,0
110,sub-01,1,T5-P3,275.4175,258.0107886265688,0,1,0,0
111,sub-01,1,Cz-Pz,280.99125,284.94933568135207,0,0,0,0
112,sub-01,1,P3-O1,285.556,276.81491400600044,0,0,0,0
113,sub-01,1,Fp1-F3,289.1565,282.21854386030157,0,0,1,0
114,sub-01,1,F7-F3,291.3045,276.214932896,0,1,0,0
115,sub-01,1,P4-O2,292.3605,283.61454074039926,0,0,0,0
116,sub-01,1,P4-Cz,293.523,270.4731401415381,0,0,0,0
117,sub-01,1,T5-P3,294.16925,284.5307287559166,0,0,0,0
118,sub-01,1,Cz-Pz,296.3875,285.90449039255554,1,0,0,1
119,sub-01,1,C4-Pz,296.73475,281.3731322680781,1,0,0,0
120,sub-01,1,T5-P3,297.359,283.95285313983675,0,0,0,0
121,sub-01,1,Pz-O2,299.44825,281.53956416384176,0,0,0,0
122,sub-01,2,F3-Cz,1.304,26.729165148915403,0,0,1,0
123,sub-01,2,P3-Pz,2.671,26.87513941086965,0,1,1,0
124,sub-01,2,P3-O1,3.61825,15.268194822325295,0,0,0,0
125,sub-01,2,P3-O1,6.71525,17.011639652697582,0,0,0,0
126,sub-01,2,P3-O1,7.265,14.019399265635808,0,0,0,0
127,sub-01,2,C3-P3,8.79775,34.15313497605903,0,0,0,0
128,sub-01,2,P4-Pz,10.515,17.42794290421446,0,0,0,0
129,sub-01,2,P4-Pz,11.00025,5.078698668694262,1,0,1,0
130,sub-01,2,T5-C3,13.265,21.85217887563806,0,0,0,0
131,sub-01,2,Pz-O2,18.39875,47.405278811897645,0,0,1,0
132,sub-01,2,Pz-O1,19.596,10.187267050307568,0,1,0,0
133,sub-01,2,T3-P3,19.865,10.78002700196886,1,0,1,1
134,sub-01,2,Fp1-F3,22.7815,46.39328161041635,0,1,0,0
135,sub-01,2,Pz-O1,24.098,36.690904398266,0,1,0,0
136,sub-01,2,T3-F3,24.3525,54.1866776286666,1,0,0,1
137,sub-01,2,P3-Pz,25.03275,8.50314001036164,0,0,0,0
138,sub-01,2,C3-Fz,26.97575,19.50186683289556,0,0,1,0
139,sub-01,2,Pz-O1,29.84425,51.17550472643404,0,1,0,0
140,sub-01,2,F3-Cz,30.2075,59.731140803005395,1,0,1,1
141,sub-01,2,Cz-Pz,31.72275,8.59470212989223,0,0,1,0
142,sub-01,2,C4-Pz,33.18125,48.29172935942035,0,0,1,0
143,sub-01,2,P3-O1,37.20025,29.584500802996484,0,0,0,0
144,sub-01,2,C3-Fz,38.93625,28.373843595320114,1,0,0,1
145,sub-01,2,C4-Pz,42.5415,47.84112922536327,1,0,0,1
146,sub-01,2,C3-Fz,43.274,61.58804178080705,0,1,0,0
147,sub-01,2,C4-Pz,43.5995,73.22510491217044,1,0,0,1
148,sub-01,2,P3-Cz,44.1355,39.5088809277837,0,0,0,0
149,sub-01,2,Cz-Pz,48.621,75.13609324676261,0,0,1,0
150,sub-01,2,C3-Pz,48.7,38.74656330525757,1,1,0,0
151,sub-01,2,C4-Pz,52.57075,65.28867855784716,0,1,0,0
152,sub-01,2,P3-Pz,52.91875,24.454597945218367,2,1,0,0
153,sub-01,2,C4-P4,55.49525,78.48701102924983,0,1,1,0
154,sub-01,2,C3-Pz,56.14825,79.03815341086222,1,1,0,1
155,sub-01,2,T3-F3,56.38825,53.627150262067616,1,0,1,1
156,sub-01,2,P3-O1,59.6755,37.79502735847055,0,0,0,0
157,sub-01,2,Pz-O1,62.43525,82.23093991228518,0,1,0,0
158,sub-01,2,C4-Pz,63.1205,78.45224699053149,1,1,1,1
159,sub-01,2,P4-Cz,63.647,56.00402068901327,1,1,1,1
160,sub-01,2,P3-O1,63.895,39.16593360586058,1,0,0,1
161,sub-01,2,F3-Fz,72.89825,84.68603112065695,0,0,1,0
162,sub-01,2,P3-O1,76.25,82.1987643986004,0,0,0,0
163,sub-01,2,P3-O1,76.65175,105.87744494214076,1,0,0,0
164,sub-01,2,T5-C3,77.339,71.62782173336042,0,0,0,0
165,sub-01,2,F7-F3,80.52,55.35687132345937,0,0,1,0
166,sub-01,2,C3-P3,81.0575,104.74118172794131,0,0,0,0
167,sub-01,2,P3-O1,81.389,101.05453621763434,1,0,1,0
168,sub-01,2,T5-C3,83.79225,95.48203704133257,0,0,0,0
169,sub-01,2,Cz-Pz,85.2565,76.35863723006965,1,1,1,0
170,sub-01,2,Fp1-F3,85.54225,77.4768238028468,1,1,1,1
171,sub-01,2,Pz-O2,85.813,77.58669801888931,1,0,1,1
172,sub-01,2,F3-Cz,86.77,95.40773815557057,0,0,0,0
173,sub-01,2,T5-C3,88.31475,113.54774748349752,0,0,0,0
174,sub-01,2,T3-T5,96.2825,115.63464290262992,0,0,0,0
175,sub-01,2,P3-O1,97.90625,101.91805939361456,0,0,0,0
176,sub-01,2,Pz-O1,99.88825,116.32749827861522,0,1,1,0
177,sub-01,2,Pz-O1,100.62725,114.7217285080135,1,0,1,1
178,sub-01,2,C3-Pz,103.2415,79.70270772364981,0,1,1,0
179,sub-01,2,Cz-Pz,105.45125,108.35142445847981,0,0,0,0
180,sub-01,2,Cz-Pz,110.216,138.56613597341152,0,0,0,0
181,sub-01,2,T4-P4,110.91825,104.23203000996298,0,1,0,0
182,sub-01,2,Pz-O2,114.44325,91.17324453542095,0,1,0,0
183,sub-01,2,C3-Pz,119.28,110.82098449081998,0,0,1,0
184,sub-01,2,T5-P3,121.5425,144.71310813595989,0,1,1,0
185,sub-01,2,C4-Pz,121.9035,132.39315814576855,2,1,1,1
186,sub-01,2,F7-T3,121.945,132.55859759187564,3,0,0,1
187,sub-01,2,T5-P3,123.996,146.39349227325408,0,1,0,0
188,sub-01,2,F8-C4,124.04725,107.43925200279648,1,0,0,1
189,sub-01,2,P4-Cz,126.50225,99.35488774596936,0,0,0,0
190,sub-01,2,Pz-O1,127.52875,131.73356211672169,0,0,1,0
191,sub-01,2,Cz-Pz,127.85625,123.60848502868697,1,1,1,0
192,sub-01,2,Pz-O2,129.69,120.33357130038466,0,0,0,0
193,sub-01,2,F3-Fz,132.07875,139.62604675953855,0,1,0,0
194,sub-01,2,F3-Cz,132.489,128.5530815397967,2,0,0,1
195,sub-01,2,Pz-O1,135.79825,131.8623814509488,0,0,1,0
196,sub-01,2,F7-F3,138.001,160.26586812537147,1,0,1,1
197,sub-01,2,T3-T5,141.159,137.2998481867883,0,0,1,0
198,sub-01,2,P3-Cz,142.50925,167.9040955471106,0,0,0,0
199,sub-01,2,C3-Pz,145.88175,150.37175480540793,0,0,0,0
200,sub-01,2,C3-Pz,159.0285,133.12685515189145,0,0,0,0
201,sub-01,2,Pz-O1,161.94975,177.96825353851554,0,0,0,0
202,sub-01,2,P3-Pz,164.409,170.6126275889792,0,0,1,0
203,sub-01,2,Pz-O1,165.16975,180.54391554804317,0,0,1,0
204,sub-01,2,Pz-O2,167.3855,140.56812492987535,0,0,0,0
205,sub-01,2,Cz-Pz,174.19075,186.45501977797343,0,0,1,0
206,sub-01,2,Pz-O1,174.574,164.02054285360725,1,0,0,0
207,sub-01,2,Pz-O1,174.6855,183.60897832622445,2,0,1,0
208,sub-01,2,Pz-O2,178.90775,190.14174062744206,1,0,0,1
209,sub-01,2,C4-P4,180.892,201.98508534187806,0,0,0,0
210,sub-01,2,Pz-O2,183.154,166.3801819030745,0,1,0,0
211,sub-01,2,P3-O1,183.31375,159.88475572971817,1,0,0,1
212,sub-01,2,F4-Fz,184.1445,164.4589008192031,1,0,0,1
213,sub-01,2,C3-Pz,191.0365,214.2422841167177,0,1,1,0
214,sub-01,2,Pz-O2,195.60825,173.49443423115167,0,1,0,0
215,sub-01,2,P4-Cz,195.91175,174.388087468762,1,0,1,1
216,sub-01,2,Pz-O2,200.779,180.1773436838409,0,1,0,0
217,sub-01,2,Pz-O2,202.51375,216.75333518159442,0,0,0,0
218,sub-01,2,Pz-O1,204.01775,233.95243698548182,0,0,0,0
219,sub-01,2,Pz-O1,206.289,189.1847427573971,0,0,0,0
220,sub-01,2,C3-Pz,207.3215,191.84298887667356,0,0,0,0
221,sub-01,2,P3-Cz,208.06225,211.43632333627966,0,0,1,0
222,sub-01,2,C4-Cz,209.24575,227.63110783653894,0,1,1,0
223,sub-01,2,Cz-Pz,222.35525,242.76060092951448,0,1,0,0
224,sub-01,2,Pz-O2,222.6175,242.58082169354398,1,1,0,0
225,sub-01,2,Pz-O1,225.348,249.4748083509042,0,0,0,0
226,sub-01,2,Pz-O1,226.83275,245.8062500088587,0,0,0,0
227,sub-01,2,Cz-Pz,227.06925,236.71763314031458,1,0,0,0
228,sub-01,2,C3-Pz,227.845,211.07780614157232,0,0,0,0
229,sub-01,2,P3-Pz,228.673,249.68644357606382,0,0,0,0
230,sub-01,2,Cz-Pz,230.68575,235.21717619721315,0,0,0,0
231,sub-01,2,F7-F3,234.595,226.38633634616122,0,0,1,0
232,sub-01,2,F3-Cz,236.35025,254.96702563251924,0,0,0,0
233,sub-01,2,P3-Pz,238.7845,257.34265307304787,0,0,0,0
234,sub-01,2,Pz-O1,243.8275,217.6324660931703,1,0,1,1
235,sub-01,2,F3-Fz,245.0295,228.4763975285164,0,0,1,0
236,sub-01,2,F3-Cz,247.404,239.99929469289762,0,0,0,0
237,sub-01,2,F3-Cz,252.02125,223.5852278818643,0,0,0,0
238,sub-01,2,Pz-O1,253.50275,242.03019531111698,0,1,1,0
239,sub-01,2,F3-C3,253.54025,277.17041256862757,1,0,0,1
240,sub-01,2,P3-O1,257.6935,262.7964815515637,0,0,0,0
241,sub-01,2,T5-C3,258.44425,271.7041160972995,0,0,0,0
242,sub-01,2,F3-Cz,260.31325,263.7396844920846,0,0,0,0
243,sub-01,2,C3-Pz,265.87625,292.6189058840296,0,0,0,0
244,sub-01,2,Cz-Pz,266.41575,274.3445008777315,1,1,0,1
245,sub-01,2,C3-Cz,267.877,270.8255782639916,1,0,0,1
246,sub-01,2,Pz-O1,269.90875,295.124963729681,0,1,1,0
247,sub-01,2,Pz-O1,270.23825,299.06484221649816,2,0,0,1
248,sub-01,2,C3-Pz,270.54025,266.2322662952005,2,0,1,1
249,sub-01,2,Pz-O1,275.371,255.7267448603172,0,0,0,0
250,sub-01,2,C3-Pz,275.572,290.57524553688137,1,0,1,0
251,sub-01,2,P3-O1,277.09,269.5352770281172,0,0,0,0
252,sub-01,2,Pz-O2,278.479,254.1140048226707,0,0,0,0
253,sub-01,2,T5-C3,280.396,250.58923184390622,0,0,1,0
254,sub-01,2,C4-P4,280.95575,294.7203099266899,0,0,0,0
255,sub-01,2,P3-O1,284.05125,261.203016733495,0,0,0,0
256,sub-01,2,C4-Pz,289.583,297.9047054338555,0,1,0,0
257,sub-01,2,C3-P3,293.89525,268.3557572250547,1,0,0,0
258,sub-01,2,T3-T5,296.1625,287.2750314906626,0,1,0,0
259,sub-01,2,P3-Pz,296.5675,280.53997009111026,1,0,1,1
260,sub-01,3,T5-P3,0.8805,9.56648922204313,0,0,0,0
261,sub-01,3,C3-Pz,4.30875,25.10804867684489,0,0,0,0
262,sub-01,3,C3-Pz,4.72525,21.641981965460584,1,1,1,0
263,sub-01,3,T5-P3,5.2025,11.973462256441497,1,1,0,1
264,sub-01,3,T3-P3,11.8155,27.90449874829686,0,0,0,0
265,sub-01,3,Cz-Pz,12.673,24.620883107477756,0,0,0,0
266,sub-01,3,F3-Fz,20.6275,30.992753977433708,0,0,0,0
267,sub-01,3,P3-Cz,21.88525,4.344066018528665,1,0,1,0
268,sub-01,3,P3-Pz,22.31975,12.702484703025256,1,0,0,0
269,sub-01,3,Pz-O1,23.65475,40.48425674686555,0,0,1,0
270,sub-01,3,F4-Fz,31.244,9.456514203229673,0,1,0,0
271,sub-01,3,Fp1-F3,31.493,23.717358704650316,1,1,0,1
272,sub-01,3,Pz-O2,31.873,39.09953890347204,1,0,0,1
273,sub-01,3,F3-Cz,32.855,24.54667451409466,0,0,0,0
274,sub-01,3,P3-O1,34.9165,9.469762607448086,0,1,0,0
275,sub-01,3,T4-T6,35.98275,40.244740190258696,1,1,1,1
276,sub-01,3,C3-Pz,36.411,60.741481713489016,1,0,0,1
277,sub-01,3,P3-O1,37.262,58.13828588423101,0,0,0,0
278,sub-01,3,P4-Cz,40.63175,45.446366039667836,0,0,0,0
279,sub-01,3,P3-O1,44.1575,15.702955185566921,0,0,0,0
280,sub-01,3,F3-Fz,49.541,70.45064517893327,0,0,0,0
281,sub-01,3,P3-O1,50.825,25.273638193879002,0,0,0,0
282,sub-01,3,C3-P3,52.0255,58.555408818183444,0,0,0,0
283,sub-01,3,C4-Pz,56.55825,80.9446029601104,0,0,0,0
284,sub-01,3,C3-P3,57.35725,53.98873944817548,0,0,0,0
285,sub-01,3,C3-Pz,63.1485,86.26303568519606,1,0,0,1
286,sub-01,3,P3-O1,65.091,48.697650510911785,0,0,0,0
287,sub-01,3,F3-Fz,68.40275,88.26087112376817,0,0,1,0
288,sub-01,3,F3-Cz,73.13225,61.29274616081293,0,0,0,0
289,sub-01,3,F3-C3,81.65275,104.36802063307812,2,0,1,1
290,sub-01,3,Cz-Pz,83.09775,57.392999943941135,1,0,0,1
291,sub-01,3,C3-Cz,83.414,104.43958611122692,1,0,1,0
292,sub-01,3,C3-Pz,84.04975,114.00014747129991,0,1,0,0
293,sub-01,3,P3-Pz,85.233,101.02196167601213,0,0,0,0
294,sub-01,3,C3-Pz,86.6365,81.30382380049927,0,0,1,0
295,sub-01,3,T3-P3,88.7075,77.50166248343936,0,0,0,0
296,sub-01,3,C3-Pz,89.3585,67.9403481180303,0,0,1,0
297,sub-01,3,T5-P3,89.922,93.04050103729354,0,1,0,0
298,sub-01,3,Pz-O1,90.111,111.12707031628902,1,0,0,1
299,sub-01,3,C4-Pz,90.578,87.06447927467923,1,1,0,0
300,sub-01,3,T3-P3,93.2755,122.73670910143386,0,0,0,0
301,sub-01,3,C3-P3,94.6175,117.31158961245956,0,0,0,0
302,sub-01,3,F3-Cz,95.9385,87.77868369883669,0,0,0,0
303,sub-01,3,Pz-O2,97.4085,72.658042473057,0,1,1,0
304,sub-01,3,P3-Cz,97.6535,107.22666222270941,1,0,1,1
305,sub-01,3,Pz-O1,101.945,105.22354399222776,1,0,0,1
306,sub-01,3,T4-P4,103.89625,79.86189819726053,0,1,0,0
307,sub-01,3,T5-P3,104.07075,89.80007600154795,1,0,1,1
308,sub-01,3,P3-Cz,109.14825,100.27827458185845,0,1,0,0
309,sub-01,3,C3-P3,110.44125,128.90026402793282,0,0,0,0
310,sub-01,3,P3-Cz,110.612,98.07085583662175,1,0,0,0
311,sub-01,3,Pz-O1,111.61825,125.69516188244216,0,0,1,0
312,sub-01,3,T5-C3,113.02175,88.20049494457336,0,0,0,0
313,sub-01,3,T5-P3,125.9475,102.7224860847806,0,0,0,0
314,sub-01,3,P3-O1,131.2555,117.16842972704332,0,0,0,0
315,sub-01,3,Pz-O1,136.20475,131.28574394415995,1,0,0,1
316,sub-01,3,T3-P3,137.55575,123.93989384526736,0,0,0,0
317,sub-01,3,T5-C3,141.24725,154.7396112595525,0,1,0,0
318,sub-01,3,C3-Fz,148.72,131.1258558060234,0,0,1,0
319,sub-01,3,T5-C3,149.51675,146.5025247307315,0,0,0,0
320,sub-01,3,P3-Cz,153.29425,172.69508538205446,0,0,0,0
321,sub-01,3,C3-P3,155.195,157.7623115897159,0,1,0,0
322,sub-01,3,Pz-O2,155.2885,137.89764482064317,1,0,0,1
323,sub-01,3,Cz-Pz,158.55,141.1948633910279,0,0,1,0
324,sub-01,3,P4-Pz,160.453,132.0947267644331,0,0,0,0
325,sub-01,3,P3-Cz,161.56,156.52737260670818,0,0,0,0
326,sub-01,3,T5-C3,162.25525,168.35856114228392,0,0,0,0
327,sub-01,3,P3-Pz,166.458,196.08554964251883,1,0,0,1
328,sub-01,3,F3-Cz,167.72125,181.48358982847816,0,0,1,0
329,sub-01,3,Pz-O1,169.43575,182.186400777361,0,1,0,0
330,sub-01,3,C3-Pz,169.8045,179.74533218895607,2,0,0,1
331,sub-01,3,P3-O1,173.55625,144.74083457556816,0,1,0,0
332,sub-01,3,C4-Pz,175.8165,182.11668027453717,0,0,0,0
333,sub-01,3,Pz-O2,176.6105,181.43182259139846,0,1,0,0
334,sub-01,3,F7-F3,176.85625,195.43725481815875,1,0,1,1
335,sub-01,3,Cz-Pz,179.5735,162.37113223837258,1,0,0,1
336,sub-01,3,Pz-O1,181.57875,170.60601320422327,0,0,1,0
337,sub-01,3,Pz-O1,191.7955,209.86316845668873,0,1,0,0
338,sub-01,3,P4-Cz,193.5895,186.45659146765286,0,1,0,0
339,sub-01,3,T3-P3,194.004,173.78125657876703,1,0,1,1
340,sub-01,3,P3-Pz,194.99825,212.3689769154459,1,0,0,1
341,sub-01,3,P4-O2,195.91775,166.49893929156977,1,0,0,1
342,sub-01,3,T3-F3,196.981,215.61568763463325,0,0,1,0
343,sub-01,3,Pz-O1,200.3145,205.41550891509925,0,1,0,0
344,sub-01,3,P4-Pz,202.473,206.6991557665864,0,1,0,0
345,sub-01,3,P3-O1,202.952,213.15420538210745,1,0,0,1
346,sub-01,3,Pz-O2,203.50075,232.04888516641537,0,0,1,0
347,sub-01,3,C3-Pz,207.794,192.5152077200892,0,1,1,0
348,sub-01,3,Pz-O1,208.0955,200.62375152450255,2,0,0,1
349,sub-01,3,C3-P3,208.994,185.6905124710062,0,0,0,0
350,sub-01,3,C3-Pz,212.113,232.05947881950627,0,0,1,0
351,sub-01,3,P3-Pz,212.98925,201.70796893754454,0,0,1,0
352,sub-01,3,C3-Pz,217.33275,237.43270706563192,0,1,0,0
353,sub-01,3,P3-Cz,220.52925,210.07903648110337,0,0,1,0
354,sub-01,3,P3-Pz,221.31075,200.93018589414692,0,0,0,0
355,sub-01,3,T3-P3,222.88,232.45709946546543,0,0,0,0
356,sub-01,3,P3-O1,223.8705,233.5099073469408,0,0,0,0
357,sub-01,3,T5-P3,225.17975,213.90472031128283,0,0,0,0
358,sub-01,3,Pz-O2,226.566,233.8977461306578,0,0,0,0
359,sub-01,3,C3-Pz,226.93975,240.8900274066026,1,0,0,0
360,sub-01,3,C3-P3,228.54625,255.77719876821894,0,0,0,0
361,sub-01,3,T5-P3,230.83475,234.03756356651806,0,0,1,0
362,sub-01,3,P3-O1,232.52975,210.33142142961248,0,0,1,0
363,sub-01,3,C3-Pz,234.18975,244.68320371510157,0,0,1,0
364,sub-01,3,Pz-O2,237.74575,267.63419114287075,0,1,0,0
365,sub-01,3,P3-O1,237.965,218.05915580626524,1,0,0,1
366,sub-01,3,F3-Cz,240.73175,214.6955844179509,0,0,1,0
367,sub-01,3,C3-Pz,241.50925,248.65542795597105,0,0,0,0
368,sub-01,3,T5-P3,244.88125,226.12245230678855,0,0,1,0
369,sub-01,3,Pz-O2,245.5675,234.27851925114174,1,0,0,1
370,sub-01,3,P3-Cz,246.23125,242.63768034040336,0,0,0,0
371,sub-01,3,T3-C3,246.899,219.25026486469156,0,0,0,0
372,sub-01,3,C3-Pz,248.69775,219.19529047073962,0,0,0,0
373,sub-01,3,Fp2-Fz,250.64975,221.64747376674882,1,0,0,1
374,sub-01,3,T3-F3,252.01925,233.19671310444207,0,0,0,0
375,sub-01,3,P3-O1,257.943,253.24965199959468,0,0,0,0
376,sub-01,3,F7-F3,259.658,278.573757746078,0,0,0,0
377,sub-01,3,C3-P3,265.0745,286.97582298061405,0,0,0,0
378,sub-01,3,T3-F3,266.6435,292.9196568239847,0,0,0,0
379,sub-01,3,Pz-O2,267.93775,270.059931402412,0,0,1,0
380,sub-01,3,Pz-O1,269.42325,253.22069302829703,0,0,0,0
381,sub-01,3,F8-C4,270.46925,279.67450924145953,0,1,0,0
382,sub-01,3,P3-Cz,273.5555,269.30024149203285,0,0,1,0
383,sub-01,3,P3-Cz,274.29825,280.31061749906974,0,0,0,0
384,sub-01,3,Pz-O1,276.94325,284.40407509405514,0,1,0,0
385,sub-01,3,T5-P3,277.152,274.40003824606,1,1,0,1
386,sub-01,3,T5-C3,281.07825,259.4804292361459,0,0,1,0
387,sub-01,3,C3-Pz,281.42325,298.96353688631734,1,0,0,0
388,sub-01,3,C3-Pz,286.38825,281.75346941418576,1,0,0,1
389,sub-01,3,P3-Pz,289.4765,261.8094520340177,1,0,0,0
390,sub-01,3,Cz-Pz,291.46175,293.5630048539783,0,1,0,0
391,sub-01,4,C4-P4,0.69175,23.632994860148905,1,1,1,1
392,sub-01,4,Cz-Pz,0.93125,25.940895662449613,2,0,0,1
393,sub-01,4,C3-Pz,2.74925,21.258745881348858,0,1,0,0
394,sub-01,4,P3-O1,2.993,15.988881639705866,1,0,1,1
395,sub-01,4,Pz-O2,4.3895,7.309794767461131,0,0,0,0
396,sub-01,4,P4-Pz,5.16675,8.250982834411893,0,0,0,0
397,sub-01,4,F3-Fz,6.17275,27.15514845219033,1,0,0,1
398,sub-01,4,Cz-Pz,9.1145,20.80850475011056,0,0,0,0
399,sub-01,4,P3-Cz,9.4865,6.469941069074693,1,1,0,0
400,sub-01,4,T5-C3,9.8015,16.370488397796024,1,0,1,1
401,sub-01,4,P3-O1,15.58625,31.789211708928043,0,0,0,0
402,sub-01,4,Cz-Pz,16.4025,18.686121445560847,1,0,0,1
403,sub-01,4,Pz-O1,18.219,46.93851174929722,0,0,1,0
404,sub-01,4,P3-Pz,35.75625,7.929341928122348,0,0,0,0
405,sub-01,4,T3-P3,38.1315,59.31842809896016,0,0,0,0
406,sub-01,4,P3-O1,41.22375,23.85236413717512,0,0,0,0
407,sub-01,4,P3-Cz,41.56575,55.86536773069378,1,0,0,0
408,sub-01,4,T3-P3,42.80825,52.32663213391501,0,0,1,0
409,sub-01,4,P3-O1,45.3295,68.06196993378755,0,0,0,0
410,sub-01,4,P3-Cz,47.88875,19.934699848329334,0,0,0,0
411,sub-01,4,Cz-Pz,48.6505,53.73526126297173,0,0,0,0
412,sub-01,4,C3-P3,49.97675,28.60195124340816,0,0,0,0
413,sub-01,4,P4-Pz,50.703,23.30147354657485,1,1,0,0
414,sub-01,4,Fp1-F3,52.78425,57.606968578449845,1,0,0,1
415,sub-01,4,C3-Pz,60.66325,81.11094215725593,0,0,0,0
416,sub-01,4,P3-Cz,62.56725,78.88009295002024,0,0,0,0
417,sub-01,4,P4-Pz,63.85925,60.33655472332911,0,0,0,0
418,sub-01,4,C3-Pz,64.97975,56.481497101245935,1,0,1,1
419,sub-01,4,Pz-O2,69.50825,65.90376727286527,0,0,0,0
420,sub-01,4,C3-Pz,70.197,58.613465919935365,0,0,0,0
421,sub-01,4,P3-Cz,86.18875,79.87140529869032,0,0,1,0
422,sub-01,4,P3-Pz,91.53475,74.73220228023291,0,0,0,0
423,sub-01,4,Pz-O1,91.9405,118.53772035108766,1,0,1,0
424,sub-01,4,P3-O1,97.13,69.24988673653095,0,0,1,0
425,sub-01,4,T3-P3,99.2565,81.5057126188326,0,1,0,0
426,sub-01,4,C3-Pz,101.43625,119.04901055151274,1,1,1,1
427,sub-01,4,C3-P3,102.84625,111.78749731527311,0,0,0,0
428,sub-01,4,T5-C3,104.6905,93.48450326131712,0,0,0,0
429,sub-01,4,P3-O1,107.75875,95.55662585868289,1,1,1,0
430,sub-01,4,T5-C3,109.081,95.61493456779712,1,0,1,1
431,sub-01,4,C3-Pz,111.13875,97.03335816250838,0,0,1,0
432,sub-01,4,Pz-O1,114.37,139.51801774886124,0,0,0,0
433,sub-01,4,Cz-Pz,115.54125,87.44216272516988,1,0,0,1
434,sub-01,4,Cz-Pz,116.066,133.8662937632228,0,0,0,0
435,sub-01,4,Pz-O1,116.19025,90.27257981254023,1,0,0,0
436,sub-01,4,Fp2-Fz,118.894,105.30122770029386,0,1,0,0
437,sub-01,4,F3-C3,119.0845,125.90527858312188,1,1,0,1
438,sub-01,4,C3-P3,121.22375,138.43758968786523,0,0,0,0
439,sub-01,4,T5-P3,125.87825,142.4622504437559,0,0,1,0
440,sub-01,4,P3-Pz,126.53425,152.8449455953584,0,0,0,0
441,sub-01,4,Pz-O1,129.693,142.35932974536178,0,1,0,0
442,sub-01,4,T4-C4,130.541,135.5814233390035,0,0,1,0
443,sub-01,4,Pz-O2,132.4025,125.79989567411558,0,0,1,0
444,sub-01,4,Pz-O2,135.77225,144.16455783679896,0,0,0,0
445,sub-01,4,T3-P3,137.01975,125.77906838903733,0,0,0,0
446,sub-01,4,C4-Pz,139.888,124.70134012320912,0,0,1,0
447,sub-01,4,C3-P3,157.907,127.9728569188564,0,0,0,0
448,sub-01,4,Pz-O1,162.14625,135.96315289618764,1,0,0,1
449,sub-01,4,P3-O1,163.802,181.29156168305803,0,0,0,0
450,sub-01,4,P3-Cz,166.855,150.3166690799277,0,0,0,0
451,sub-01,4,T3-F3,167.4015,157.2124042654162,0,0,0,0
452,sub-01,4,P4-Cz,169.31075,153.35893355611077,0,0,1,0
453,sub-01,4,T5-P3,170.7165,187.11744132721114,0,0,0,0
454,sub-01,4,P3-Cz,172.015,199.3411778117445,0,1,0,0
455,sub-01,4,P4-Pz,172.45525,179.61973690483157,1,1,1,1
456,sub-01,4,Pz-O1,173.16025,148.4189145481666,1,0,0,1
457,sub-01,4,P3-O1,175.01675,149.57510661854727,0,0,0,0
458,sub-01,4,C3-P3,175.0465,164.45682565983827,1,0,0,0
459,sub-01,4,P3-O1,175.761,169.82839556510737,0,1,0,0
460,sub-01,4,Cz-Pz,176.86475,187.46220364695023,0,0,0,0
461,sub-01,4,Pz-O1,178.1895,165.35302076252287,0,0,0,0
462,sub-01,4,T5-P3,179.89175,202.75962282032802,0,0,0,0
463,sub-01,4,P3-Pz,188.8745,164.69784920076637,1,0,1,1
464,sub-01,4,Pz-O1,189.3585,204.9164783998418,1,0,0,0
465,sub-01,4,P4-Cz,190.25675,200.44939851577547,0,1,0,0
466,sub-01,4,C3-Fz,190.32075,160.38583747364498,1,1,0,1
467,sub-01,4,T5-P3,192.937,166.59220054942872,0,0,0,0
468,sub-01,4,Pz-O1,194.8895,209.16235666360566,0,0,0,0
469,sub-01,4,T3-T5,196.3435,201.9841998605013,0,0,0,0
470,sub-01,4,Cz-Pz,198.3085,196.1964114516022,0,0,1,0
471,sub-01,4,P3-Pz,205.592,198.02121207539057,0,0,0,0
472,sub-01,4,Pz-O2,207.6225,187.253167058287,0,0,0,0
473,sub-01,4,F3-Fz,212.10225,200.9319118072318,0,0,0,0
474,sub-01,4,T4-T6,212.612,239.53922214209615,0,0,0,0
475,sub-01,4,C3-Pz,214.137,220.60967709343586,1,1,0,0
476,sub-01,4,F7-F3,214.35325,194.94253123531217,1,1,0,1
477,sub-01,4,T5-P3,214.73775,239.26503817690252,2,0,0,1
478,sub-01,4,Cz-Pz,215.44875,225.19276638239327,0,1,0,0
479,sub-01,4,C3-P3,215.5255,218.37137855077796,1,0,0,1
480,sub-01,4,P3-O1,219.749,231.5502102264434,0,0,0,0
481,sub-01,4,C3-Pz,221.12275,234.0241021565662,0,0,0,0
482,sub-01,4,Cz-Pz,222.5815,226.90371424030886,0,1,0,0
483,sub-01,4,Pz-O1,223.2745,216.83565918465516,1,0,0,1
484,sub-01,4,P4-Pz,223.59425,219.990109091776,1,0,1,0
485,sub-01,4,F3-Cz,233.01525,206.0948391235222,0,0,0,0
486,sub-01,4,T5-C3,234.89825,226.16499048533333,0,0,1,0
487,sub-01,4,T3-F3,236.337,250.09169570956198,0,1,0,0
488,sub-01,4,F7-F3,238.468,232.8675217444943,0,1,0,0
489,sub-01,4,P3-Cz,238.86125,245.54540439531843,2,0,0,1
490,sub-01,4,Cz-Pz,240.887,263.1796141166362,0,0,0,0
491,sub-01,4,P3-Pz,245.0905,259.44453412911867,0,0,0,0
492,sub-01,4,P3-Pz,245.32125,219.33936197475543,1,0,0,0
493,sub-01,4,Pz-O1,247.30525,231.0040683710416,0,0,0,0
494,sub-01,4,C4-Pz,252.087,268.4098718258541,1,1,0,1
495,sub-01,4,P3-Cz,252.546,237.92534754108794,1,0,0,1
496,sub-01,4,C3-P3,253.9755,225.99575874882123,0,0,1,0
497,sub-01,4,Cz-Pz,261.4175,231.74856011239982,0,0,0,0
498,sub-01,4,Pz-O1,265.568,256.60466933793975,0,0,0,0
499,sub-01,4,F3-Cz,269.46775,253.11626844884907,0,1,0,0
500,sub-01,4,T5-C3,269.575,249.91689727339102,1,0,0,1
501,sub-01,4,Cz-Pz,270.28025,249.22110428136867,0,1,1,0
502,sub-01,4,P3-O1,270.4,293.62459032820857,1,0,0,1
503,sub-01,4,T3-F3,273.041,244.1096757986137,0,0,1,0
504,sub-01,4,T3-P3,273.933,299.3442419685719,0,0,0,0
505,sub-01,4,T3-P3,275.68975,258.9950367469423,0,0,0,0
506,sub-01,4,P3-Pz,278.53075,250.55071968703635,0,0,1,0
507,sub-01,4,F4-Cz,279.03825,273.45754323813514,1,0,1,1
508,sub-01,4,Cz-Pz,279.6035,287.80713798280607,0,1,0,0
509,sub-01,4,F3-Cz,281.46975,275.17114293392643,0,0,0,0
510,sub-01,4,P3-Cz,282.39575,264.65052415630316,0,0,0,0
511,sub-01,4,P3-Cz,283.99525,263.8257187293166,0,0,0,0
512,sub-01,4,C4-Pz,288.504,286.0677403988093,0,0,0,0
513,sub-01,4,F3-Cz,291.17775,284.7692169573746,0,0,0,0
514,sub-01,4,T6-O2,292.2645,271.61371250010797,0,0,0,0
515,sub-01,4,T4-P4,293.51475,299.3663277298099,0,0,0,0
516,sub-01,4,P4-Pz,296.48425,293.6138929597751,1,0,0,1
517,sub-01,4,P3-O1,298.589,289.0082505814112,0,0,0,0
518,sub-01,5,P4-Cz,3.976,23.458142863282355,0,1,0,0
519,sub-01,5,T4-F4,4.4755,13.090992163793251,1,0,1,1
520,sub-01,5,P4-Cz,7.1305,20.077397189992567,0,0,0,0
521,sub-01,5,P3-Cz,7.61875,13.607576023959554,1,1,1,0
522,sub-01,5,C3-P3,12.62925,29.07331426361136,0,0,0,0
523,sub-01,5,C3-Pz,13.15775,29.806452900842622,0,0,0,0
524,sub-01,5,F3-Cz,14.68875,34.05101538629134,0,0,0,0
525,sub-01,5,T3-F3,16.00775,26.71753738292852,0,0,1,0
526,sub-01,5,C4-Pz,18.45525,5.972950658428019,0,0,1,0
527,sub-01,5,T5-P3,18.95775,39.67559012908181,0,0,0,0
528,sub-01,5,P3-Cz,24.4255,41.74195438977734,0,1,1,0
529,sub-01,5,C4-Pz,26.874,43.19056669555546,0,0,0,0
530,sub-01,5,C3-Pz,27.111,42.397842497260946,1,0,0,0
531,sub-01,5,F3-Cz,30.8845,43.70297021541059,0,0,0,0
532,sub-01,5,P3-Pz,32.90425,15.6484490566951,0,0,1,0
533,sub-01,5,Cz-Pz,35.91925,21.865185316932024,0,0,0,0
534,sub-01,5,Pz-O2,38.956,50.644024282664404,0,0,0,0
535,sub-01,5,C3-Pz,42.031,69.87341575552489,0,0,0,0
536,sub-01,5,C3-Pz,46.197,73.67524084168892,1,0,0,1
537,sub-01,5,T5-C3,46.231,59.318084486530324,2,0,0,1
538,sub-01,5,Pz-O1,47.884,26.429647285034694,0,1,0,0
539,sub-01,5,P3-Pz,53.026,64.68224248750835,0,1,0,0
540,sub-01,5,C3-Cz,54.47225,49.9422014523603,0,0,0,0
541,sub-01,5,Cz-Pz,59.27275,53.21323907048001,1,0,1,1
542,sub-01,5,P3-Pz,62.19275,69.70818510893164,0,0,0,0
543,sub-01,5,P4-Cz,64.101,68.23913049723306,1,0,0,1
544,sub-01,5,Pz-O2,68.84075,72.37442500693221,0,0,0,0
545,sub-01,5,C3-Pz,72.964,67.06087327261231,0,1,0,0
546,sub-01,5,F3-Cz,73.285,93.53583458961208,1,0,0,1
547,sub-01,5,Pz-O1,82.80975,78.36423517799005,0,1,0,0
548,sub-01,5,P3-O1,88.70375,106.97866663989385,0,0,0,0
549,sub-01,5,T5-P3,92.615,84.05668106609028,0,0,1,0
550,sub-01,5,T3-F3,96.3205,92.30912364745896,0,1,1,0
551,sub-01,5,Pz-O2,98.292,90.12832975347334,0,0,0,0
552,sub-01,5,F7-F3,101.2885,71.55611899009098,0,0,0,0
553,sub-01,5,Fp1-F3,102.7675,72.87207823770426,0,0,1,0
554,sub-01,5,P3-O1,106.28475,120.13116881640917,0,0,0,0
555,sub-01,5,C3-Pz,109.06675,106.67120590252406,1,1,0,1
556,sub-01,5,Pz-O2,115.189,129.87837418137383,0,0,1,0
557,sub-01,5,P3-O1,117.47675,95.42595082155508,0,0,0,0
558,sub-01,5,Pz-O1,117.59225,105.59301331489469,1,0,1,0
559,sub-01,5,Pz-O1,125.4215,142.4965177224255,0,0,0,0
560,sub-01,5,C3-Pz,126.95375,120.68468774860519,0,0,0,0
561,sub-01,5,Cz-Pz,127.093,109.74161242866857,1,0,0,0
562,sub-01,5,C3-Pz,127.3585,131.8151579263138,2,0,0,0
563,sub-01,5,T5-C3,129.99475,107.79918591413121,0,1,0,0
564,sub-01,5,C3-Pz,131.02225,138.43704007514359,0,0,0,0
565,sub-01,5,P3-Cz,131.5495,120.7329026082299,0,1,0,0
566,sub-01,5,C4-Pz,131.652,111.09019769110154,1,0,0,1
567,sub-01,5,Cz-Pz,132.67175,148.1126179839341,0,1,0,0
568,sub-01,5,P3-O1,133.78425,150.0888101795692,0,1,0,0
569,sub-01,5,T5-P3,134.66125,146.60293198226069,0,0,0,0
570,sub-01,5,Cz-Pz,135.333,124.55988848935456,0,1,0,0
571,sub-01,5,C3-Pz,136.672,110.96065429968831,0,0,1,0
572,sub-01,5,Pz-O1,137.2115,165.10170615043694,0,0,0,0
573,sub-01,5,Pz-O1,138.59825,147.8726008775366,0,0,0,0
574,sub-01,5,Pz-O1,140.1055,119.3724519565383,0,1,0,0
575,sub-01,5,T6-C4,140.79325,115.60380492294674,1,1,1,1
576,sub-01,5,P3-Pz,141.90675,113.21098303770394,0,0,1,0
577,sub-01,5,P3-Pz,142.773,129.7097698302213,0,0,1,0
578,sub-01,5,F8-C4,143.44975,114.37879341369747,0,1,0,0
579,sub-01,5,P4-Pz,144.569,139.2432405533238,0,0,0,0
580,sub-01,5,P3-Cz,152.30075,142.42392513153126,0,0,0,0
581,sub-01,5,P3-Cz,153.3455,174.8115150456805,0,0,0,0
582,sub-01,5,Pz-O2,154.338,167.33801948083266,0,0,1,0
583,sub-01,5,P3-Cz,157.45175,164.34668036549203,0,0,1,0
584,sub-01,5,C3-Pz,159.0115,145.62675197634505,0,0,0,0
585,sub-01,5,T3-F3,160.48025,154.10549528670202,0,0,1,0
586,sub-01,5,P3-Cz,161.168,175.78741642828683,0,0,0,0
587,sub-01,5,C4-Pz,162.223,139.8034051719091,0,0,0,0
588,sub-01,5,Cz-Pz,162.89725,145.7732753346752,0,0,0,0
589,sub-01,5,C3-Fz,163.7125,144.4358585155043,0,0,1,0
590,sub-01,5,F3-Cz,164.3945,145.8443267252926,0,1,0,0
591,sub-01,5,F7-C3,164.4895,137.14410282602304,1,0,1,1
592,sub-01,5,Pz-O2,166.2545,176.51562393390307,0,0,0,0
593,sub-01,5,P3-O1,168.206,185.87823968177537,0,0,1,0
594,sub-01,5,Pz-O2,168.81575,185.3360065858379,0,1,0,0
595,sub-01,5,T3-P3,171.6715,195.1715065177467,1,0,0,1
596,sub-01,5,P3-O1,172.10375,196.67823168424349,2,0,0,1
597,sub-01,5,C3-Pz,178.99025,202.0205224935204,1,0,0,1
598,sub-01,5,F7-F3,179.60825,175.88277804542687,0,0,0,0
599,sub-01,5,C4-Pz,182.34625,170.3588516096482,0,0,1,0
600,sub-01,5,P4-Cz,183.23525,178.0576718731521,0,0,0,0
601,sub-01,5,T4-T6,186.00825,168.11684197665062,0,0,1,0
602,sub-01,5,P3-Cz,190.419,197.50742789873394,0,0,0,0
603,sub-01,5,Pz-O1,194.63325,188.3544786065382,0,1,0,0
604,sub-01,5,Pz-O1,196.584,177.69426951857622,0,1,0,0
605,sub-01,5,F7-C3,196.6305,199.54770244738347,1,0,1,1
606,sub-01,5,F3-Cz,198.07275,220.57766582069883,0,0,0,0
607,sub-01,5,Cz-Pz,199.28525,206.09759219847783,0,0,1,0
608,sub-01,5,P3-Pz,201.176,174.8676648571861,0,0,0,0
609,sub-01,5,T3-P3,201.678,184.642001724282,0,0,0,0
610,sub-01,5,P3-O1,206.45325,230.37760939279158,0,0,0,0
611,sub-01,5,Cz-Pz,211.42525,236.61268807345056,0,0,0,0
612,sub-01,5,P3-Cz,213.1475,191.04333600154217,0,0,0,0
613,sub-01,5,P3-O1,216.37825,213.79621891467644,0,0,0,0
614,sub-01,5,P3-O1,217.585,241.9905984050221,0,0,0,0
615,sub-01,5,Cz-Pz,221.50825,214.27911684008072,0,1,0,0
616,sub-01,5,T3-P3,221.87875,217.9005299584089,1,1,0,1
617,sub-01,5,P4-Pz,221.91125,197.0771728340872,2,0,0,1
618,sub-01,5,Cz-Pz,222.04675,247.94850738012607,2,0,1,1
619,sub-01,5,P3-O1,222.7565,206.66753923349802,1,1,0,1
620,sub-01,5,T6-P4,244.85875,233.2366640795666,0,0,0,0
621,sub-01,5,T5-P3,248.30525,233.628225520416,0,0,0,0
622,sub-01,5,Pz-O1,250.634,258.8870324685343,0,0,1,0
623,sub-01,5,T5-P3,254.2685,242.46852148417676,0,0,0,0
624,sub-01,5,Pz-O1,255.363,262.2479400252961,0,0,1,0
625,sub-01,5,P3-Cz,255.9205,274.1983366114012,0,0,0,0
626,sub-01,5,P3-Cz,256.28775,252.8435227566748,1,0,0,0
627,sub-01,5,C3-Pz,257.8695,229.74339323860357,0,0,0,0
628,sub-01,5,T5-P3,259.2035,235.25355699896735,0,0,0,0
629,sub-01,5,T3-P3,260.12225,242.56504328067015,0,1,0,0
630,sub-01,5,Pz-O1,260.17375,262.81215693209913,1,0,0,1
631,sub-01,5,C3-P3,260.86175,275.4768645543264,0,0,0,0
632,sub-01,5,T5-P3,261.34075,271.40704804219797,1,0,0,0
633,sub-01,5,C3-Pz,263.671,247.39130997366777,0,0,1,0
634,sub-01,5,T5-C3,264.13325,283.27344651986635,1,0,0,0
635,sub-01,5,C3-Pz,264.2105,292.41983056937505,1,0,0,0
636,sub-01,5,C3-P3,266.4815,271.749203367008,0,0,1,0
637,sub-01,5,T5-C3,267.8125,248.37886912573776,1,0,0,1
638,sub-01,5,P3-O1,270.008,242.34053781361018,0,0,0,0
639,sub-01,5,Pz-O2,271.11,241.76576027654664,0,0,0,0
640,sub-01,5,Pz-O2,272.1255,265.22030887697036,0,0,0,0
641,sub-01,5,P3-O1,275.93125,249.445093224831,0,0,0,0
642,sub-01,5,T3-P3,276.982,294.7448199060162,0,0,0,0
643,sub-01,5,T3-F3,277.26625,292.79963037005183,1,0,0,0
644,sub-01,5,T3-C3,278.28075,288.03124204694933,0,0,1,0
645,sub-01,5,Cz-Pz,279.98925,264.719092005413,0,1,0,0
646,sub-01,5,T5-P3,280.0195,268.9264407396574,1,0,1,1
647,sub-01,5,P4-Pz,282.1135,296.8599497342324,0,0,1,0
648,sub-01,5,T5-P3,284.08975,294.5392903585459,0,0,0,0
649,sub-01,5,Cz-Pz,288.4175,293.9357925914499,0,1,1,0
650,sub-01,5,P3-O1,288.5165,268.9973818727095,1,0,1,1
651,sub-01,5,T5-P3,292.38125,295.69324663468035,0,0,0,0
652,sub-01,5,C3-P3,298.54425,296.4243313022778,0,0,0,0
653,sub-01,6,P4-Pz,1.5395,21.960469879367853,0,0,0,0
654,sub-01,6,P3-O1,8.89175,10.981565339185153,0,0,1,0
655,sub-01,6,F4-Cz,11.02275,38.08045070679458,0,0,0,0
656,sub-01,6,C4-Pz,14.92125,32.950958122085844,0,0,0,0
657,sub-01,6,C3-P3,15.53875,36.623853753447364,0,1,1,0
658,sub-01,6,Pz-O1,15.62275,21.050197736453075,1,0,0,1
659,sub-01,6,C3-Pz,17.63925,24.459670779151683,1,0,1,1
660,sub-01,6,C3-Fz,18.59825,33.45520702497225,0,0,0,0
661,sub-01,6,T5-C3,20.622,13.858516642761796,0,0,1,0
662,sub-01,6,Pz-O1,21.2635,17.214440663733132,0,0,1,0
663,sub-01,6,T5-P3,23.6015,33.801211499131846,0,0,0,0
664,sub-01,6,P3-Pz,24.31025,6.606125957781142,0,1,0,0
665,sub-01,6,T3-F3,24.54975,19.784333984020257,1,0,0,1
666,sub-01,6,F3-Fz,25.73625,10.28186598505824,0,0,0,0
667,sub-01,6,T3-F3,31.457,24.053715630500374,1,0,1,1
668,sub-01,6,P3-O1,35.501,7.868726185237978,0,1,1,0
669,sub-01,6,F3-Cz,35.52775,53.34294416855736,1,1,1,1
670,sub-01,6,P3-Pz,35.61925,15.916822961527043,2,0,0,1
671,sub-01,6,F3-Cz,37.121,7.157526209429285,0,0,0,0
672,sub-01,6,P4-Pz,41.26825,32.24268798932819,0,0,0,0
673,sub-01,6,P3-O1,42.583,47.00455749487077,1,0,1,1
674,sub-01,6,C3-P3,44.27575,16.481295923885675,0,0,0,0
675,sub-01,6,Pz-O1,46.94725,23.50371080329264,0,1,1,0
676,sub-01,6,C3-Pz,48.18025,39.27107810023813,0,0,0,0
677,sub-01,6,P4-Pz,50.95475,57.45788814462081,0,0,0,0
678,sub-01,6,T5-P3,52.50025,62.25989874555903,0,0,0,0
679,sub-01,6,P3-Pz,52.9255,63.272924172743416,1,0,0,0
680,sub-01,6,C3-Pz,58.4495,86.01954963824093,1,0,0,1
681,sub-01,6,P3-O1,64.189,41.10057546741545,0,0,1,0
682,sub-01,6,T5-P3,64.6445,91.96651560256595,1,0,0,0
683,sub-01,6,Pz-O1,67.14125,61.16004163557924,0,0,0,0
684,sub-01,6,T5-P3,69.6045,42.399294937064305,1,0,0,0
685,sub-01,6,T3-T5,71.865,43.21369143647087,0,1,0,0
686,sub-01,6,P3-O1,74.94325,88.92307708519307,0,1,0,0
687,sub-01,6,Pz-O2,74.9805,52.776281159632184,1,0,0,1
688,sub-01,6,C3-Pz,77.57775,85.71301687436976,0,1,0,0
689,sub-01,6,Pz-O2,80.78175,71.40499244803138,1,0,1,1
690,sub-01,6,F3-Cz,83.56025,94.77767278982655,1,1,1,1
691,sub-01,6,Pz-O1,83.9005,112.69338080885336,1,0,1,1
692,sub-01,6,P3-Pz,84.35,64.425205052969,1,0,0,0
693,sub-01,6,Pz-O1,85.9615,65.75693902741695,0,0,0,0
694,sub-01,6,P3-Pz,89.35875,113.01115022426309,0,0,0,0
695,sub-01,6,P4-Cz,93.1925,120.9083645411338,0,1,0,0
696,sub-01,6,P3-Cz,94.662,116.84894058714792,0,0,0,0
697,sub-01,6,C3-Pz,95.5035,113.23521451784714,1,0,0,1
698,sub-01,6,Pz-O1,98.7045,117.57399594269812,1,0,0,0
699,sub-01,6,C3-P3,101.2635,116.14922608320698,0,0,0,0
700,sub-01,6,T5-C3,101.54575,123.10506918980792,1,1,1,0
701,sub-01,6,C4-Pz,102.8115,81.02170878973845,1,0,0,1
702,sub-01,6,C3-Pz,103.32775,115.72981646714823,0,0,0,0
703,sub-01,6,C3-Pz,103.6665,111.22228370932316,1,1,0,0
704,sub-01,6,T3-P3,104.96425,124.40474039199418,0,0,0,0
705,sub-01,6,T3-T5,112.00375,137.51780346797307,0,1,1,0
706,sub-01,6,T5-P3,117.06775,92.99761682400775,0,1,1,0
707,sub-01,6,T5-P3,119.21775,103.0519896241038,1,1,1,0
708,sub-01,6,C4-Pz,119.64775,112.43962763068325,1,0,1,1
709,sub-01,6,P3-O1,125.20475,122.32578464224287,0,0,0,0
710,sub-01,6,T5-C3,127.27625,150.27577747433295,0,0,1,0
711,sub-01,6,T5-C3,128.639,115.94332034803975,0,1,0,0
712,sub-01,6,C3-Pz,129.3435,150.82079545871602,1,0,0,1
713,sub-01,6,P3-Pz,130.232,122.18458382577504,0,0,0,0
714,sub-01,6,C3-Pz,130.94325,124.85705077011238,0,0,1,0
715,sub-01,6,C3-Pz,132.69875,148.97172685292023,0,0,1,0
716,sub-01,6,C3-Pz,134.453,120.30801793559112,0,0,0,0
717,sub-01,6,Pz-O1,135.35875,107.93662256107939,1,0,0,1
718,sub-01,6,C3-P3,138.349,163.26696930855246,0,0,1,0
719,sub-01,6,C3-Pz,139.601,125.82006174499818,0,0,0,0
720,sub-01,6,P3-O1,141.772,167.2406769550631,0,1,1,0
721,sub-01,6,T3-F3,141.80075,144.8425190705363,1,1,0,1
722,sub-01,6,Cz-Pz,142.0795,135.402430191644,2,0,0,1
723,sub-01,6,C4-Pz,144.30325,148.85599699491706,0,1,0,0
724,sub-01,6,Pz-O1,147.90475,167.15995416486987,0,0,1,0
725,sub-01,6,P3-O1,149.65075,169.87555593706264,1,0,0,1
726,sub-01,6,P3-Pz,150.74475,155.8454739276354,0,0,0,0
727,sub-01,6,P4-Pz,151.41875,160.28794425427358,0,0,0,0
728,sub-01,6,T5-P3,151.94225,125.16461143083451,0,0,0,0
729,sub-01,6,Pz-O1,153.21625,131.4922370605978,0,1,1,0
730,sub-01,6,T3-P3,154.574,180.04821685288638,0,0,0,0
731,sub-01,6,C3-Pz,156.03925,152.9938769203636,0,0,1,0
732,sub-01,6,P3-O1,161.3655,164.1514603335908,0,0,0,0
733,sub-01,6,T4-P4,163.61125,171.80740611105827,0,0,0,0
734,sub-01,6,F4-Cz,167.56675,148.94262620381716,0,0,0,0
735,sub-01,6,C3-Fz,169.48475,147.12459210718566,0,0,0,0
736,sub-01,6,P3-Cz,170.64875,191.02842946250055,0,0,1,0
737,sub-01,6,P3-O1,172.32175,149.32392947797877,0,0,1,0
738,sub-01,6,Cz-Pz,173.90375,150.3506392750013,0,0,0,0
739,sub-01,6,P3-Pz,174.01175,164.495955897084,1,0,0,0
740,sub-01,6,Pz-O1,177.354,181.77989738426888,1,0,0,1
741,sub-01,6,P3-Pz,179.219,163.08837222027918,0,0,0,0
742,sub-01,6,C4-Pz,181.258,154.3161799786525,0,1,1,0
743,sub-01,6,P3-Pz,182.675,160.5237393301911,0,0,0,0
744,sub-01,6,P4-O2,183.76875,211.1872074773489,0,0,1,0
745,sub-01,6,Pz-O1,185.3135,160.78765806146993,0,0,0,0
746,sub-01,6,Pz-O1,188.799,198.60710683066966,0,0,1,0
747,sub-01,6,P3-Pz,190.18825,219.21240160559285,0,0,0,0
748,sub-01,6,Pz-O1,191.83,207.8181105940363,0,0,0,0
749,sub-01,6,P3-O1,192.65825,176.0566108410628,0,0,0,0
750,sub-01,6,Pz-O2,194.5405,216.77130702533074,0,0,0,0
751,sub-01,6,C3-P3,196.28,191.79171940295328,0,0,1,0
752,sub-01,6,C3-Pz,201.06475,175.30351610386217,0,1,0,0
753,sub-01,6,P3-O1,201.2185,213.0015999023072,1,0,0,1
754,sub-01,6,Pz-O2,206.61225,200.2225777718602,1,0,0,1
755,sub-01,6,T5-C3,211.291,236.9775720406806,0,0,0,0
756,sub-01,6,F3-Fz,212.90025,196.0182687086934,0,0,1,0
757,sub-01,6,T3-P3,213.6745,235.45621212081926,0,0,0,0
758,sub-01,6,Fp2-F8,215.865,192.96933322199135,1,0,0,1
759,sub-01,6,C3-Pz,217.88925,205.2759320167066,1,0,0,1
760,sub-01,6,C4-Pz,219.42075,207.98621351599468,0,0,0,0
761,sub-01,6,T4-F4,221.72575,207.0758035317362,1,0,0,1
762,sub-01,6,P3-Pz,226.05825,247.34489008637655,1,0,1,1
763,sub-01,6,F3-Fz,229.005,217.8160175510468,1,1,1,1
764,sub-01,6,Pz-O1,231.6675,215.44445638340105,0,1,1,0
765,sub-01,6,P3-O1,233.476,248.69357740699223,0,1,0,0
766,sub-01,6,C4-Pz,233.79725,216.30210018669908,1,0,0,1
767,sub-01,6,F3-C3,236.16975,239.61476461922334,0,0,1,0
768,sub-01,6,Pz-O1,238.19575,211.6754289533396,1,0,1,0
769,sub-01,6,C3-Pz,238.885,223.92600823239738,0,0,0,0
770,sub-01,6,P3-O1,239.67525,219.23525745430908,0,0,1,0
771,sub-01,6,Pz-O1,239.979,232.33308208728351,1,0,0,0
772,sub-01,6,P3-Cz,247.127,227.59841479714999,0,0,0,0
773,sub-01,6,C3-Pz,250.32075,239.39258181410935,0,0,1,0
774,sub-01,6,Fp1-Fz,252.7105,246.35614717165637,1,1,0,1
775,sub-01,6,P3-Pz,255.8505,262.36093631987717,0,0,0,0
776,sub-01,6,T3-P3,257.928,241.23824362093194,0,0,0,0
777,sub-01,6,C3-P3,259.7355,252.28441248786538,0,0,1,0
778,sub-01,6,Pz-O2,262.5415,270.38665369197395,0,0,1,0
779,sub-01,6,T4-P4,264.2275,266.7316920514317,0,0,1,0
780,sub-01,6,Pz-O2,265.591,280.1846843703238,1,0,0,1
781,sub-01,6,Pz-O2,267.20325,240.61843036477595,0,0,1,0
782,sub-01,6,Pz-O1,267.7745,250.99553096140005,0,0,0,0
783,sub-01,6,Pz-O1,268.65025,271.2807775758669,0,0,0,0
784,sub-01,6,C3-Pz,269.68825,256.6283533151682,0,1,0,0
785,sub-01,6,P3-O1,271.52675,256.4589649177014,0,0,0,0
786,sub-01,6,P3-Pz,272.698,286.21028786118893,1,0,0,0
787,sub-01,6,T6-C4,276.43925,262.07381198186874,0,1,1,0
788,sub-01,6,Pz-O1,276.965,258.1889140275442,1,0,0,1
789,sub-01,6,F3-Cz,278.7535,294.94690113722174,0,1,1,0
790,sub-01,6,C3-Pz,279.20725,255.90968750088874,1,1,0,1
791,sub-01,6,P3-Cz,280.83,270.85978787256136,1,0,0,1
792,sub-01,6,P4-Pz,283.104,267.36071614477083,1,0,0,1
793,sub-01,6,P3-O1,286.57625,263.66779751533994,0,0,0,0
794,sub-01,6,Pz-O1,287.73425,271.44199806601824,0,0,1,0
795,sub-01,6,P3-O1,295.96125,287.6621390617197,0,0,0,0
796,sub-01,6,P3-O1,297.29,288.3033658847717,0,0,0,0
797,sub-02,1,T6-O2,5.07125,27.678683952410935,0,0,0,0
798,sub-02,1,T6-P4,5.67775,31.418371598693415,1,0,0,0
799,sub-02,1,T6-P4,14.582,17.722531414553888,0,0,0,0
800,sub-02,1,T6-O2,19.62625,48.02439139557454,0,0,0,0
801,sub-02,1,T4-C4,22.85425,4.369012717518771,0,0,0,0
802,sub-02,1,T6-O2,23.62975,29.786155451771375,0,0,0,0
803,sub-02,1,T6-O2,24.1325,31.154870977755706,1,0,0,0
804,sub-02,1,T4-T6,24.76275,18.576616932474497,0,0,0,0
805,sub-02,1,T6-P4,31.0375,51.27227400591507,0,0,0,0
806,sub-02,1,T6-P4,45.8745,53.771417211166664,0,0,0,0
807,sub-02,1,T6-O2,45.95375,31.39097263566325,1,0,0,0
808,sub-02,1,T3-C3,48.8745,40.726122814942684,0,1,0,0
809,sub-02,1,T6-P4,58.78525,47.197067489468544,0,0,0,0
810,sub-02,1,T6-O2,65.6905,55.21513667064628,0,0,0,0
811,sub-02,1,T4-T6,69.18775,71.92683376591125,0,0,0,0
812,sub-02,1,T6-O2,72.16675,81.8406427634802,1,0,0,0
813,sub-02,1,T6-P4,78.579,56.84912146995567,0,0,0,0
814,sub-02,1,P4-O2,78.65175,72.6033597764501,2,0,0,1
815,sub-02,1,T6-O2,81.37825,96.0484851606468,0,0,0,0
816,sub-02,1,T6-O2,89.26025,60.81957729346408,0,0,0,0
817,sub-02,1,T6-P4,89.327,66.11379741958646,1,0,0,0
818,sub-02,1,T6-P4,93.337,103.08719683129009,0,0,0,0
819,sub-02,1,T6-P4,100.0735,107.99671035554731,0,0,0,0
820,sub-02,1,T6-O2,116.73375,89.93586443437772,0,0,0,0
821,sub-02,1,T3-P3,118.31,97.886868994159,0,0,0,0
822,sub-02,1,T6-P4,119.41625,106.52292843283942,0,0,0,0
823,sub-02,1,F7-C3,121.9005,141.88716104803763,0,0,0,0
824,sub-02,1,F7-C3,125.746,141.41705292787637,0,1,0,0
825,sub-02,1,T4-T6,125.79275,122.26841803295657,1,0,0,1
826,sub-02,1,P4-O2,145.3335,128.30230476633986,0,0,0,0
827,sub-02,1,T6-P4,164.0945,152.5796985907878,0,0,0,0
828,sub-02,1,T6-P4,168.473,177.87385506526755,0,0,0,0
829,sub-02,1,T6-O2,174.20475,167.79064618246002,0,0,0,0
830,sub-02,1,T4-T6,189.90925,161.22674760730524,0,0,0,0
831,sub-02,1,T6-C4,194.85625,207.61731750055984,0,0,0,0
832,sub-02,1,T6-O2,206.2865,212.2417653253706,0,0,0,0
833,sub-02,1,P4-O2,217.7165,227.44813629427458,0,0,0,0
834,sub-02,1,T4-T6,218.982,203.5681977916136,0,0,0,0
835,sub-02,1,T6-P4,230.83625,254.3988410908545,0,0,0,0
836,sub-02,1,T6-P4,237.93875,262.99318255837835,0,0,0,0
837,sub-02,1,T6-P4,257.82025,264.9780659993005,0,0,0,0
838,sub-02,1,T5-O1,274.42175,267.6774131847386,0,0,0,0
839,sub-02,1,P4-O2,282.27525,258.3363906351936,0,0,0,0
840,sub-02,1,T6-P4,282.3195,296.2419715800842,1,0,0,0
841,sub-02,1,T4-T6,284.92175,296.73632805712487,0,0,0,0
842,sub-02,1,T6-P4,295.82475,267.3648388189585,0,0,0,0
843,sub-02,1,Fp1-F3,299.356,294.02228395329564,0,0,0,0
844,sub-02,2,T6-P4,9.6525,4.053470777093344,0,1,0,0
845,sub-02,2,T6-P4,21.653,24.617883829793417,0,0,0,0
846,sub-02,2,T5-O1,22.771,13.46829934411241,0,0,0,0
847,sub-02,2,T6-P4,23.9305,21.532535171910023,0,0,0,0
848,sub-02,2,Fp1-F7,45.749,19.7968566901639,0,0,0,0
849,sub-02,2,T4-T6,69.029,81.9465929140192,0,0,0,0
850,sub-02,2,T6-O2,76.9615,87.90508432529961,0,0,0,0
851,sub-02,2,Pz-O1,90.71725,114.25878262580449,1,1,0,1
852,sub-02,2,T6-O2,92.31925,109.36510826541152,0,0,0,0
853,sub-02,2,T6-P4,94.05075,83.05419731921707,0,0,0,0
854,sub-02,2,T6-O2,94.14175,98.80617325533339,1,0,0,0
855,sub-02,2,T6-P4,94.17,118.308184955624,2,0,0,0
856,sub-02,2,T5-C3,98.31825,85.75128040066035,0,0,0,0
857,sub-02,2,T4-T6,100.4715,106.55165332853461,0,0,1,0
858,sub-02,2,Pz-O1,106.8355,126.13911138580302,0,0,0,0
859,sub-02,2,T6-O2,107.56,121.86270251190385,0,0,0,0
860,sub-02,2,T4-C4,113.84175,86.48135954233607,0,0,0,0
861,sub-02,2,P4-O2,118.12625,93.13287937065869,0,0,0,0
862,sub-02,2,T6-P4,118.153,145.27800953584443,1,0,0,0
863,sub-02,2,T6-P4,139.15825,115.35723152646977,0,0,0,0
864,sub-02,2,T6-O2,140.25325,113.1495044822314,0,0,0,0
865,sub-02,2,P4-O2,142.63525,119.12137983618656,0,0,0,0
866,sub-02,2,T6-O2,148.763,128.06114954689207,0,0,0,0
867,sub-02,2,T6-O2,159.0125,184.6600677021228,1,0,0,1
868,sub-02,2,T6-P4,159.087,167.78011278023797,2,0,0,0
869,sub-02,2,T6-O2,167.41275,189.3733859866814,0,0,0,0
870,sub-02,2,T6-O2,171.49775,164.54598169300235,0,0,0,0
871,sub-02,2,T6-O2,171.6815,167.6083047508979,2,0,0,0
872,sub-02,2,T4-T6,179.60975,208.44564450490108,0,0,0,0
873,sub-02,2,Pz-O1,184.3895,196.44073318592663,0,0,0,0
874,sub-02,2,T6-P4,191.567,212.12227069489163,0,0,0,0
875,sub-02,2,T6-O2,195.76025,224.49390322733572,0,0,0,0
876,sub-02,2,T6-C4,201.2195,181.89282198875782,0,0,0,0
877,sub-02,2,T6-P4,205.3015,193.16063707677847,0,0,0,0
878,sub-02,2,T6-O2,210.56325,196.23269955562597,1,0,0,0
879,sub-02,2,T6-P4,220.798,218.66495674105056,0,0,0,0
880,sub-02,2,T6-P4,240.18475,229.8952456213757,0,0,0,0
881,sub-02,2,T6-O2,240.23075,214.03976649842642,1,0,0,0
882,sub-02,2,T4-T6,244.9705,241.41639838696008,0,0,0,0
883,sub-02,2,T6-P4,245.02275,256.2913700552426,1,0,0,0
884,sub-02,2,T4-T6,250.42875,257.8967994252479,0,0,0,0
885,sub-02,2,T4-T6,256.17725,265.55882613953327,0,0,0,0
886,sub-02,2,T6-C4,260.21775,246.64869395780337,0,0,0,0
887,sub-02,2,T6-O2,260.265,278.8171212342336,1,0,0,0
888,sub-02,2,T6-P4,270.66175,288.47141609530826,0,0,0,0
889,sub-02,2,T6-P4,276.33775,265.39654174116015,0,0,0,0
890,sub-02,2,T6-C4,278.7185,252.4678071594024,0,0,0,0
891,sub-02,2,P4-O2,279.708,256.5417523253604,1,1,0,1
892,sub-02,2,T6-P4,283.972,277.58731061342445,0,0,0,0
893,sub-02,2,T6-P4,288.99075,294.5606685470637,0,0,0,0
894,sub-02,2,Fp1-F3,289.5475,260.0954904498567,0,0,1,0
895,sub-02,3,T6-O2,7.63925,15.533056513607757,1,0,0,0
896,sub-02,3,T6-C4,11.312,30.539394459627893,0,0,0,0
897,sub-02,3,F7-T3,15.48675,9.960970358379754,0,0,0,0
898,sub-02,3,T6-C4,25.60975,30.466953957289753,0,0,0,0
899,sub-02,3,T6-P4,26.506,35.91330278448795,0,0,0,0
900,sub-02,3,T6-C4,26.6,48.97714780788994,1,0,0,0
901,sub-02,3,T6-O2,32.45975,40.23962974404981,1,0,0,1
902,sub-02,3,T6-O2,36.7935,32.19724654506174,0,0,1,0
903,sub-02,3,F7-T3,39.90825,56.26728955362597,0,0,0,0
904,sub-02,3,T6-O2,41.16675,23.090919409274594,0,0,0,0
905,sub-02,3,T4-P4,48.77075,19.509004545055348,0,0,0,0
906,sub-02,3,T6-C4,53.69925,80.09713633376437,0,0,0,0
907,sub-02,3,T4-T6,61.07475,69.82788268630844,0,0,0,0
908,sub-02,3,T6-P4,63.576,51.92232419437522,0,0,0,0
909,sub-02,3,T4-T6,75.10575,92.58961336861547,0,0,0,0
910,sub-02,3,T4-T6,75.9865,67.47614627890252,0,0,0,0
911,sub-02,3,T5-O1,81.74225,69.06333119369377,0,0,0,0
912,sub-02,3,T6-P4,90.01625,69.19960283004295,0,0,0,0
913,sub-02,3,P4-O2,90.42025,104.96277826347888,2,0,0,1
914,sub-02,3,F7-C3,95.74975,98.36509701034855,0,0,0,0
915,sub-02,3,T6-P4,104.702,133.2841654080916,1,0,0,1
916,sub-02,3,T6-O2,109.648,101.18390148403327,0,0,0,0
917,sub-02,3,T6-C4,116.9965,124.843430159992,0,0,0,0
918,sub-02,3,T6-P4,117.82175,136.84177155979694,0,0,0,0
919,sub-02,3,T6-P4,127.721,154.74560818682767,0,0,0,0
920,sub-02,3,T6-O2,131.056,142.83653494425545,1,0,1,1
921,sub-02,3,T6-O2,131.15425,146.8047360958375,2,0,0,1
922,sub-02,3,P4-O2,133.31625,140.6858651786418,1,0,0,1
923,sub-02,3,T6-O2,133.4455,158.55419062583482,2,0,0,0
924,sub-02,3,T6-P4,140.65875,118.70662579821871,0,0,0,0
925,sub-02,3,T6-C4,141.2945,114.65016147039638,0,0,0,0
926,sub-02,3,T6-O2,142.80525,164.00630714599004,0,1,0,0
927,sub-02,3,T6-O2,146.323,162.3275440150302,0,0,0,0
928,sub-02,3,T6-C4,158.09775,147.8550898617554,0,0,0,0
929,sub-02,3,T6-O2,172.06525,176.55193243000085,0,0,0,0
930,sub-02,3,Pz-O1,194.52875,175.9416151702292,1,0,0,1
931,sub-02,3,F3-C3,199.609,196.90470828241567,0,0,0,0
932,sub-02,3,T6-P4,200.1205,173.4184515407553,0,0,0,0
933,sub-02,3,T6-C4,200.22575,224.17819802679344,1,0,0,0
934,sub-02,3,C4-P4,201.5435,177.18238510801555,0,0,0,0
935,sub-02,3,T6-O2,218.711,190.46009154524896,0,0,0,0
936,sub-02,3,T6-O2,223.752,213.1338237867642,0,0,0,0
937,sub-02,3,T4-T6,228.50525,214.94811417098117,1,1,0,0
938,sub-02,3,Pz-O2,228.6025,246.04256596405148,2,0,0,1
939,sub-02,3,T4-T6,231.77175,211.41718789688016,0,0,0,0
940,sub-02,3,T4-T6,239.4395,259.87460646082195,0,0,0,0
941,sub-02,3,O1-O2,245.744,225.45312103581222,0,1,0,0
942,sub-02,3,T6-C4,245.79525,270.17382281235723,1,0,0,1
943,sub-02,3,T4-C4,257.54775,235.70229784984463,0,0,0,0
944,sub-02,3,T6-C4,258.9805,230.89283654247657,0,0,0,0
945,sub-02,3,T6-O2,263.04225,245.45571659385712,1,0,0,1
946,sub-02,3,T6-C4,269.81675,267.3047828500321,0,0,0,0
947,sub-02,3,T4-T6,295.80925,272.0355370594947,0,0,0,0
948,sub-02,3,T6-O2,297.87275,276.80245506584856,0,0,0,0
949,sub-02,4,T4-P4,5.52025,15.585448161929136,0,0,0,0
950,sub-02,4,Fp1-F7,12.77325,41.65390122260207,0,0,0,0
951,sub-02,4,T6-O2,39.88675,19.402426274074088,1,0,0,0
952,sub-02,4,T6-O2,65.129,85.31325763753821,0,0,0,0
953,sub-02,4,T6-O2,71.44625,99.6569510852554,1,0,0,0
954,sub-02,4,T6-P4,73.341,92.17040880699236,0,0,0,0
955,sub-02,4,T6-P4,85.629,73.84025846238426,1,0,0,0
956,sub-02,4,T6-P4,88.30275,70.38164149674554,0,0,0,0
957,sub-02,4,T6-C4,95.01425,76.09373342059462,0,0,0,0
958,sub-02,4,T6-C4,95.18375,73.4292946937434,1,0,0,0
959,sub-02,4,T4-T6,99.539,109.9054941208234,0,0,1,0
960,sub-02,4,T6-C4,103.14675,93.23377329193899,0,1,0,0
961,sub-02,4,Pz-O2,103.2515,110.2628734605313,1,0,0,1
962,sub-02,4,C4-P4,109.99575,91.56551074873494,0,0,0,0
963,sub-02,4,F7-F3,123.9055,97.34280064230015,0,0,0,0
964,sub-02,4,T3-T5,125.54325,128.25030272202815,0,0,0,0
965,sub-02,4,T6-C4,134.365,127.96179114976339,0,0,0,0
966,sub-02,4,O1-O2,141.61825,162.38846620704277,1,0,0,1
967,sub-02,4,P4-O2,152.45925,155.00158384886498,0,0,0,0
968,sub-02,4,T6-P4,164.405,160.0973858602223,0,0,0,0
969,sub-02,4,T3-T5,168.30825,184.61642504094684,1,0,0,1
970,sub-02,4,T6-O2,173.35925,202.13852407336822,0,0,0,0
971,sub-02,4,T6-C4,182.1705,195.27733276990216,0,0,0,0
972,sub-02,4,Pz-O1,184.392,165.8612521896641,0,0,0,0
973,sub-02,4,T6-O2,194.272,198.57130144610713,0,0,0,0
974,sub-02,4,T6-O2,199.64,195.48752114913358,0,0,0,0
975,sub-02,4,T6-O2,203.904,198.88019278982628,0,0,0,0
976,sub-02,4,T6-O2,204.044,199.9931914663377,1,0,0,0
977,sub-02,4,T6-C4,210.12825,195.91298869276324,0,0,0,0
978,sub-02,4,Pz-O1,213.07175,216.52090882685812,2,0,0,1
979,sub-02,4,Pz-O1,215.946,213.6612130641197,0,1,0,0
980,sub-02,4,T5-O1,216.05475,244.64707314465306,1,1,0,0
981,sub-02,4,T6-P4,226.33,249.13893026033352,0,0,0,0
982,sub-02,4,T6-C4,228.156,249.77595224751443,0,0,0,0
983,sub-02,4,T6-O2,235.33325,243.62589833273302,0,0,0,0
984,sub-02,4,T6-O2,237.5235,208.94402504244513,0,0,0,0
985,sub-02,4,T4-T6,244.37125,223.8573537888367,0,0,0,0
986,sub-02,4,T4-C4,260.04225,289.165699327651,0,0,0,0
987,sub-02,4,T6-C4,265.15725,273.6374837743546,0,0,0,0
988,sub-02,4,T6-P4,266.03775,286.092196279366,0,0,0,0
989,sub-02,4,T6-P4,270.09825,267.4162407340478,0,0,0,0
990,sub-02,4,T6-O2,296.14825,290.05936450896155,0,0,0,0
991,sub-02,4,T6-O2,296.2665,270.4743451548376,1,0,0,0
992,sub-03,1,T6-P4,7.25925,13.82460896575722,0,0,0,0
993,sub-03,1,C3-Pz,9.9175,30.77328738761373,0,0,0,0
994,sub-03,1,T4-P4,25.53825,0.5847575186733422,0,0,0,0
995,sub-03,1,T4-P4,29.84225,43.75995841232108,0,0,1,0
996,sub-03,1,T6-C4,36.104,8.031256156735022,0,0,0,0
997,sub-03,1,F3-Cz,47.032,70.29841844540675,0,0,0,0
998,sub-03,1,T4-F4,47.9765,38.58527796622337,0,0,0,0
999,sub-03,1,F8-C4,53.02325,48.89380629705916,0,0,0,0
1000,sub-03,1,F4-C4,54.83825,77.57816362005391,0,0,0,0
1001,sub-03,1,T6-C4,56.85575,26.974223687523143,0,0,0,0
1002,sub-03,1,P4-Pz,65.72275,93.58927208179666,0,1,0,0
1003,sub-03,1,T6-C4,66.08375,83.04618019670522,1,0,0,1
1004,sub-03,1,T4-P4,84.67625,97.93442432302302,0,0,0,0
1005,sub-03,1,Fp1-F3,86.06975,57.24950490117102,1,0,0,1
1006,sub-03,1,P4-Cz,100.745,90.62764020129214,0,0,0,0
1007,sub-03,1,T5-C3,105.111,107.26467509176854,0,0,0,0
1008,sub-03,1,T6-C4,124.49025,98.49728684120004,0,0,0,0
1009,sub-03,1,P4-O2,125.637,130.3055849264959,0,1,0,0
1010,sub-03,1,T4-P4,129.242,135.5047564808864,0,0,0,0
1011,sub-03,1,T6-C4,130.82075,123.62103315414316,0,0,1,0
1012,sub-03,1,P4-Pz,131.5045,108.90150816857081,0,0,0,0
1013,sub-03,1,T5-C3,138.62675,156.01861130680425,0,0,0,0
1014,sub-03,1,T6-P4,142.45225,156.34544929547684,0,0,0,0
1015,sub-03,1,T4-P4,146.2915,140.0030428890297,0,0,0,0
1016,sub-03,1,T6-P4,149.558,145.74338443050806,0,0,0,0
1017,sub-03,1,T6-C4,181.94775,176.71975389162603,0,0,0,0
1018,sub-03,1,T6-P4,182.285,197.94323577769046,1,0,0,0
1019,sub-03,1,T6-C4,189.9935,180.58423586978168,0,0,0,0
1020,sub-03,1,T6-P4,192.23375,217.92723919693768,0,0,0,0
1021,sub-03,1,T4-P4,194.44275,209.93930346777458,0,0,0,0
1022,sub-03,1,T6-C4,197.524,178.56067727470804,0,0,0,0
1023,sub-03,1,T6-P4,208.558,184.02646082586517,0,0,0,0
1024,sub-03,1,F7-F3,219.3765,210.35685998370099,0,0,0,0
1025,sub-03,1,T6-C4,236.814,217.8130156055683,0,0,0,0
1026,sub-03,1,F8-C4,246.693,257.0493193212454,0,0,0,0
1027,sub-03,1,T6-C4,249.6355,262.18463057041237,0,0,1,0
1028,sub-03,1,T6-P4,252.28,259.21422062578245,0,0,0,0
1029,sub-03,1,T4-C4,259.79425,266.846380475695,0,0,0,0
1030,sub-03,1,T6-C4,260.541,240.07465278064268,0,0,0,0
1031,sub-03,1,P4-Cz,261.6235,277.9154069901333,0,1,0,0
1032,sub-03,1,C4-Fz,265.35425,247.22071763618823,0,0,1,0
1033,sub-03,1,P4-O2,267.37025,247.3554489150693,0,0,1,0
1034,sub-03,1,T6-C4,268.10925,292.3062731898757,0,0,0,0
1035,sub-03,1,P4-Pz,282.5715,288.30238823010234,0,0,0,0
1036,sub-03,1,T6-C4,285.311,258.3422155350982,0,0,0,0
1037,sub-03,1,T3-C3,287.337,298.32296102622286,0,0,1,0
1038,sub-03,2,T4-C4,2.097,21.00832650923205,0,0,0,0
1039,sub-03,2,T6-C4,39.659,25.383307847741133,0,0,0,0
1040,sub-03,2,T6-C4,41.6435,45.785232187026516,0,0,0,0
1041,sub-03,2,F8-C4,44.4465,41.3911885199786,0,0,0,0
1042,sub-03,2,T4-P4,49.1525,38.9780817773599,0,0,0,0
1043,sub-03,2,T6-O2,79.72325,94.3971644851899,0,0,0,0
1044,sub-03,2,T6-C4,96.184,87.18172199539836,0,0,0,0
1045,sub-03,2,T4-C4,97.68675,126.76093113422169,1,0,0,1
1046,sub-03,2,Pz-O2,111.845,104.95953170292762,0,0,0,0
1047,sub-03,2,T5-C3,114.98725,112.83820650286823,0,0,0,0
1048,sub-03,2,T4-P4,126.356,113.16847750001692,0,0,0,0
1049,sub-03,2,T3-C3,129.9065,104.95316178189799,0,0,0,0
1050,sub-03,2,T6-P4,140.046,167.58328235099145,0,0,0,0
1051,sub-03,2,T6-P4,157.95625,172.52114454850462,0,0,1,0
1052,sub-03,2,P4-O2,159.22025,143.32731941602762,0,0,0,0
1053,sub-03,2,F8-C4,161.6955,137.4591734928024,0,0,0,0
1054,sub-03,2,T4-T6,164.9705,143.09328098814214,0,0,0,0
1055,sub-03,2,T6-C4,165.59825,143.69669725608708,0,0,0,0
1056,sub-03,2,T6-C4,166.40075,164.15760924301162,0,0,0,0
1057,sub-03,2,T4-P4,176.17925,182.95032521058369,0,0,0,0
1058,sub-03,2,T6-C4,177.01925,147.99597787441644,0,0,0,0
1059,sub-03,2,T4-P4,177.6515,169.71174868815544,0,0,0,0
1060,sub-03,2,F8-C4,178.547,185.71537148309008,0,0,0,0
1061,sub-03,2,P4-Cz,193.28225,201.16418611766335,0,0,0,0
1062,sub-03,2,C4-Cz,194.7345,212.22094786978482,0,0,0,0
1063,sub-03,2,P4-O2,200.37225,213.28720015693852,0,0,0,0
1064,sub-03,2,T6-P4,203.0995,193.98513180411248,0,0,0,0
1065,sub-03,2,T4-F4,209.97125,188.4218891306603,0,0,0,0
1066,sub-03,2,T6-C4,215.6125,222.04486968411783,0,0,0,0
1067,sub-03,2,T6-C4,233.86275,228.90125345471085,0,0,0,0
1068,sub-03,2,T4-P4,234.4685,254.92423612730107,0,0,0,0
1069,sub-03,2,Pz-O2,236.224,220.2148594515441,0,0,1,0
1070,sub-03,2,C4-Cz,237.8215,244.10933187526038,0,0,0,0
1071,sub-03,2,T6-P4,238.89525,242.57350774481066,0,0,0,0
1072,sub-03,2,F8-C4,240.10625,268.03028684087525,0,0,0,0
1073,sub-03,2,T6-C4,249.91325,263.7720954570297,0,0,0,0
1074,sub-03,2,T4-F4,253.64825,251.63226042071116,0,0,0,0
1075,sub-03,2,P4-O2,261.14575,254.4929847210024,0,0,0,0
1076,sub-03,2,Fp1-Fz,261.83275,289.730398499007,1,0,1,1
1077,sub-03,2,T4-P4,271.9955,296.97754536780394,0,0,0,0
1078,sub-03,2,T6-C4,281.617,273.94925094154337,0,0,0,0
1079,sub-03,2,P4-O2,282.37575,270.36076786544334,0,0,0,0
1080,sub-03,2,F8-T4,292.45025,299.3582406266811,0,0,0,0
1081,sub-03,2,T4-T6,293.97875,285.32899125073686,0,0,0,0
1082,sub-03,3,T6-C4,11.0285,5.5945002661388585,0,0,0,0
1083,sub-03,3,T6-C4,66.9625,78.646888650595,0,0,0,0
1084,sub-03,3,T6-P4,71.47025,79.78100325373735,0,0,0,0
1085,sub-03,3,T4-P4,74.425,97.37790206529985,0,0,0,0
1086,sub-03,3,P4-O2,75.4365,99.10181216349758,0,0,0,0
1087,sub-03,3,T6-C4,86.8825,114.50615257846985,0,0,0,0
1088,sub-03,3,T4-P4,90.97025,93.26663968877787,0,0,0,0
1089,sub-03,3,T6-P4,94.328,121.46254189215493,0,0,0,0
1090,sub-03,3,F4-Fz,102.443,77.33870305446501,0,0,1,0
1091,sub-03,3,P4-O2,103.39825,123.75255690067223,0,0,0,0
1092,sub-03,3,T6-P4,119.721,141.12308895961849,0,0,0,0
1093,sub-03,3,T6-C4,120.14575,141.98493913735436,1,0,0,0
1094,sub-03,3,P4-O2,122.06825,98.01283346534652,0,0,0,0
1095,sub-03,3,P4-Cz,122.7375,133.66578596620386,0,0,0,0
1096,sub-03,3,T6-P4,124.73175,144.48386135491324,1,0,0,0
1097,sub-03,3,T6-C4,125.29675,134.37218558124772,0,0,0,0
1098,sub-03,3,T6-P4,128.25375,139.40512089786955,0,0,0,0
1099,sub-03,3,T6-P4,137.99,130.25905438355713,0,0,0,0
1100,sub-03,3,T6-P4,141.677,160.33153708624332,0,0,0,0
1101,sub-03,3,T6-P4,142.065,124.69669779032525,1,0,0,0
1102,sub-03,3,P4-Cz,144.14675,146.27133708210994,0,0,0,0
1103,sub-03,3,P4-Cz,151.61375,176.41497196240363,0,0,0,0
1104,sub-03,3,T6-P4,159.52925,175.1504455778271,0,0,0,0
1105,sub-03,3,P4-O2,168.1465,152.80186137545837,0,0,0,0
1106,sub-03,3,P4-Cz,170.1375,192.98591559580444,0,0,0,0
1107,sub-03,3,T6-P4,178.688,164.19017213344713,0,0,0,0
1108,sub-03,3,P4-Cz,182.4155,171.02045904195992,0,0,0,0
1109,sub-03,3,T6-P4,183.72325,169.11001571990982,0,0,0,0
1110,sub-03,3,T6-O2,184.346,178.33936940618256,0,0,0,0
1111,sub-03,3,P4-O2,191.63775,189.20397000193242,0,0,1,0
1112,sub-03,3,T6-C4,200.8585,181.4879622182891,0,0,0,0
1113,sub-03,3,T6-C4,201.284,179.0463848970226,1,0,0,0
1114,sub-03,3,T6-P4,205.878,210.5116970531242,0,0,0,0
1115,sub-03,3,T4-P4,213.114,224.54161813670024,0,0,0,0
1116,sub-03,3,P4-Cz,215.98125,237.84686888419714,0,0,0,0
1117,sub-03,3,T6-C4,220.16025,194.62747228225038,0,0,0,0
1118,sub-03,3,T6-P4,226.61075,221.08658167763815,0,0,0,0
1119,sub-03,3,T6-P4,235.64825,225.7789223971576,0,0,0,0
1120,sub-03,3,P4-Cz,246.2705,275.8799362414424,0,0,0,0
1121,sub-03,3,T6-P4,253.60175,234.8469959013258,0,0,0,0
1122,sub-03,3,P3-O1,257.5825,286.4334407502458,0,0,0,0
1123,sub-03,3,T6-C4,263.15475,288.45156912094393,0,0,0,0
1124,sub-03,3,T4-P4,264.6515,276.1575663572455,0,0,0,0
1125,sub-03,3,T6-P4,267.6305,255.92301867026302,0,0,0,0
1126,sub-03,3,T6-P4,269.63075,257.28450468192415,0,0,1,0
1127,sub-03,3,T6-P4,271.07675,256.5678330131476,1,0,0,1
1128,sub-03,3,T6-P4,277.13125,270.5015348915887,0,0,1,0
1129,sub-03,3,T6-P4,278.98,266.5245088510021,0,0,0,0
1130,sub-03,3,T6-P4,282.446,260.2656051733204,0,0,0,0
1131,sub-03,3,F4-C4,297.138,275.22334267870923,0,0,0,0
1132,sub-03,3,T6-P4,298.133,287.62661338940205,0,0,0,0
1133,sub-03,3,T4-C4,298.78175,285.69967258196056,0,0,0,0
1134,sub-03,4,P4-O2,2.96825,9.495570508517007,0,0,0,0
1135,sub-03,4,T4-P4,5.76975,0.8811302033072028,0,0,0,0
1136,sub-03,4,T6-C4,35.903,55.685598041871756,0,0,0,0
1137,sub-03,4,C4-P4,37.6545,47.086793756297865,0,0,0,0
1138,sub-03,4,P4-Cz,44.0595,66.36168408788332,0,0,0,0
1139,sub-03,4,F8-C4,50.571,60.544007695346124,0,0,0,0
1140,sub-03,4,T4-P4,52.243,57.86080900974038,0,0,0,0
1141,sub-03,4,T6-P4,53.65625,47.122190573030124,0,0,0,0
1142,sub-03,4,T4-P4,57.97675,84.59658774962335,0,0,0,0
1143,sub-03,4,T6-P4,58.411,37.96722615430144,1,0,0,0
1144,sub-03,4,T4-T6,63.66225,48.466344191780614,0,0,1,0
1145,sub-03,4,T4-C4,74.10575,54.28905301344791,0,0,0,0
1146,sub-03,4,T6-C4,81.763,52.8232144284613,0,0,0,0
1147,sub-03,4,T6-P4,83.42125,61.66887092414399,0,0,1,0
1148,sub-03,4,P3-O1,102.31025,99.65842451849691,0,0,0,0
1149,sub-03,4,T4-P4,106.83075,85.50234430288552,0,0,0,0
1150,sub-03,4,T6-P4,109.81025,135.31543657794344,0,0,0,0
1151,sub-03,4,T6-C4,110.22325,123.08955580318394,1,0,0,0
1152,sub-03,4,T4-P4,110.92525,88.31545507939143,0,0,0,0
1153,sub-03,4,T3-F3,118.37875,91.63644137817045,0,0,0,0
1154,sub-03,4,T4-P4,122.907,138.4610891342399,0,0,0,0
1155,sub-03,4,T6-P4,130.40425,134.3735028202932,0,0,0,0
1156,sub-03,4,T6-P4,136.8695,154.89312573237672,0,0,0,0
1157,sub-03,4,T4-P4,150.4165,163.51528412974073,0,0,0,0
1158,sub-03,4,P4-O2,151.2455,180.12831763056724,0,0,1,0
1159,sub-03,4,T6-C4,151.7475,135.05415458971237,0,0,0,0
1160,sub-03,4,T4-C4,165.56675,176.28256812485284,0,0,0,0
1161,sub-03,4,Pz-O1,170.2385,194.64298894317065,0,0,0,0
1162,sub-03,4,T6-C4,172.27925,195.1552210880263,0,0,0,0
1163,sub-03,4,T4-P4,181.43675,163.83999564115192,0,0,0,0
1164,sub-03,4,P4-Cz,225.188,231.2952603650816,1,0,0,1
1165,sub-03,4,T4-P4,226.92475,216.02329355481734,0,0,0,0
1166,sub-03,4,F8-C4,230.9345,257.78130635651644,0,0,0,0
1167,sub-03,4,T4-P4,232.0115,240.16996994397525,0,0,0,0
1168,sub-03,4,P4-O2,271.00675,249.7787452220597,0,1,0,0
1169,sub-03,4,Fp1-F7,271.30325,297.7483080180985,1,0,0,1
1170,sub-03,4,T6-P4,276.4715,295.5406184505797,0,0,0,0
1171,sub-03,4,P4-O2,277.2645,280.6411347150981,0,0,0,0
1172,sub-03,4,T6-C4,278.84425,275.59505879253817,0,0,0,0
1173,sub-03,4,T6-C4,283.9905,275.84991638167867,0,0,0,0
1174,sub-03,4,P4-Cz,287.632,259.0717171067132,0,0,0,0
1175,sub-03,4,T4-P4,288.467,299.0018035016343,0,0,0,0
1176,sub-03,4,T4-P4,289.54925,274.3478866634626,0,0,0,0
1177,sub-03,4,T3-P3,297.5435,292.7687394587171,0,0,0,0
1178,sub-03,4,T6-P4,299.4265,279.8182666394503,0,0,0,0
1179,sub-03,5,T3-T5,1.56275,26.216537942932643,0,0,0,0
1180,sub-03,5,C4-Fz,5.783,29.325847682047428,0,0,0,0
1181,sub-03,5,T6-C4,7.26475,9.26511871957381,1,0,0,0
1182,sub-03,5,T4-P4,8.87275,30.67946458672368,0,0,0,0
1183,sub-03,5,P4-Cz,11.9915,34.27406995429194,0,0,0,0
1184,sub-03,5,T3-F3,37.51775,25.40639158957571,0,0,0,0
1185,sub-03,5,T6-P4,41.04625,17.692916490191624,0,0,0,0
1186,sub-03,5,C4-P4,60.063,83.94355262731884,0,0,0,0
1187,sub-03,5,T6-P4,63.191,54.20956815928814,0,0,0,0
1188,sub-03,5,T6-C4,63.8,70.75973939216108,0,0,1,0
1189,sub-03,5,F8-C4,65.94475,78.01000864042935,0,0,0,0
1190,sub-03,5,F8-T4,71.0225,81.408792524614,0,0,0,0
1191,sub-03,5,T6-P4,73.41525,61.96095035139154,0,0,0,0
1192,sub-03,5,F8-C4,90.47175,79.69025295325345,0,0,0,0
1193,sub-03,5,T6-P4,96.52775,125.58732949420045,1,0,0,0
1194,sub-03,5,T6-C4,97.936,87.51198305972272,0,0,0,0
1195,sub-03,5,T6-C4,100.66275,90.50152201413134,1,0,0,1
1196,sub-03,5,C4-P4,101.42975,77.29713815193921,0,0,0,0
1197,sub-03,5,T4-P4,104.89275,79.04323716342128,0,0,0,0
1198,sub-03,5,T6-C4,108.24525,120.16169992499898,0,0,0,0
1199,sub-03,5,T6-C4,118.146,125.40695478150624,0,0,1,0
1200,sub-03,5,T6-C4,122.633,99.79610730382626,0,0,1,0
1201,sub-03,5,T6-P4,127.015,111.87930406766155,0,0,0,0
1202,sub-03,5,F8-C4,133.40525,103.85774380560663,0,0,0,0
1203,sub-03,5,T6-P4,137.78625,116.98976087630828,0,0,0,0
1204,sub-03,5,T6-C4,140.13275,147.31656144228683,0,0,0,0
1205,sub-03,5,T6-P4,148.80325,121.87387742642994,0,0,0,0
1206,sub-03,5,F8-C4,168.88675,152.91420440602684,0,0,0,0
1207,sub-03,5,T6-P4,170.99,176.5120179499114,0,0,0,0
1208,sub-03,5,T6-C4,171.6245,148.50823453503492,0,0,0,0
1209,sub-03,5,T6-P4,177.5585,151.87072657596352,0,0,0,0
1210,sub-03,5,T4-P4,249.9875,253.7020430908723,0,0,0,0
1211,sub-03,5,T6-O2,254.6975,234.05715291596215,0,0,0,0
1212,sub-03,5,T6-C4,257.11425,275.44098312530036,0,0,0,0
1213,sub-03,5,T6-P4,266.89925,275.75921078207045,0,0,0,0
1214,sub-03,5,T6-C4,267.2155,237.24198628153138,1,0,0,0
1215,sub-03,5,T6-P4,267.8395,242.07897103362782,0,0,0,0
1216,sub-03,6,T6-C4,15.1205,28.807379459997733,0,0,0,0
1217,sub-03,6,T6-P4,17.058,33.78569529684589,0,0,0,0
1218,sub-03,6,T6-P4,18.23375,26.339486794369,0,0,0,0
1219,sub-03,6,T6-C4,19.33975,21.42450571652075,0,0,1,0
1220,sub-03,6,T4-F4,20.25975,23.776567218037627,1,0,0,1
1221,sub-03,6,T4-P4,20.6335,15.51288315863756,1,0,0,0
1222,sub-03,6,T5-P3,21.5705,2.467139051499583,0,0,0,0
1223,sub-03,6,T6-C4,32.19,30.07961468908491,0,0,0,0
1224,sub-03,6,T6-P4,32.64675,42.56654599686616,1,0,0,0
1225,sub-03,6,P4-O2,35.97325,51.81563080987982,0,1,0,0
1226,sub-03,6,T6-C4,79.41575,109.3110508499828,0,0,0,0
1227,sub-03,6,T6-P4,83.32575,74.86216518807454,0,0,0,0
1228,sub-03,6,Fp2-Fz,86.322,58.618934308762334,0,0,0,0
1229,sub-03,6,T6-C4,89.292,76.62300468683385,0,0,0,0
1230,sub-03,6,T4-P4,96.63925,66.93775555302966,0,0,1,0
1231,sub-03,6,T6-P4,98.3475,81.09365334102212,0,0,0,0
1232,sub-03,6,P4-O2,99.02925,102.03495067750397,0,0,0,0
1233,sub-03,6,T4-P4,101.3465,105.69305276260158,0,0,0,0
1234,sub-03,6,P4-O2,102.67525,105.99047627696268,0,0,0,0
1235,sub-03,6,T6-P4,111.462,126.78408094161051,0,0,0,0
1236,sub-03,6,T6-P4,119.7725,92.70440911987677,0,0,0,0
1237,sub-03,6,T6-P4,152.5165,144.9827999538364,0,0,0,0
1238,sub-03,6,T4-P4,153.4205,165.83872679596374,0,0,0,0
1239,sub-03,6,T6-P4,172.66525,189.4238385291347,0,0,0,0
1240,sub-03,6,T6-P4,178.589,149.33868110535263,0,0,0,0
1241,sub-03,6,T4-P4,185.75575,211.89619959798682,0,0,0,0
1242,sub-03,6,T4-T6,186.7025,173.9535825696681,0,0,0,0
1243,sub-03,6,T6-C4,192.95975,208.06227122228657,0,0,0,0
1244,sub-03,6,T6-C4,197.9415,188.79595671917983,0,0,0,0
1245,sub-03,6,T6-P4,207.225,225.2763304216578,0,0,0,0
1246,sub-03,6,P4-Pz,218.09525,194.60955441617537,0,0,0,0
1247,sub-03,6,T6-C4,222.63475,235.76950637317094,0,0,0,0
1248,sub-03,6,T4-C4,227.79375,231.66425538071428,0,0,1,0
1249,sub-03,6,T6-C4,237.03975,229.5243394489149,0,0,0,0
1250,sub-03,6,T4-P4,238.85825,268.1344010845793,0,0,1,0
1251,sub-03,6,T6-P4,264.95175,244.87168637763693,0,0,0,0
1252,sub-03,6,F8-C4,268.34325,277.66346522864546,0,0,0,0
1253,sub-03,6,P4-Cz,271.12725,276.7292593671373,0,0,0,0
1254,sub-03,6,T4-T6,280.978,284.92138223232996,0,0,0,0
1255,sub-03,6,T6-P4,285.3905,265.5721439631575,0,0,0,0
1256,sub-03,7,T4-P4,4.4565,13.546733486930538,0,0,0,0
1257,sub-03,7,P4-O2,5.647,34.24946910433953,0,0,0,0
1258,sub-03,7,T6-P4,6.161,32.48765754339693,0,0,0,0
1259,sub-03,7,P4-O2,7.7225,19.358876850543613,0,0,1,0
1260,sub-03,7,P4-O2,15.9925,39.58643237735557,0,0,0,0
1261,sub-03,7,T4-F4,18.70675,15.244128042052283,0,0,0,0
1262,sub-03,7,P4-Cz,24.57325,17.784151248849692,0,0,0,0
1263,sub-03,7,T6-P4,24.90825,48.82418887648222,1,0,0,0
1264,sub-03,7,Pz-O2,28.308,14.90015121840798,0,0,0,0
1265,sub-03,7,T6-P4,32.56275,28.83999669324876,0,0,0,0
1266,sub-03,7,C4-Fz,33.361,13.063913254111043,0,0,0,0
1267,sub-03,7,T6-P4,44.59325,15.936395835983465,0,0,0,0
1268,sub-03,7,T6-P4,46.971,74.35211578953653,0,0,0,0
1269,sub-03,7,T6-C4,48.67525,51.21165266059106,0,0,0,0
1270,sub-03,7,P4-O2,61.4645,76.91533511538368,0,0,0,0
1271,sub-03,7,T6-P4,69.609,55.46676953279463,0,0,1,0
1272,sub-03,7,T6-P4,73.0365,101.97658014916385,0,0,0,0
1273,sub-03,7,C3-Fz,97.56875,102.63354957119823,0,0,0,0
1274,sub-03,7,F4-C4,111.041,107.21066877729062,0,0,0,0
1275,sub-03,7,P4-O2,127.1775,138.8276868979815,1,0,0,1
1276,sub-03,7,P4-Cz,137.05825,130.66025185540303,0,0,0,0
1277,sub-03,7,T6-P4,140.08775,151.84126715157464,0,0,0,0
1278,sub-03,7,T6-C4,143.66025,119.9451047478048,0,0,0,0
1279,sub-03,7,T6-C4,144.25925,116.3499859536281,0,0,1,0
1280,sub-03,7,Pz-O2,144.81325,160.069487509418,0,0,1,0
1281,sub-03,7,T4-P4,152.015,175.6570837887508,0,0,0,0
1282,sub-03,7,T6-P4,152.853,171.29304155234277,0,0,0,0
1283,sub-03,7,P4-O2,156.6,169.6346041791369,0,0,0,0
1284,sub-03,7,T4-P4,159.08725,142.16860448317806,0,0,0,0
1285,sub-03,7,P4-Cz,171.3615,199.2540196851977,0,0,0,0
1286,sub-03,7,T4-P4,190.05825,162.06981332855304,0,0,0,0
1287,sub-03,7,P4-O2,208.25975,205.38220083912404,0,0,0,0
1288,sub-03,7,C4-Fz,216.14575,188.39504234007617,0,0,0,0
1289,sub-03,7,P4-O2,219.907,232.94046134762283,0,1,0,0
1290,sub-03,7,T6-C4,219.94775,195.04469430456112,1,0,0,1
1291,sub-03,7,T6-C4,220.436,216.45270969415452,1,0,0,0
1292,sub-03,7,C3-Pz,236.813,214.34616550743507,0,0,0,0
1293,sub-03,7,T6-P4,256.54875,279.83759201402074,0,0,0,0
1294,sub-03,7,T6-P4,258.455,234.29096751317763,0,0,0,0
1295,sub-03,7,P4-O2,263.814,277.90587252709634,0,0,0,0
1296,sub-03,7,F8-T4,273.438,285.89221383946665,0,0,0,0
1297,sub-03,7,T6-P4,296.64,290.6663541556885,0,0,0,0
1298,sub-03,8,P4-O2,3.5085,27.28224467072836,0,0,0,0
1299,sub-03,8,F8-C4,13.569,27.90892222966206,0,1,0,0
1300,sub-03,8,C4-Cz,15.06625,30.972142645853467,0,0,0,0
1301,sub-03,8,T3-F3,16.81825,37.937654346879846,0,0,0,0
1302,sub-03,8,T6-C4,19.7185,23.50309365209663,0,1,0,0
1303,sub-03,8,T6-P4,20.9695,27.586058834301927,0,0,0,0
1304,sub-03,8,P4-O2,25.4635,35.80884194202092,0,0,0,0
1305,sub-03,8,F8-C4,25.997,45.76086170898235,0,0,0,0
1306,sub-03,8,F8-T4,56.80325,76.61438994707943,0,1,0,0
1307,sub-03,8,T6-C4,57.24625,68.24056208364823,1,0,0,1
1308,sub-03,8,T4-P4,57.76275,73.70472316591894,0,0,0,0
1309,sub-03,8,P4-O2,61.33075,70.76034244203058,0,0,0,0
1310,sub-03,8,P4-Cz,72.7575,81.23693113843176,0,0,0,0
1311,sub-03,8,F8-C4,81.749,106.61297106531222,0,0,0,0
1312,sub-03,8,P4-O2,96.02125,107.42075096818338,0,0,0,0
1313,sub-03,8,F8-C4,97.6295,88.12270261547715,0,0,0,0
1314,sub-03,8,C3-Cz,101.85925,116.62732548482359,0,0,0,0
1315,sub-03,8,T6-P4,123.0955,117.39860728190438,0,0,0,0
1316,sub-03,8,P4-O2,123.94075,147.72256154329065,0,0,0,0
1317,sub-03,8,Pz-O2,124.71675,132.96389504925358,0,0,0,0
1318,sub-03,8,T6-P4,134.30775,144.56654069859908,0,0,0,0
1319,sub-03,8,F8-C4,141.87125,144.71619348165592,0,0,0,0
1320,sub-03,8,T6-C4,142.6315,137.75887997661243,0,0,0,0
1321,sub-03,8,T4-P4,146.223,138.73688850009057,0,0,0,0
1322,sub-03,8,P4-O2,146.718,141.99947608299348,1,0,0,0
1323,sub-03,8,F8-C4,151.981,165.97093844957678,0,0,0,0
1324,sub-03,8,F8-C4,155.03825,180.30768669115457,0,0,0,0
1325,sub-03,8,T4-C4,158.05975,133.26165551352364,0,0,0,0
1326,sub-03,8,P4-O2,176.07025,152.331089777464,1,0,0,1
1327,sub-03,8,F8-C4,177.60225,192.75665185693936,0,0,0,0
1328,sub-03,8,T4-P4,181.2085,162.2726386210676,0,0,0,0
1329,sub-03,8,T4-P4,193.63175,167.91256183898258,0,0,0,0
1330,sub-03,8,F8-C4,200.04725,223.4470317896725,0,0,0,0
1331,sub-03,8,F8-C4,200.4845,173.38098037881548,1,0,0,0
1332,sub-03,8,F8-C4,208.62075,225.16129166783142,0,0,0,0
1333,sub-03,8,T6-P4,212.2275,234.09058297624148,0,0,0,0
1334,sub-03,8,F8-C4,215.9125,186.34362994197215,0,0,0,0
1335,sub-03,8,P4-O2,216.57925,231.5562858329108,0,0,0,0
1336,sub-03,8,T6-C4,217.30375,205.18806677056415,0,0,0,0
1337,sub-03,8,T4-F4,221.58075,243.77994982850998,0,0,0,0
1338,sub-03,8,T4-P4,222.82475,210.22942708683058,0,0,0,0
1339,sub-03,8,T4-C4,266.199,290.3094367053797,0,0,0,0
1340,sub-03,8,F8-C4,266.7245,269.4986167024554,0,0,0,0
1341,sub-03,8,T6-C4,267.1395,274.1479538011437,1,0,0,0
1342,sub-03,8,T4-P4,268.91825,288.9718782201186,0,0,0,0
1343,sub-03,8,T4-T6,271.06675,296.5772560235299,0,0,1,0
1344,sub-03,8,T4-P4,273.14525,257.56528518991087,0,0,0,0
1345,sub-03,8,F8-C4,274.94425,264.7089545601138,0,0,0,0
1346,sub-03,8,T6-P4,276.10875,285.0842115947382,0,0,0,0
1347,sub-03,8,T4-F4,281.8395,257.5469749468953,0,0,0,0
1348,sub-03,8,P4-O2,292.04375,281.5797079668148,0,0,1,0
1349,sub-03,8,P4-O2,292.431,275.7848716503198,1,0,0,0
1350,sub-03,8,F8-C4,296.6235,278.967287679831,0,0,0,0
1351,sub-03,9,P4-Cz,12.5855,5.455280460836125,0,0,0,0
1352,sub-03,9,C4-P4,13.5675,4.580273444293724,0,0,0,0
1353,sub-03,9,T6-C4,17.077,6.869556556496548,0,0,0,0
1354,sub-03,9,T4-C4,33.508,25.09378047443802,0,0,0,0
1355,sub-03,9,C4-Pz,36.2605,49.14889193957417,0,0,0,0
1356,sub-03,9,T6-P4,44.827,63.214533767188925,0,0,0,0
1357,sub-03,9,T6-C4,50.37075,72.04534212361732,0,0,0,0
1358,sub-03,9,F4-Fz,59.75575,54.915394410358005,0,0,0,0
1359,sub-03,9,P4-Cz,60.7635,83.60344529629282,0,0,0,0
1360,sub-03,9,T4-C4,61.2805,38.933797167170205,0,0,0,0
1361,sub-03,9,T6-P4,63.56475,51.62344204370872,0,0,0,0
1362,sub-03,9,P4-O2,69.83625,76.96436786330679,0,0,0,0
1363,sub-03,9,P4-Cz,71.16425,57.12317578074946,0,0,0,0
1364,sub-03,9,T6-P4,75.75275,95.9249893617018,0,0,0,0
1365,sub-03,9,T4-P4,86.644,67.53047556072245,0,0,0,0
1366,sub-03,9,T6-C4,113.1285,127.26428329656966,0,0,0,0
1367,sub-03,9,Pz-O2,117.12675,127.88770742636467,0,0,0,0
1368,sub-03,9,T3-F3,117.83875,106.60868697948929,0,0,0,0
1369,sub-03,9,Pz-O2,162.5965,166.79548785240257,0,0,0,0
1370,sub-03,9,T6-C4,170.75575,192.67760361008257,0,0,0,0
1371,sub-03,9,T6-C4,172.78925,167.37367377290713,0,0,0,0
1372,sub-03,9,F4-C4,187.362,211.07476005801212,0,0,0,0
1373,sub-03,9,Pz-O2,201.9905,218.1706391300774,1,0,0,1
1374,sub-03,9,T6-C4,203.08575,217.75991909676543,0,0,0,0
1375,sub-03,9,T6-C4,204.9915,186.00585813965432,0,0,0,0
1376,sub-03,9,T6-C4,207.9815,185.6933019780771,0,0,0,0
1377,sub-03,9,T3-P3,213.23675,222.8792047625223,0,0,0,0
1378,sub-03,9,T6-P4,218.122,237.7837356414919,0,0,0,0
1379,sub-03,9,T6-C4,218.76775,197.87343008596702,0,0,0,0
1380,sub-03,9,T6-P4,240.886,256.6900181379232,0,0,0,0
1381,sub-03,9,T6-P4,241.7315,265.07810687787855,0,0,0,0
1382,sub-03,9,T6-P4,242.35225,231.95197548685755,0,0,0,0
1383,sub-03,9,T4-P4,243.071,225.78778257471652,0,0,0,0
1384,sub-03,9,T4-P4,245.43425,235.94114598545903,0,0,0,0
1385,sub-03,9,F8-C4,253.254,249.80987918529544,0,0,0,0
1386,sub-03,9,T6-P4,261.74325,240.2829552611675,0,0,0,0
1387,sub-03,9,P4-Cz,263.03375,277.7650247415301,0,0,0,0
1388,sub-03,9,P4-Pz,280.44825,289.76845511526415,0,0,1,0
1389,sub-03,9,T4-F4,289.1605,265.3352844304455,0,0,0,0
1390,sub-03,9,T6-C4,290.13675,285.17390519737444,0,0,0,0
1391,sub-03,10,F8-C4,9.16575,35.28393650924165,0,0,0,0
1392,sub-03,10,T6-P4,10.451,2.017220957593725,0,0,0,0
1393,sub-03,10,P4-O2,12.9405,16.63191215027771,0,0,0,0
1394,sub-03,10,P4-O2,16.6755,25.449268721294704,0,0,1,0
1395,sub-03,10,T4-P4,19.302,34.658444940503124,0,0,0,0
1396,sub-03,10,F8-C4,19.88625,11.016972304064872,0,0,1,0
1397,sub-03,10,C4-Fz,20.49475,17.832232101040596,0,0,0,0
1398,sub-03,10,T6-C4,24.6955,52.71183510423364,0,0,0,0
1399,sub-03,10,T4-C4,29.12825,51.01857958246977,0,1,0,0
1400,sub-03,10,T6-P4,30.947,51.20921730529264,0,0,0,0
1401,sub-03,10,T4-P4,46.38825,75.38881439343109,0,0,0,0
1402,sub-03,10,T6-P4,52.923,66.87092597343022,0,0,0,0
1403,sub-03,10,P4-O2,53.445,77.92359750455682,0,0,0,0
1404,sub-03,10,T4-P4,56.365,58.394068400819855,0,0,0,0
1405,sub-03,10,F8-C4,60.1415,39.860962485104466,0,0,0,0
1406,sub-03,10,P3-O1,67.55975,89.64150259265227,0,0,0,0
1407,sub-03,10,T4-P4,68.099,57.820956222875424,0,0,0,0
1408,sub-03,10,T3-P3,86.03275,78.93275813609856,0,0,0,0
1409,sub-03,10,T6-P4,92.355,64.6145038969406,0,0,0,0
1410,sub-03,10,T4-P4,92.8725,119.95988822027336,0,0,0,0
1411,sub-03,10,T6-C4,101.49275,110.71269391826968,0,0,0,0
1412,sub-03,10,P4-Cz,108.5675,84.48127296521824,0,0,0,0
1413,sub-03,10,T6-P4,126.7635,142.9130152718498,0,0,0,0
1414,sub-03,10,F8-C4,128.094,140.986847267088,0,0,0,0
1415,sub-03,10,P4-O2,128.8625,152.84638049458263,0,0,0,0
1416,sub-03,10,T4-P4,129.30025,157.0263133298704,1,0,0,0
1417,sub-03,10,T4-P4,131.115,110.64416422046787,0,0,0,0
1418,sub-03,10,T4-C4,139.627,124.34345111048998,0,0,0,0
1419,sub-03,10,P4-O2,143.5575,158.28679907379004,0,1,1,0
1420,sub-03,10,T5-C3,143.97225,158.91962205508148,1,0,0,1
1421,sub-03,10,P4-O2,147.9125,155.80088023953363,0,0,0,0
1422,sub-03,10,P4-O2,151.2425,122.97017023750192,0,0,0,0
1423,sub-03,10,T3-P3,160.516,188.360121830551,0,0,0,0
1424,sub-03,10,T6-P4,167.2255,196.39648056068003,0,0,0,0
1425,sub-03,10,T4-P4,168.25425,150.7126372637763,0,0,0,0
1426,sub-03,10,T6-P4,171.022,186.79464209022436,0,0,0,0
1427,sub-03,10,P4-Pz,191.81025,183.7012322717514,0,0,0,0
1428,sub-03,10,T4-P4,209.75325,217.00409732717335,0,0,0,0
1429,sub-03,10,T4-P4,210.77025,232.06770501107675,0,0,0,0
1430,sub-03,10,F4-C4,214.626,230.99672697245722,0,0,1,0
1431,sub-03,10,P4-O2,218.66325,190.22505770139645,0,0,0,0
1432,sub-03,10,T4-C4,226.74025,240.06985142830698,0,0,0,0
1433,sub-03,10,T6-P4,232.4035,204.84373748821082,0,0,0,0
1434,sub-03,10,P4-Pz,238.1615,251.36396863828105,0,0,0,0
1435,sub-03,10,T4-P4,248.257,262.8873882924373,0,0,0,0
1436,sub-03,10,T4-C4,249.37875,266.2599733322361,0,0,0,0
1437,sub-03,10,F8-C4,250.732,241.11268758211784,0,0,0,0
1438,sub-03,10,F8-C4,253.261,247.03228301431935,0,0,1,0
1439,sub-03,10,T4-C4,256.08475,278.0056612399953,0,0,0,0
1440,sub-03,10,P4-Cz,268.097,259.8911358999643,0,0,0,0
1441,sub-03,10,F8-C4,269.51075,239.54234268659988,0,0,0,0
1442,sub-03,10,T6-P4,275.17525,265.8975879471064,0,0,0,0
1443,sub-03,10,C4-Fz,286.16775,267.1105432949463,0,0,0,0
1444,sub-03,11,T6-C4,1.89075,23.91271467059082,0,0,0,0
1445,sub-03,11,T4-P4,3.4885,10.55121346167913,0,0,0,0
1446,sub-03,11,T4-C4,21.11425,46.83169400067287,0,0,0,0
1447,sub-03,11,T4-P4,30.069,18.27780697019251,0,0,0,0
1448,sub-03,11,T6-P4,30.65975,54.04756949952099,0,0,0,0
1449,sub-03,11,T6-C4,31.95425,4.500874064318186,0,0,0,0
1450,sub-03,11,C4-Fz,34.96325,59.442332396511105,0,0,0,0
1451,sub-03,11,T6-C4,40.896,67.51572722135523,0,0,0,0
1452,sub-03,11,T6-P4,41.94925,12.829390296602284,0,0,0,0
1453,sub-03,11,T6-P4,43.5745,48.932078863717905,0,0,0,0
1454,sub-03,11,F7-T3,54.835,79.44152491543937,0,0,0,0
1455,sub-03,11,T6-P4,58.27925,69.76638689061545,0,0,0,0
1456,sub-03,11,T4-P4,60.30225,87.05510543339467,0,0,0,0
1457,sub-03,11,P4-O2,118.88275,144.76473206854325,0,1,0,0
1458,sub-03,11,C3-Cz,119.12775,127.16411520552629,1,0,1,1
1459,sub-03,11,T6-C4,123.6525,128.93688421415484,1,0,0,1
1460,sub-03,11,F7-C3,134.00975,160.42226178630227,0,0,0,0
1461,sub-03,11,F8-C4,138.297,154.85817276187043,0,0,0,0
1462,sub-03,11,F4-C4,234.15775,225.7775137793225,0,0,0,0
1463,sub-03,11,P4-O2,248.4325,268.83705731318275,0,0,1,0
1464,sub-03,11,T4-P4,269.64275,290.8638864218265,0,0,0,0
1465,sub-03,11,P4-O2,270.285,292.12664741678395,0,0,0,0
1466,sub-03,11,T4-P4,271.7625,261.04523124455056,0,0,0,0
1467,sub-03,11,T4-P4,272.25525,269.5364147833944,1,0,0,0
1468,sub-03,11,T6-P4,275.39225,281.36943201770333,0,0,0,0
1469,sub-03,11,P4-Cz,287.74575,282.2893640935876,0,0,0,0
1470,sub-03,12,F7-F3,87.8855,91.2376718215712,0,1,0,0
1471,sub-03,12,T4-P4,96.413,75.0741237147933,0,0,0,0
1472,sub-03,12,T6-P4,101.81625,95.9151427366684,0,0,0,0
1473,sub-03,12,T4-F4,104.20325,95.75484449074521,0,0,0,0
1474,sub-03,12,P4-O2,112.42825,89.40275028249738,0,0,0,0
1475,sub-03,12,T6-P4,127.1495,130.1400111082778,0,0,0,0
1476,sub-03,12,T4-P4,130.64525,103.28107604387367,0,0,0,0
1477,sub-03,12,P4-Cz,134.58825,144.01784251365672,0,0,0,0
1478,sub-03,12,T6-C4,135.31125,157.45821709092843,0,0,0,0
1479,sub-03,12,T6-P4,161.901,152.90075124270152,0,0,0,0
1480,sub-03,12,T6-C4,168.6365,187.11173157195086,0,0,0,0
1481,sub-03,12,T6-P4,192.09175,211.19391392304524,1,0,0,0
1482,sub-03,12,T4-P4,193.51975,186.63479021214303,0,0,0,0
1483,sub-03,12,T4-P4,194.37725,187.74123394551592,0,0,0,0
1484,sub-03,12,P4-O2,210.8425,188.24917835044826,0,0,0,0
1485,sub-03,12,P4-O2,230.00125,224.63740799460223,0,0,0,0
1486,sub-03,12,T6-C4,240.81,247.8049286703029,0,0,0,0
1487,sub-03,12,T4-C4,245.39025,250.70293499094194,0,1,0,0
1488,sub-03,12,T6-C4,247.84,231.60470321693543,0,0,0,0
1489,sub-03,12,P4-Cz,248.5175,228.44398972398284,0,0,0,0
1490,sub-03,12,T6-P4,254.55025,260.14999175300966,0,0,0,0
1491,sub-03,12,T6-P4,271.281,290.5342289268032,0,0,1,0
1492,sub-03,12,P4-Cz,282.85175,287.0837862222882,0,0,0,0
1493,sub-03,12,T4-T6,283.4485,278.8848578683072,0,0,0,0
1494,sub-03,12,P4-O2,292.065,265.223065931365,0,0,0,0
1495,sub-03,12,T6-C4,293.22575,269.7024817494792,0,1,0,0
1496,sub-03,12,T4-P4,293.68725,271.5949034911655,1,0,0,1
1497,sub-03,12,F4-Fz,294.73125,273.8563327839009,0,1,0,0
1498,sub-03,12,C4-P4,295.22825,291.4991086773546,1,0,0,1
1499,sub-03,12,F8-C4,297.15175,274.424219862545,0,0,0,0
1500,sub-03,12,T4-F4,297.7445,277.68220885611856,0,0,0,0
1501,sub-03,13,T4-P4,7.94025,22.907336106605506,0,0,0,0
1502,sub-03,13,T6-C4,18.54825,27.180276171824065,0,0,0,0
1503,sub-03,13,C4-Fz,19.66775,28.673577092239363,0,0,0,0
1504,sub-03,13,P4-O2,20.646,3.8416893192278465,0,0,0,0
1505,sub-03,13,P4-O2,24.3395,48.193625545011045,0,0,0,0
1506,sub-03,13,P4-Pz,44.6315,35.908976823609194,0,0,0,0
1507,sub-03,13,T6-C4,67.48175,82.75893950787489,0,0,0,0
1508,sub-03,13,T4-P4,69.875,66.46087777465618,0,0,0,0
1509,sub-03,13,T6-C4,71.613,83.51673759725537,0,0,0,0
1510,sub-03,13,T6-C4,109.46925,93.81561804829451,0,0,0,0
1511,sub-03,13,T6-C4,110.61025,92.91242814816462,0,0,0,0
1512,sub-03,13,T4-P4,160.5595,133.9638893395352,0,0,0,0
1513,sub-03,13,F4-C4,162.42975,152.39824339137994,0,0,0,0
1514,sub-03,13,T4-P4,163.3865,145.6724136806787,0,0,0,0
1515,sub-03,13,T6-C4,164.069,142.92515253307735,0,0,0,0
1516,sub-03,13,T4-P4,166.1985,159.0031047680225,0,0,0,0
1517,sub-03,13,T4-P4,166.806,155.87172442105603,0,0,0,0
1518,sub-03,13,T6-C4,167.56475,196.4001463969829,0,0,0,0
1519,sub-03,13,F8-C4,168.421,156.53658477925507,0,0,0,0
1520,sub-03,13,T4-P4,176.344,170.57962481116897,0,0,0,0
1521,sub-03,13,F8-C4,177.8935,191.3021185112796,0,0,0,0
1522,sub-03,13,T6-C4,180.42625,169.84729810100146,0,0,0,0
1523,sub-03,13,T4-P4,181.02775,164.98015655143018,0,0,0,0
1524,sub-03,13,F3-Cz,185.91325,212.07009527239603,0,0,0,0
1525,sub-03,13,T4-C4,197.722,187.7500343700547,0,0,0,0
1526,sub-03,13,T6-C4,198.6065,170.5234182884229,0,0,0,0
1527,sub-03,13,P4-O2,199.1935,213.34820553412507,0,0,0,0
1528,sub-03,13,T6-C4,199.80125,187.6852464345715,0,0,0,0
1529,sub-03,13,P4-O2,201.67125,219.11626604293033,0,0,0,0
1530,sub-03,13,T4-P4,206.824,191.12073160436458,0,0,0,0
1531,sub-03,13,T4-C4,227.19475,249.6146286355013,0,0,0,0
1532,sub-03,13,F8-C4,229.457,255.9889056314291,0,0,0,0
1533,sub-03,13,T4-P4,236.2735,245.5465940947338,1,0,0,1
1534,sub-03,13,T4-P4,236.91475,255.32715034655402,0,0,0,0
1535,sub-03,13,T4-P4,238.0355,220.33087902991005,0,0,0,0
1536,sub-03,13,T6-C4,241.5165,233.29129002761218,0,0,0,0
1537,sub-03,13,C4-Fz,243.114,240.72049673823759,0,0,0,0
1538,sub-03,13,T6-C4,243.6565,222.26773702460403,0,0,0,0
1539,sub-03,13,T6-C4,245.07675,256.91607422335414,0,0,0,0
1540,sub-03,13,T4-P4,270.11225,258.73500266365085,0,0,0,0
1541,sub-03,13,Fp2-Fz,271.49425,297.56864221864913,0,0,0,0
1542,sub-03,13,T4-P4,273.312,279.4949186981552,0,0,0,0
1543,sub-03,13,F4-C4,275.4215,254.04469338351004,0,0,0,0
1544,sub-03,13,T6-C4,280.64725,277.40877042814776,0,0,0,0
1545,sub-03,14,T6-P4,6.03325,25.047091672295743,0,0,0,0
1546,sub-03,14,T6-P4,9.0165,22.582231224088936,0,0,0,0
1547,sub-03,14,T6-P4,13.21575,26.836638458343835,0,0,0,0
1548,sub-03,14,P4-Cz,17.61925,14.626735820006449,0,0,0,0
1549,sub-03,14,P4-O2,25.61975,16.77362909223305,0,0,0,0
1550,sub-03,14,T6-P4,35.39125,27.299139311239866,0,0,0,0
1551,sub-03,14,T4-P4,36.69925,29.625485504525138,0,0,0,0
1552,sub-03,14,T4-P4,49.22775,60.361661927534804,0,0,0,0
1553,sub-03,14,T6-P4,51.087,29.580419200276154,0,0,0,0
1554,sub-03,14,T4-P4,51.52675,63.810915195616616,1,0,0,0
1555,sub-03,14,P4-Cz,51.99575,64.02048498635116,1,0,0,0
1556,sub-03,14,T6-C4,63.71575,38.87087907006763,0,0,0,0
1557,sub-03,14,T6-P4,73.7325,60.560498375326674,0,0,0,0
1558,sub-03,14,P4-Cz,74.62725,86.18566215308357,0,0,1,0
1559,sub-03,14,T6-P4,77.5445,81.83230287232408,0,0,0,0
1560,sub-03,14,T4-P4,84.4775,80.96778324448144,0,0,0,0
1561,sub-03,14,T4-C4,86.434,80.15357330005813,0,0,0,0
1562,sub-03,14,T6-P4,87.36375,61.3637791049439,0,0,0,0
1563,sub-03,14,T6-P4,88.788,114.46406773918952,0,0,0,0
1564,sub-03,14,T4-P4,102.2945,121.7609101199132,0,0,0,0
1565,sub-03,14,T6-C4,103.13725,97.66716109651553,0,0,0,0
1566,sub-03,14,F8-C4,105.89725,127.46827990198683,0,0,0,0
1567,sub-03,14,T6-P4,120.2085,136.74759323401364,0,0,0,0
1568,sub-03,14,T6-P4,123.7075,94.975267093576,0,0,0,0
1569,sub-03,14,T6-P4,138.349,146.87841820428218,0,0,0,0
1570,sub-03,14,T6-C4,138.76875,123.13362856031307,1,0,0,0
1571,sub-03,14,T6-P4,147.1515,145.04946810649048,0,0,0,0
1572,sub-03,14,T6-C4,148.99375,159.55905888956727,0,0,0,0
1573,sub-03,14,T6-C4,158.63575,168.23206315319433,0,0,0,0
1574,sub-03,14,T4-P4,162.35425,143.99124771513473,0,0,0,0
1575,sub-03,14,T4-P4,168.735,174.18021089194775,0,0,0,0
1576,sub-03,14,T6-P4,189.717,201.60734447145674,0,0,0,0
1577,sub-03,14,T6-P4,192.80525,163.1955686596217,0,0,0,0
1578,sub-03,14,T6-P4,194.611,203.05475167219865,0,0,0,0
1579,sub-03,14,T6-P4,198.6485,180.69603291244113,0,0,0,0
1580,sub-03,14,T6-P4,220.525,216.98610913202762,0,0,0,0
1581,sub-03,14,C4-Fz,226.21,200.1042508512789,0,0,0,0
1582,sub-03,14,T4-C4,228.30475,204.13270629914956,0,0,0,0
1583,sub-03,14,T6-P4,230.6055,252.8666101787655,0,0,0,0
1584,sub-03,14,P4-Cz,244.0565,220.47013290009906,0,0,0,0
1585,sub-03,14,T4-C4,244.60775,262.78253240437147,0,0,0,0
1586,sub-03,14,T4-P4,254.146,231.78191780460048,0,0,0,0
1587,sub-03,14,C3-Pz,257.47425,241.50682537294594,0,0,0,0
1588,sub-03,14,T4-P4,271.99,265.39341713884494,0,0,0,0
1589,sub-03,14,T6-P4,283.74225,297.7226985145415,0,0,0,0
1590,sub-03,14,T6-P4,289.27375,263.5600551639986,0,0,0,0
1591,sub-03,14,F8-C4,290.914,270.6371934212166,0,0,0,0
1592,sub-03,14,T6-C4,294.34675,268.26331946554274,0,0,0,0
1593,sub-03,15,Pz-O2,1.359,30.26894020189625,0,0,0,0
1594,sub-03,15,T6-C4,3.5675,29.335781069662126,0,0,0,0
1595,sub-03,15,T4-P4,20.14925,37.37760411670027,0,0,0,0
1596,sub-03,15,T6-P4,22.707,15.402487923900168,0,0,0,0
1597,sub-03,15,Pz-O2,35.02,28.725068096691,0,0,0,0
1598,sub-03,15,T6-C4,39.4145,54.18178821277044,0,0,0,0
1599,sub-03,15,T6-P4,40.81725,18.28449985353964,0,0,0,0
1600,sub-03,15,P4-O2,61.6055,42.997042384168296,0,0,0,0
1601,sub-03,15,P4-O2,63.00925,37.69873132586511,0,0,0,0
1602,sub-03,15,Fp1-F3,63.5105,52.47979117576409,0,1,0,0
1603,sub-03,15,T4-P4,81.19675,108.45147498439432,0,0,0,0
1604,sub-03,15,T6-C4,82.448,93.80445006390894,0,0,0,0
1605,sub-03,15,P4-Cz,85.12075,105.72350962784395,0,0,0,0
1606,sub-03,15,T4-P4,85.87875,68.33037418590473,0,0,0,0
1607,sub-03,15,T6-C4,87.131,75.79835651726447,0,0,0,0
1608,sub-03,15,P4-Cz,88.70825,114.94600055031259,0,0,0,0
1609,sub-03,15,P4-O2,91.20725,96.36149570058772,0,0,0,0
1610,sub-03,15,T6-P4,98.813,112.6503182206411,0,0,0,0
1611,sub-03,15,T6-C4,102.62375,93.99623322306613,0,0,0,0
1612,sub-03,15,P4-Cz,109.52025,123.1886688539244,0,0,0,0
1613,sub-03,15,T6-P4,113.6565,126.315008143947,0,0,0,0
1614,sub-03,15,T6-P4,129.9175,114.58808332973155,0,0,0,0
1615,sub-03,15,P4-O2,140.043,144.54456363040862,0,0,0,0
1616,sub-03,15,T6-P4,143.771,169.53832231409046,0,0,0,0
1617,sub-03,15,T6-C4,166.629,195.81309573285367,1,0,0,1
1618,sub-03,15,T6-C4,167.35625,163.2139350327529,0,0,0,0
1619,sub-03,15,T4-P4,175.36925,188.71256265807887,0,0,0,0
1620,sub-03,15,P3-Pz,195.60575,177.08028799940118,0,0,0,0
1621,sub-03,15,T4-P4,197.802,204.88242600325674,0,0,0,0
1622,sub-03,15,P4-Cz,199.021,187.22994577931956,0,0,0,0
1623,sub-03,15,T6-C4,227.818,239.30795165562407,0,0,0,0
1624,sub-03,15,P3-Cz,231.30375,217.48962155728984,0,0,0,0
1625,sub-03,15,F8-C4,235.143,252.90690983584525,0,0,0,0
1626,sub-03,15,F7-C3,237.59675,245.5641523859344,0,0,0,0
1627,sub-03,15,F3-Cz,239.86175,228.49228894956465,0,0,0,0
1628,sub-03,15,P4-Cz,244.3295,264.67006824869276,0,0,0,0
1629,sub-03,15,F3-Fz,247.175,277.01023664974275,0,0,0,0
1630,sub-03,15,T6-P4,255.02975,242.1712930251003,0,0,0,0
1631,sub-03,15,T4-P4,260.717,240.36558161163217,0,0,0,0
1632,sub-03,15,T6-C4,261.5275,282.2740921565346,0,0,0,0
1633,sub-03,15,T6-P4,273.33875,253.47200381264346,0,0,0,0
1634,sub-03,15,T3-T5,276.00325,273.85596654805545,0,0,0,0
1635,sub-03,15,C3-Pz,282.9295,254.45845382496876,0,0,0,0
1636,sub-03,15,F8-C4,285.75775,269.56045603692627,0,0,0,0
1637,sub-03,15,T6-P4,290.6635,270.2916524236433,0,0,0,0
1638,sub-03,15,F8-C4,292.12675,284.5277705182516,0,0,0,0
1639,sub-03,16,Cz-Pz,11.8455,21.209798104503598,0,1,0,0
1640,sub-03,16,T6-P4,16.23475,41.18773034777706,0,0,0,0
1641,sub-03,16,T4-P4,17.354,42.11599092540585,0,0,0,0
1642,sub-03,16,F8-C4,36.99375,60.873994049647756,0,0,0,0
1643,sub-03,16,T6-C4,67.973,60.198202383953586,0,0,0,0
1644,sub-03,16,T6-C4,73.5855,78.89626845088277,0,0,0,0
1645,sub-03,16,T6-P4,89.1425,103.09274559655522,0,0,0,0
1646,sub-03,16,T6-C4,90.95025,86.71253597835003,0,0,0,0
1647,sub-03,16,P4-O2,91.55875,106.511907328489,0,0,0,0
1648,sub-03,16,T6-C4,101.50625,120.70072057285265,0,0,0,0
1649,sub-03,16,T6-C4,101.98425,123.58917200248757,1,0,0,0
1650,sub-03,16,T6-C4,109.9245,116.99165579221108,0,0,0,0
1651,sub-03,16,T4-C4,111.4285,98.86795207284715,0,1,0,0
1652,sub-03,16,P4-O2,111.85675,140.8590512552277,1,0,0,1
1653,sub-03,16,P4-O2,123.4685,148.8892315617935,0,0,0,0
1654,sub-03,16,T4-P4,140.69425,113.26078170912747,0,0,0,0
1655,sub-03,16,T6-C4,144.1755,119.52794804640885,0,0,1,0
1656,sub-03,16,T6-C4,155.18925,167.30593043133845,0,0,0,0
1657,sub-03,16,T6-P4,161.3085,143.0867961516836,0,0,0,0
1658,sub-03,16,T6-C4,163.3835,177.26891568007412,0,0,0,0
1659,sub-03,16,T6-P4,169.8445,179.97723210806336,0,0,0,0
1660,sub-03,16,T6-P4,170.60575,184.17378262125794,0,0,0,0
1661,sub-03,16,T6-C4,171.96625,161.87401818530432,0,0,0,0
1662,sub-03,16,T6-C4,177.91475,184.18982197959906,0,0,0,0
1663,sub-03,16,T6-C4,180.7105,203.97122695885014,0,0,0,0
1664,sub-03,16,T6-P4,190.0865,164.01058772833656,0,0,0,0
1665,sub-03,16,T6-P4,194.456,175.04804492990485,0,0,0,0
1666,sub-03,16,F8-C4,256.1305,238.2464666433472,0,0,0,0
1667,sub-03,16,P4-O2,258.7565,237.96692160844972,0,0,0,0
1668,sub-03,16,C4-P4,273.101,262.7075261913982,0,0,0,0
1669,sub-03,16,T4-P4,283.92925,265.6549419969889,0,0,0,0
1670,sub-03,16,T6-C4,297.02875,293.0889941818742,0,0,0,0
1671,sub-03,16,T6-C4,299.24975,295.3375893532366,0,0,0,0
1672,sub-03,17,T6-C4,36.65,13.521899187499073,0,0,0,0
1673,sub-03,17,T4-C4,37.65725,39.98942879634317,0,0,0,0
1674,sub-03,17,T6-P4,66.208,78.76601686378282,0,0,0,0
1675,sub-03,17,P4-Cz,69.69475,53.50386148207728,0,0,0,0
1676,sub-03,17,T6-P4,73.86025,53.688270771826595,0,1,0,0
1677,sub-03,17,T3-P3,74.265,102.82591528682323,1,1,0,1
1678,sub-03,17,P4-O2,78.1875,85.23658449866305,0,0,0,0
1679,sub-03,17,T5-C3,83.181,95.69252328544394,0,0,1,0
1680,sub-03,17,T4-P4,92.18725,107.38379421542342,0,0,0,0
1681,sub-03,17,T6-P4,102.6205,131.31757738679312,0,0,0,0
1682,sub-03,17,T4-P4,114.24075,104.10237919770712,0,0,0,0
1683,sub-03,17,T6-P4,136.763,110.84104444485634,0,0,0,0
1684,sub-03,17,T4-P4,175.3555,195.952562743303,0,0,0,0
1685,sub-03,17,T6-P4,193.77675,176.30852286572906,0,1,0,0
1686,sub-03,17,T4-P4,197.91575,193.59199846548364,0,0,1,0
1687,sub-03,17,T6-C4,205.71925,219.79814447389916,0,0,0,0
1688,sub-03,17,P4-O2,217.5245,240.74664379805643,0,0,0,0
1689,sub-03,17,T6-P4,228.56225,220.9729873938717,0,0,0,0
1690,sub-03,17,T6-P4,239.42025,243.70325535290138,0,0,0,0
1691,sub-03,17,T4-P4,241.00175,257.9579614296153,0,0,0,0
1692,sub-03,17,T6-C4,244.86625,232.31579544717937,0,0,0,0
1693,sub-03,17,T6-P4,251.32775,267.48598583213413,0,0,0,0
1694,sub-03,17,T6-P4,289.25275,293.5625868425603,0,0,0,0
1695,sub-03,17,T6-C4,290.53875,280.08456940803865,0,0,0,0
1696,sub-03,17,T6-C4,293.93675,271.0447801625465,0,0,0,0
1697,sub-03,17,T6-C4,295.27775,266.9540194397691,0,0,0,0
1698,sub-03,17,P4-O2,296.6265,282.84866533932114,0,0,0,0
1699,sub-03,17,T3-T5,297.75275,282.7644387614962,0,0,0,0
1700,sub-03,18,T6-P4,6.57675,26.19047416618874,0,0,0,0
1701,sub-03,18,T6-P4,10.743,40.16408827837134,0,0,0,0
1702,sub-03,18,T6-P4,25.10725,15.306701619344128,0,0,0,0
1703,sub-03,18,P4-Cz,49.151,42.674722720422395,0,0,0,0
1704,sub-03,18,T6-P4,75.2545,68.2552624368063,0,0,0,0
1705,sub-03,18,T6-P4,77.4625,54.434060171724,0,0,0,0
1706,sub-03,18,T6-P4,78.75875,98.57962646127167,0,0,0,0
1707,sub-03,18,T6-P4,95.478,91.80869116817944,0,0,0,0
1708,sub-03,18,T6-P4,132.62,117.45261185983662,0,0,0,0
1709,sub-03,18,T6-P4,170.19475,146.6165049771251,0,0,0,0
1710,sub-03,18,Fp1-Fz,171.351,191.27910774417472,0,0,1,0
1711,sub-03,18,T4-P4,172.032,195.9555206034626,0,0,0,0
1712,sub-03,18,F8-C4,177.0315,199.95552282474353,0,0,0,0
1713,sub-03,18,T6-P4,183.5655,212.35815033683684,0,0,0,0
1714,sub-03,18,T6-P4,186.41775,206.5696457847118,0,0,0,0
1715,sub-03,18,Fp2-Fz,203.90975,190.91516261211424,0,0,0,0
1716,sub-03,18,T6-P4,216.692,189.15619120330442,0,0,0,0
1717,sub-03,18,T4-P4,217.84,245.5783284401481,0,0,0,0
1718,sub-03,18,T6-P4,218.7515,226.4662047333846,0,0,0,0
1719,sub-03,18,T6-C4,223.6085,200.47047537788563,0,0,0,0
1720,sub-03,18,T6-P4,240.3285,267.67150403193875,0,0,0,0
1721,sub-03,18,T4-C4,282.8325,293.618915663635,0,0,0,0
1722,sub-03,18,T4-P4,283.9085,262.76277600445195,0,0,0,0
1723,sub-03,18,T6-P4,285.81275,293.28552668438476,0,0,0,0
1724,sub-03,18,T6-C4,291.6365,285.1995776437205,0,0,0,0
1725,sub-04,1,Fp1-F7,8.24125,25.83991112356488,0,0,0,0
1726,sub-04,1,Fp1-Fp2,12.08625,27.438527748958112,0,0,0,0
1727,sub-04,1,F3-Cz,18.046,41.56990597462947,0,0,0,0
1728,sub-04,1,Fp1-F3,19.236,0.8889979052850485,0,0,0,0
1729,sub-04,1,Fp1-F7,29.981,46.542276382916185,0,0,0,0
1730,sub-04,1,Fp1-Fp2,32.1215,42.010105755566855,0,0,0,0
1731,sub-04,1,Fp2-F4,34.93875,57.34265086410698,0,0,0,0
1732,sub-04,1,Fp1-F3,36.9625,41.687618000629975,0,1,0,0
1733,sub-04,1,Fp1-F3,56.67375,36.01044852277579,0,0,0,0
1734,sub-04,1,Fp1-F7,60.696,84.73209859562431,0,0,0,0
1735,sub-04,1,Fp1-Fp2,61.0065,43.06211950382476,1,0,0,0
1736,sub-04,1,F7-F3,66.49325,50.03381076982796,0,0,0,0
1737,sub-04,1,Fp1-Fp2,73.48325,83.36549947101878,0,1,0,0
1738,sub-04,1,T5-C3,73.651,60.022671102530936,1,1,0,1
1739,sub-04,1,Fp1-F7,73.6795,101.85907505885149,2,0,0,1
1740,sub-04,1,Fp1-Fp2,88.935,93.71756472019977,0,0,0,0
1741,sub-04,1,Fp1-Fp2,89.82275,63.73433870281926,0,0,0,0
1742,sub-04,1,Fp2-F8,89.85025,65.50817322100266,1,0,0,0
1743,sub-04,1,Fp2-F4,96.562,86.2242084935317,0,0,0,0
1744,sub-04,1,Pz-O2,101.54825,88.86582081704503,0,1,1,0
1745,sub-04,1,Fp1-F7,101.5965,90.34228229229103,1,0,0,1
1746,sub-04,1,Fp1-Fp2,104.3,80.82355568261568,0,0,0,0
1747,sub-04,1,Fp1-F3,106.69625,129.28248537583278,0,0,0,0
1748,sub-04,1,T3-P3,110.031,138.1379474731169,1,1,0,0
1749,sub-04,1,T5-O1,110.1345,139.34816930307107,3,0,0,1
1750,sub-04,1,F3-Cz,117.2505,126.1453101238651,0,0,0,0
1751,sub-04,1,T4-F4,119.777,91.66858951606122,0,0,0,0
1752,sub-04,1,F4-Cz,130.165,127.09962708340566,0,0,0,0
1753,sub-04,1,Fp1-F7,132.472,150.36128595677965,0,0,0,0
1754,sub-04,1,Fp1-F3,137.676,155.50763348532845,0,0,0,0
1755,sub-04,1,C3-P3,138.2785,147.0292417423944,0,0,0,0
1756,sub-04,1,T5-P3,139.085,145.57706749101658,0,1,0,0
1757,sub-04,1,Fp1-F3,139.15,141.83167502634547,1,1,0,1
1758,sub-04,1,Fp1-F7,141.7445,153.89476735870505,0,0,0,0
1759,sub-04,1,Fp1-F3,152.9145,166.02093946165968,0,0,0,0
1760,sub-04,1,Fp1-F3,164.71525,171.75345216416574,0,0,0,0
1761,sub-04,1,Fp1-F3,172.2685,192.477654362589,0,0,0,0
1762,sub-04,1,Fp1-Fp2,175.22425,180.14376689811164,0,0,0,0
1763,sub-04,1,T3-P3,177.8195,156.56961062883755,0,0,0,0
1764,sub-04,1,F3-Cz,179.47325,151.7402517935068,0,0,0,0
1765,sub-04,1,Fp1-F3,181.0365,170.01065107180705,0,0,0,0
1766,sub-04,1,Fp1-F3,195.06125,203.68556348207036,0,0,0,0
1767,sub-04,1,Fp2-F4,196.00375,217.82046225962443,0,0,0,0
1768,sub-04,1,Fp1-F3,199.56725,189.79202366370097,0,0,0,0
1769,sub-04,1,F8-T4,203.042,208.37672798217412,0,0,0,0
1770,sub-04,1,Fp2-F8,212.4565,193.9311168386297,0,0,0,0
1771,sub-04,1,P3-Cz,214.693,224.25860203444014,0,1,0,0
1772,sub-04,1,P3-Pz,214.75275,218.80009143095353,2,0,0,1
1773,sub-04,1,C3-P3,216.7485,191.48577954728893,0,0,0,0
1774,sub-04,1,Fp1-Fp2,220.54075,214.47758375104675,0,0,1,0
1775,sub-04,1,Fp2-F8,221.229,211.34702083046702,0,0,1,0
1776,sub-04,1,P3-Pz,224.5055,242.36053537897473,0,0,0,0
1777,sub-04,1,Fp1-Fp2,231.041,217.8062934166631,0,0,0,0
1778,sub-04,1,Fp1-F3,235.261,206.34720269709652,0,0,0,0
1779,sub-04,1,Fp1-F3,235.808,216.29766160305508,0,0,1,0
1780,sub-04,1,F7-F3,240.05825,219.5497497228766,0,0,0,0
1781,sub-04,1,Fp1-F3,244.624,262.0946874798723,0,1,0,0
1782,sub-04,1,T3-P3,244.86075,236.05118134096156,1,0,0,1
1783,sub-04,1,Fp1-F3,247.491,231.723535205659,0,0,0,0
1784,sub-04,1,Fp1-F7,251.28075,265.252166989201,0,0,0,0
1785,sub-04,1,T5-P3,263.535,253.64584412256727,0,0,0,0
1786,sub-04,1,Fp1-F3,266.0235,288.42881141996673,0,0,0,0
1787,sub-04,1,T5-P3,269.84025,266.2213990861871,1,0,0,0
1788,sub-04,1,Pz-O1,270.5155,277.41297948446623,0,1,1,0
1789,sub-04,1,Fp1-F3,273.93325,286.6170835008406,1,0,1,1
1790,sub-04,1,F4-Cz,279.838,293.36274489839724,0,1,0,0
1791,sub-04,1,Fp1-F7,280.0775,274.5248413539547,1,0,1,1
1792,sub-04,1,Fp2-F4,280.89825,277.4274663137463,0,0,1,0
1793,sub-04,1,Fp1-F3,287.0085,275.3421710521124,1,0,1,1
1794,sub-04,1,F3-Cz,294.6625,266.60321607836323,0,0,0,0
1795,sub-04,1,C4-Cz,295.287,290.219940111175,0,1,0,0
1796,sub-04,2,F8-C4,2.539,15.846365748022746,0,0,0,0
1797,sub-04,2,Fp1-F3,9.37925,12.113228909083281,0,1,0,0
1798,sub-04,2,P4-Pz,9.44425,23.80557950910586,1,1,1,1
1799,sub-04,2,Fp1-Fp2,13.733,10.770561588062398,0,0,1,0
1800,sub-04,2,T5-C3,18.58125,43.75465605118962,0,0,0,0
1801,sub-04,2,P3-O1,19.10325,11.944451318281338,0,1,0,0
1802,sub-04,2,P3-O1,19.48125,36.92161346401184,3,0,0,1
1803,sub-04,2,C3-P3,19.62025,24.862269907596577,3,0,0,1
1804,sub-04,2,P3-O1,20.482,1.2702178169199634,0,0,0,0
1805,sub-04,2,T4-P4,20.991,16.623810628066366,1,0,1,1
1806,sub-04,2,P3-Pz,21.609,7.875780309306835,0,1,0,0
1807,sub-04,2,T5-P3,21.9165,26.882397170617406,3,0,0,1
1808,sub-04,2,Pz-O2,23.0335,31.341481223817752,1,1,1,1
1809,sub-04,2,Fp1-Fp2,24.42125,31.954942262823582,1,1,1,1
1810,sub-04,2,Fp1-Fp2,30.42325,53.061079486227115,0,0,0,0
1811,sub-04,2,T6-C4,31.53275,18.412111538571615,0,1,1,0
1812,sub-04,2,T5-P3,33.898,42.723294836751265,0,0,0,0
1813,sub-04,2,T4-T6,35.1915,22.393540470016198,1,0,1,1
1814,sub-04,2,Fp1-Fp2,36.4255,31.120577676572516,1,1,1,1
1815,sub-04,2,Pz-O1,36.52825,23.48937202475835,2,1,0,1
1816,sub-04,2,P4-Cz,38.922,45.0890356622327,0,0,0,0
1817,sub-04,2,F3-C3,39.7,46.96907412272527,0,0,0,0
1818,sub-04,2,Fp1-F3,41.31,16.25594957991953,0,0,0,0
1819,sub-04,2,T5-P3,49.658,62.89547361802805,0,0,0,0
1820,sub-04,2,Fp1-Fp2,56.427,42.32054337896672,0,0,0,0
1821,sub-04,2,Fp2-F8,61.17725,70.52240422311921,0,0,0,0
1822,sub-04,2,Fp1-F3,69.717,47.922228817495004,0,0,0,0
1823,sub-04,2,C3-P3,74.178,92.03935108263951,0,1,0,0
1824,sub-04,2,P3-O1,80.4635,86.03239260483872,0,0,0,0
1825,sub-04,2,Pz-O2,85.18325,64.60193017685953,0,0,0,0
1826,sub-04,2,Fp1-Fp2,89.40925,65.51383606222731,0,0,0,0
1827,sub-04,2,Fp1-F3,91.53675,81.92762263497413,0,0,0,0
1828,sub-04,2,Fp1-Fp2,97.5285,109.85609259400357,0,0,0,0
1829,sub-04,2,F7-F3,106.65275,90.36530831020681,0,0,0,0
1830,sub-04,2,F7-C3,108.819,97.29471014139874,0,0,1,0
1831,sub-04,2,Fp1-Fp2,116.46375,121.34149930347525,0,0,1,0
1832,sub-04,2,Fp2-F4,116.58575,97.87122296669483,1,0,0,0
1833,sub-04,2,C3-Pz,123.6895,119.5998684088082,0,1,0,0
1834,sub-04,2,F7-F3,130.493,148.51563122493633,0,0,0,0
1835,sub-04,2,Fp1-F3,135.866,108.59514736950358,0,0,1,0
1836,sub-04,2,P4-Cz,137.847,147.21126983458737,0,0,0,0
1837,sub-04,2,Fp1-Fp2,150.29625,140.84163167913576,0,0,0,0
1838,sub-04,2,T5-P3,155.29025,150.58561967743404,1,0,0,0
1839,sub-04,2,Fp1-F3,157.615,167.93034223995352,0,0,0,0
1840,sub-04,2,Fp1-F3,159.8645,150.05306270535993,0,0,0,0
1841,sub-04,2,C4-P4,175.5125,180.82879438795888,2,1,1,1
1842,sub-04,2,P4-O2,175.58325,186.8536518128954,3,1,1,1
1843,sub-04,2,T4-P4,176.86875,189.16281680018136,2,1,1,1
1844,sub-04,2,P3-O1,177.62925,163.47369233633108,1,1,0,0
1845,sub-04,2,Pz-O1,177.696,182.3980135215862,2,1,1,1
1846,sub-04,2,P3-Cz,177.8975,184.919123625312,3,0,1,1
1847,sub-04,2,P4-Cz,178.41375,182.87067472628524,2,1,0,1
1848,sub-04,2,P3-O1,180.34375,156.33065707722005,0,0,0,0
1849,sub-04,2,O1-O2,181.09825,193.4233074858732,1,0,1,1
1850,sub-04,2,Pz-O1,181.134,194.60515410126627,2,0,1,1
1851,sub-04,2,P4-Cz,181.76175,191.33040700840002,0,1,0,0
1852,sub-04,2,P3-O1,182.50475,195.09574782311617,2,0,0,0
1853,sub-04,2,P3-Pz,183.54775,163.2223517425722,1,0,0,1
1854,sub-04,2,T6-O2,184.635,189.73376086913075,2,1,0,1
1855,sub-04,2,Pz-O2,185.348,212.96996951223403,1,0,0,1
1856,sub-04,2,T5-C3,186.686,202.55950145236315,1,1,1,1
1857,sub-04,2,T5-P3,187.17175,179.63275828347355,2,1,0,0
1858,sub-04,2,T5-C3,189.507,192.5735062917083,2,0,0,1
1859,sub-04,2,Fp1-F3,192.34125,222.11759304644275,0,1,0,0
1860,sub-04,2,T5-O1,194.17,200.32857133549422,1,1,0,1
1861,sub-04,2,O1-O2,194.23675,203.038653310864,1,1,0,0
1862,sub-04,2,T5-C3,199.977,220.02516445322243,0,0,0,0
1863,sub-04,2,P4-Cz,202.98925,217.0527163088779,1,0,0,1
1864,sub-04,2,T3-T5,207.748,179.71458435734192,1,1,0,1
1865,sub-04,2,Fp1-Fp2,207.80775,179.59763637828817,2,0,0,1
1866,sub-04,2,T5-P3,208.734,226.63376925527066,0,0,0,0
1867,sub-04,2,T3-P3,211.84725,189.89633653996432,2,0,0,1
1868,sub-04,2,F3-C3,212.44925,235.8009083034398,0,0,0,0
1869,sub-04,2,Fp1-F3,212.606,187.80788672887567,1,0,0,0
1870,sub-04,2,F3-C3,216.99625,230.38893548476003,0,0,0,0
1871,sub-04,2,P4-Cz,219.4465,195.7219638881441,0,0,1,0
1872,sub-04,2,Fp1-F3,221.529,225.02073578084057,0,0,0,0
1873,sub-04,2,Fp1-F3,227.207,246.70942899115138,0,0,0,0
1874,sub-04,2,F7-C3,231.66075,234.33012469090593,0,0,0,0
1875,sub-04,2,P3-O1,240.14375,264.98029868364057,0,0,0,0
1876,sub-04,2,T4-P4,249.54475,222.68114394056218,0,0,0,0
1877,sub-04,2,Fp1-Fp2,250.25375,254.7591883374615,0,0,0,0
1878,sub-04,2,Fp1-F3,251.774,236.46664251945845,0,0,0,0
1879,sub-04,2,P4-O2,256.73625,238.68403017634975,0,1,0,0
1880,sub-04,2,T5-P3,257.49775,253.8574240356197,0,0,0,0
1881,sub-04,2,P3-O1,257.647,228.7423323188783,1,0,0,0
1882,sub-04,2,Fp1-F7,264.22375,242.94529041070442,0,0,0,0
1883,sub-04,2,Fp1-F3,266.642,287.4033028907677,0,0,0,0
1884,sub-04,2,Fz-Cz,270.18,266.50851584291763,0,0,1,0
1885,sub-04,2,Fp1-Fp2,273.2535,265.2162515467678,0,0,0,0
1886,sub-04,2,Fp1-F7,274.04775,293.35045328583686,0,0,0,0
1887,sub-04,2,Fp1-F7,277.8135,267.8094960792757,0,0,0,0
1888,sub-04,2,Fp1-F7,290.141,280.8289237906706,0,0,0,0
1889,sub-04,2,Pz-O1,292.33375,287.90993552172205,0,1,0,0
1890,sub-04,2,Fp1-Fp2,292.36,278.069305590417,1,0,0,1
1891,sub-04,2,F7-F3,294.5465,267.52758157333744,0,0,0,0
1892,sub-04,2,T6-P4,296.2825,281.3317661151086,0,1,0,0
1893,sub-04,2,F7-F3,296.488,275.1697418525295,1,0,0,1
1894,sub-04,3,F4-Cz,28.99375,4.092105445994832,0,0,0,0
1895,sub-04,3,P3-Cz,38.9,16.64948251833405,0,0,0,0
1896,sub-04,3,P3-Pz,54.2355,84.07647721227534,0,0,0,0
1897,sub-04,3,T5-C3,57.82575,67.35347146361863,0,0,0,0
1898,sub-04,3,T5-P3,59.19325,32.11626322008408,0,0,0,0
1899,sub-04,3,P3-Pz,59.53325,54.66753825723804,1,0,0,0
1900,sub-04,3,P3-O1,59.5635,72.58291510077316,2,0,0,0
1901,sub-04,3,C3-P3,59.59125,64.18594552371769,3,0,0,0
1902,sub-04,3,P3-Pz,62.042,66.59460336247832,1,0,0,0
1903,sub-04,3,T5-P3,64.06225,68.39541029321687,1,1,1,0
1904,sub-04,3,T5-P3,64.94725,91.57368048896592,0,0,0,0
1905,sub-04,3,P3-Pz,65.059,61.057880129584696,1,0,0,0
1906,sub-04,3,T5-P3,66.1275,61.79499626341318,1,0,0,0
1907,sub-04,3,T5-P3,67.46425,38.39542123081436,0,0,0,0
1908,sub-04,3,P4-Cz,68.76425,74.38967082517826,1,0,0,1
1909,sub-04,3,P3-Cz,68.90725,39.173090911000656,1,0,0,0
1910,sub-04,3,P3-O1,72.27875,59.226215720984534,1,0,0,0
1911,sub-04,3,P3-Pz,73.1185,100.35403199676749,0,1,0,0
1912,sub-04,3,Fp2-F4,73.45325,93.58511690995172,1,0,0,1
1913,sub-04,3,T5-P3,74.31025,77.06709066036136,0,0,0,0
1914,sub-04,3,P4-Pz,77.88575,68.13713493162166,0,1,1,0
1915,sub-04,3,P4-Pz,79.91975,106.08696739240423,0,0,1,0
1916,sub-04,3,P4-Cz,84.9375,87.00320471923342,0,0,0,0
1917,sub-04,3,P3-Cz,90.4725,70.61188808891242,1,0,0,0
1918,sub-04,3,C3-P3,93.30625,119.34743002019074,0,0,0,0
1919,sub-04,3,T5-P3,106.17525,116.99070468286742,0,0,0,0
1920,sub-04,3,T5-P3,115.1055,139.48184248332518,0,1,0,0
1921,sub-04,3,P4-Pz,115.577,111.90901510135991,1,0,1,1
1922,sub-04,3,P3-Cz,116.16575,143.88723180601917,0,0,0,0
1923,sub-04,3,P4-Pz,154.42,167.60833838376564,0,0,0,0
1924,sub-04,3,P3-O1,159.21625,166.7980096847433,1,0,0,1
1925,sub-04,3,P4-Pz,159.77025,161.7857666153213,1,1,1,1
1926,sub-04,3,Pz-O1,162.095,166.73062270027648,1,1,0,1
1927,sub-04,3,P4-Pz,166.434,194.3847796605758,0,0,0,0
1928,sub-04,3,T5-P3,168.45025,178.05312337522102,0,0,0,0
1929,sub-04,3,P3-Cz,203.111,230.27904126167783,0,0,0,0
1930,sub-04,3,T5-P3,214.91975,210.19023050762587,0,0,0,0
1931,sub-04,3,P3-O1,260.56,243.5797453735837,0,0,0,0
1932,sub-04,3,T5-P3,263.485,247.17814331303876,0,0,0,0
1933,sub-04,3,T6-P4,265.10075,294.82733212452973,0,0,0,0
1934,sub-04,3,T3-T5,269.2575,266.71571863551236,0,0,0,0
1935,sub-04,3,P3-O1,272.42075,279.6196865687675,0,0,0,0
1936,sub-04,3,P3-Pz,276.65725,299.1431071266686,1,0,0,0
1937,sub-04,3,P3-Cz,277.39525,255.0415268350156,0,0,0,0
1938,sub-04,3,C3-P3,277.49825,293.1131367682065,1,0,0,0
1939,sub-04,3,T5-P3,280.29275,253.30683368884286,0,0,0,0
1940,sub-04,3,P3-Cz,283.3815,291.6943073932863,1,0,0,0
1941,sub-04,3,P4-Cz,285.72025,271.96376703445463,0,1,1,0
1942,sub-04,3,T5-P3,286.451,298.8434157148719,1,0,0,0
1943,sub-04,3,P4-O2,288.37925,282.84197281406676,0,0,1,0
1944,sub-04,3,Fp2-F4,291.31125,283.48343538648413,2,0,0,1
1945,sub-04,3,T5-P3,297.2515,293.6671926975525,0,0,0,0
1946,sub-04,3,T5-P3,298.772,282.68865188104746,0,0,0,0
1947,sub-05,1,Fp1-Fz,8.6445,10.862734530305733,0,0,0,0
1948,sub-05,1,F3-Fz,11.99125,22.483361917152294,0,0,0,0
1949,sub-05,1,T3-F3,12.50725,23.42266771316634,0,0,0,0
1950,sub-05,1,F3-Cz,13.293,42.101574565960824,0,1,1,0
1951,sub-05,1,Fp1-F7,13.3335,9.004038656222734,1,0,0,1
1952,sub-05,1,Fp1-F7,14.38725,30.24920604111017,1,0,0,1
1953,sub-05,1,Fp1-F7,16.45425,5.980864779292524,0,1,0,0
1954,sub-05,1,Fp1-F3,16.48175,26.421836859657745,1,1,0,0
1955,sub-05,1,T4-F4,18.874,47.98265232540578,0,1,1,0
1956,sub-05,1,Fp1-Fz,30.88725,6.676413675994937,0,0,0,0
1957,sub-05,1,C3-P3,33.5565,56.157810519808734,0,0,0,0
1958,sub-05,1,C3-P3,36.67925,64.27436589399727,0,0,0,0
1959,sub-05,1,F7-C3,62.84475,59.97782733828026,0,0,0,0
1960,sub-05,1,F7-F3,68.4665,65.38341538211013,0,0,0,0
1961,sub-05,1,F3-Cz,68.84075,43.10763565476539,1,0,0,0
1962,sub-05,1,C3-Fz,74.5675,64.12237449025692,0,0,0,0
1963,sub-05,1,P3-Cz,84.84875,65.0268586490393,0,0,0,0
1964,sub-05,1,C3-P3,85.8885,91.80306278246697,0,0,0,0
1965,sub-05,1,Fp1-F7,88.49725,106.04917562536306,1,0,0,1
1966,sub-05,1,F8-C4,94.33775,66.23694061246161,0,0,0,0
1967,sub-05,1,F4-Cz,95.04375,108.02414349790381,0,0,0,0
1968,sub-05,1,F3-Fz,96.423,93.2828055987735,0,0,0,0
1969,sub-05,1,Fp2-Fz,99.7105,95.86212843544118,0,0,0,0
1970,sub-05,1,P3-Pz,102.40425,127.47835313585298,0,0,0,0
1971,sub-05,1,F3-Cz,106.9135,102.0925832124494,1,0,1,1
1972,sub-05,1,Fp1-Fz,114.67175,89.28175662376847,0,0,0,0
1973,sub-05,1,Fp1-F7,124.64425,128.36864557164924,0,0,0,0
1974,sub-05,1,Fp1-F7,126.15425,129.01967578655706,0,0,0,0
1975,sub-05,1,F3-Cz,131.70725,108.2511353568005,0,1,0,0
1976,sub-05,1,P3-Pz,132.09125,152.9029262916076,1,0,0,1
1977,sub-05,1,P3-O1,136.75625,112.91818048294242,0,0,0,0
1978,sub-05,1,Fp1-Fz,141.20625,168.34901332139654,0,0,0,0
1979,sub-05,1,T3-C3,142.92925,127.97012459885256,0,0,0,0
1980,sub-05,1,Fp1-F7,145.37725,157.47352323654425,0,0,0,0
1981,sub-05,1,F7-T3,150.3765,146.1518728335268,0,0,0,0
1982,sub-05,1,Cz-Pz,152.56125,128.67228694211343,0,0,0,0
1983,sub-05,1,C4-Fz,158.19275,135.2216886038784,0,0,0,0
1984,sub-05,1,T5-P3,171.2175,149.7849221124411,0,0,0,0
1985,sub-05,1,T4-F4,172.14,192.37447710290002,0,1,0,0
1986,sub-05,1,Fp1-F7,172.1875,150.8094577854548,1,0,0,1
1987,sub-05,1,F4-Fz,179.516,198.48177315414782,0,0,0,0
1988,sub-05,1,Fp1-F7,184.456,199.34110418327657,0,0,0,0
1989,sub-05,1,C3-P3,185.8915,163.82853227468297,0,0,0,0
1990,sub-05,1,Fp1-Fz,195.4805,182.92351325044555,0,1,0,0
1991,sub-05,1,Fp1-F3,200.8515,179.82184722300136,1,0,0,1
1992,sub-05,1,P3-Cz,201.88175,193.22389227884813,0,0,0,0
1993,sub-05,1,T5-O1,206.2125,184.0990741064774,0,1,1,0
1994,sub-05,1,C3-Pz,208.0965,201.1475203516754,1,1,0,1
1995,sub-05,1,T3-P3,208.59325,203.75947947242759,1,0,0,1
1996,sub-05,1,F7-F3,212.801,201.52012003600584,0,1,1,0
1997,sub-05,1,Fp1-Fz,212.8345,236.5999725133029,1,0,0,1
1998,sub-05,1,Fp1-F7,212.871,204.5822592302175,2,0,0,0
1999,sub-05,1,T3-F3,218.247,204.33877645905437,0,0,1,0
2000,sub-05,1,Fp1-Fz,219.576,222.16644458879588,0,0,0,0
2001,sub-05,1,F7-T3,222.89525,237.6630029574486,0,0,0,0
2002,sub-05,1,C3-Pz,225.597,252.851100689037,0,1,0,0
2003,sub-05,1,Fp1-F3,225.665,201.1474157891676,1,0,0,1
2004,sub-05,1,F7-C3,229.1725,220.66101845893616,0,0,0,0
2005,sub-05,1,F3-C3,236.31825,224.48731212970984,0,0,1,0
2006,sub-05,1,C3-P3,247.28,272.7011973349622,0,0,0,0
2007,sub-05,1,Fp1-F3,249.4345,234.63236676256744,0,0,0,0
2008,sub-05,1,P3-Cz,253.6145,226.31870198738915,0,0,0,0
2009,sub-05,1,Fp1-F7,255.97525,278.83110368246594,0,0,0,0
2010,sub-05,1,T5-C3,273.8325,259.9499299498697,0,0,0,0
2011,sub-05,1,Fp1-F7,274.518,266.68727504459645,0,1,0,0
2012,sub-05,1,Fp1-Fz,277.945,290.4071921628138,0,0,0,0
2013,sub-05,1,P3-O1,280.75925,295.47426227885074,0,1,1,0
2014,sub-05,1,C3-Pz,285.91975,261.4232001087454,0,0,0,0
2015,sub-05,1,C3-Cz,288.4695,258.90030570889144,0,0,0,0
2016,sub-05,1,C3-P3,292.55325,295.0108089623492,0,0,0,0
2017,sub-05,1,Fp1-F3,297.13,287.6705743514424,0,0,0,0
2018,sub-05,1,P4-Cz,298.2795,295.44165774142914,0,0,1,0
2019,sub-05,2,F7-T3,5.13475,26.41005997824591,0,0,1,0
2020,sub-05,2,C3-P3,6.08025,1.346432994894898,0,0,0,0
2021,sub-05,2,P3-Cz,12.36675,40.61418351552051,0,0,0,0
2022,sub-05,2,Cz-Pz,14.3125,32.55443061533106,0,0,0,0
2023,sub-05,2,F7-F3,25.0825,6.585147831193872,0,0,0,0
2024,sub-05,2,F3-Cz,26.44425,52.485894821002745,0,0,0,0
2025,sub-05,2,F3-C3,28.23325,35.71661193430885,0,0,0,0
2026,sub-05,2,T3-F3,30.5285,58.118037130617836,0,0,0,0
2027,sub-05,2,Fz-Cz,45.059,64.60113557225824,2,0,0,1
2028,sub-05,2,Cz-Pz,46.06225,54.429653552573974,0,0,0,0
2029,sub-05,2,T3-F3,48.48725,34.983339968206025,0,0,0,0
2030,sub-05,2,F3-C3,52.9145,55.09141090302849,0,1,0,0
2031,sub-05,2,Fp1-F7,53.3845,48.97820866172598,1,0,0,1
2032,sub-05,2,T3-F3,61.03825,52.74684701956318,0,0,0,0
2033,sub-05,2,Fp1-F7,64.3715,60.63367796646994,1,0,1,1
2034,sub-05,2,F7-C3,69.015,65.84448303381303,0,0,0,0
2035,sub-05,2,Fp1-F7,70.586,72.72691920673913,0,0,0,0
2036,sub-05,2,C3-P3,79.31975,65.2771811277195,0,0,0,0
2037,sub-05,2,F3-C3,79.764,100.97259622025715,1,0,0,0
2038,sub-05,2,C4-Fz,84.7975,67.31885289441826,0,0,0,0
2039,sub-05,2,Cz-Pz,88.04725,69.62665658064401,0,0,0,0
2040,sub-05,2,T3-P3,89.23825,113.97081098016689,0,0,0,0
2041,sub-05,2,Fp1-Fz,100.61675,107.85287953658582,0,0,0,0
2042,sub-05,2,T3-F3,104.00025,106.42819108715577,0,0,0,0
2043,sub-05,2,Fp1-F7,108.57975,127.02452457559251,0,0,0,0
2044,sub-05,2,T3-P3,114.9915,122.12741828679931,0,0,0,0
2045,sub-05,2,T3-P3,116.064,91.5210072479594,0,0,1,0
2046,sub-05,2,F7-F3,125.4655,148.10071584589826,0,0,0,0
2047,sub-05,2,F3-C3,125.98025,99.31022223474874,0,0,0,0
2048,sub-05,2,C3-Fz,126.00725,150.66459946213274,1,0,0,0
2049,sub-05,2,T3-C3,127.94125,100.93028851134358,1,0,0,1
2050,sub-05,2,C3-P3,144.306,137.01440167697783,0,0,0,0
2051,sub-05,2,C3-P3,146.86,172.16200577557782,0,1,0,0
2052,sub-05,2,Fp1-F7,146.9425,118.50049207542412,1,0,0,1
2053,sub-05,2,C3-Cz,149.26725,169.88533266248305,0,0,0,0
2054,sub-05,2,T5-C3,153.29075,133.32166372656943,0,1,0,0
2055,sub-05,2,Fp1-F3,161.287,132.3615432137098,0,0,0,0
2056,sub-05,2,Fp1-Fz,170.575,190.11954819630782,0,0,0,0
2057,sub-05,2,C3-Fz,183.4375,177.04612109517942,0,0,1,0
2058,sub-05,2,F7-C3,198.04525,217.9844168299552,0,0,0,0
2059,sub-05,2,C3-Pz,216.44725,244.68295580314785,0,0,0,0
2060,sub-05,2,Fp1-F3,224.79825,227.28037900841406,0,0,0,0
2061,sub-05,2,Fp1-F3,226.21525,234.7197341167972,0,0,0,0
2062,sub-05,2,Fp1-F3,226.7655,231.0865993170368,0,0,0,0
2063,sub-05,2,T3-P3,229.59975,213.52951012570463,0,0,0,0
2064,sub-05,2,Fp1-F7,231.736,235.06866731905163,0,0,0,0
2065,sub-05,2,F3-Cz,237.6105,248.75946213400667,0,0,0,0
2066,sub-05,2,T4-F4,241.7185,221.01837861634996,0,1,0,0
2067,sub-05,2,Pz-O1,242.11875,262.95078676410867,1,0,1,1
2068,sub-05,2,Cz-Pz,249.17025,236.8786454647957,0,0,0,0
2069,sub-05,2,T5-C3,263.05275,280.6180175687813,0,1,0,0
2070,sub-05,2,P3-Pz,272.0745,250.59638946553582,0,1,0,0
2071,sub-05,2,C3-Fz,273.70175,283.23406255163167,0,0,0,0
2072,sub-05,2,T3-F3,277.897,282.8018661499781,1,0,0,0
2073,sub-05,2,Fp1-Fz,278.9495,275.80874481227085,1,0,0,1
2074,sub-05,2,F8-C4,282.49375,265.46083748226425,0,0,0,0
2075,sub-05,2,Fp1-Fz,283.73475,277.25846228134395,0,0,1,0
2076,sub-05,2,T3-P3,290.76625,266.5513507939086,0,0,1,0
2077,sub-05,2,Fp1-Fz,292.74125,297.41901999251786,0,0,0,0
2078,sub-05,2,Fz-Cz,293.1745,282.86189821868135,1,0,0,0
2079,sub-05,2,T3-P3,296.481,287.2036023279428,0,0,0,0
2080,sub-05,3,T5-C3,2.447,16.398280634595974,0,0,0,0
2081,sub-05,3,T3-P3,6.277,33.02067412786366,0,1,0,0
2082,sub-05,3,Fp1-F7,6.3055,32.67379757795066,1,0,0,1
2083,sub-05,3,Fp1-F7,6.86325,22.17586694739857,0,0,0,0
2084,sub-05,3,C3-P3,13.3685,22.008491918255963,0,0,0,0
2085,sub-05,3,F3-Cz,14.93275,21.00346168875389,0,0,0,0
2086,sub-05,3,P3-Cz,15.4275,4.491614501098404,1,0,0,0
2087,sub-05,3,Fp2-Fz,16.99475,23.975860298904,0,0,0,0
2088,sub-05,3,C3-P3,26.48875,54.27513215459339,1,0,0,1
2089,sub-05,3,Fp1-F3,28.31425,58.13966654729674,0,0,0,0
2090,sub-05,3,F8-F4,30.7,40.492573639465085,0,0,0,0
2091,sub-05,3,Fp2-F8,31.87125,38.918174179418024,0,1,0,0
2092,sub-05,3,F7-T3,32.295,15.106368236233294,1,0,1,1
2093,sub-05,3,F4-Cz,33.7045,8.924036153238944,0,0,0,0
2094,sub-05,3,T3-C3,36.95025,11.398998325543847,0,0,0,0
2095,sub-05,3,F7-F3,42.62,24.45701839535294,0,0,0,0
2096,sub-05,3,F3-Cz,43.7385,20.54308182018932,0,1,0,0
2097,sub-05,3,F7-F3,45.6715,64.86250070463319,1,1,0,1
2098,sub-05,3,C3-Fz,45.703,32.352254934620206,2,0,0,1
2099,sub-05,3,F7-F3,53.94075,35.72709291049826,0,0,0,0
2100,sub-05,3,C3-Pz,67.73925,44.651268812544245,0,0,0,0
2101,sub-05,3,P3-Cz,68.696,58.58803623119671,0,0,0,0
2102,sub-05,3,T3-C3,82.298,56.376922735108735,0,0,0,0
2103,sub-05,3,Fp1-F3,89.069,79.35766488504781,0,0,0,0
2104,sub-05,3,Fp1-F3,90.79,84.96570905179868,0,0,0,0
2105,sub-05,3,Fp1-F7,90.82925,64.96301997624523,1,0,0,0
2106,sub-05,3,T3-T5,94.8345,76.21970596087866,0,0,1,0
2107,sub-05,3,Fp2-F8,101.564,91.73620049170972,0,1,0,0
2108,sub-05,3,C3-P3,101.903,95.2787338579592,1,0,0,1
2109,sub-05,3,T3-P3,104.34425,83.2771824510608,0,0,0,0
2110,sub-05,3,F4-Fz,120.99425,144.92011288040675,0,0,1,0
2111,sub-05,3,Pz-O1,125.4695,119.16709592547211,0,0,0,0
2112,sub-05,3,Fp1-Fz,126.69575,110.53916641390717,0,0,1,0
2113,sub-05,3,F8-F4,129.73725,148.67665598249013,0,0,1,0
2114,sub-05,3,Fp1-F7,131.98525,146.33468863873915,0,1,0,0
2115,sub-05,3,F8-F4,132.036,129.87086619409916,1,0,1,1
2116,sub-05,3,C3-Fz,137.53975,134.48494548246688,1,0,0,1
2117,sub-05,3,F4-Cz,148.75425,178.64286014018984,0,1,0,0
2118,sub-05,3,T3-C3,149.141,152.26170881498172,1,0,0,1
2119,sub-05,3,T3-P3,149.87125,176.89969913200702,0,0,0,0
2120,sub-05,3,F3-Fz,152.09825,166.90827214439716,0,0,0,0
2121,sub-05,3,T3-F3,162.75475,173.25437677228325,0,0,0,0
2122,sub-05,3,F3-Fz,170.7805,160.28535251466081,0,0,0,0
2123,sub-05,3,F8-F4,179.9615,174.29277612313575,0,0,0,0
2124,sub-05,3,F3-Cz,184.3985,169.7008820842461,0,0,0,0
2125,sub-05,3,F7-C3,192.57225,204.7091359843819,2,0,0,1
2126,sub-05,3,T6-P4,195.847,176.87042713358477,0,0,0,0
2127,sub-05,3,P3-Cz,204.23275,210.25306890607212,0,1,1,0
2128,sub-05,3,C3-Pz,211.1185,181.80119203519914,1,0,0,1
2129,sub-05,3,F8-F4,219.89775,190.33860146156314,0,0,0,0
2130,sub-05,3,Fp2-F8,221.54025,219.43354356233093,0,0,0,0
2131,sub-05,3,Fp1-F3,241.594,226.11278896438517,1,0,0,1
2132,sub-05,3,F7-T3,246.33925,260.9281237551606,0,0,0,0
2133,sub-05,3,F3-C3,248.83275,252.0245364870909,0,1,0,0
2134,sub-05,3,Pz-O1,251.521,239.83681254443738,0,0,0,0
2135,sub-05,3,P3-Cz,254.125,247.84682262746313,0,0,0,0
2136,sub-05,3,T3-P3,254.15725,234.0461061168921,1,0,0,0
2137,sub-05,3,Fp1-Fz,266.3885,263.21117117173856,0,0,0,0
2138,sub-05,3,F8-C4,275.2855,246.13815117647673,0,0,1,0
2139,sub-05,3,F7-C3,282.80875,289.4055254833106,0,0,0,0
2140,sub-05,3,Fp1-F7,286.7685,263.62640205223585,0,0,0,0
2141,sub-05,3,Fp1-F3,287.719,290.1711441180854,0,0,0,0
2142,sub-05,3,P3-Pz,288.7535,285.3460613209294,0,0,0,0
2143,sub-05,3,C3-P3,290.8715,265.155092061023,0,0,0,0
2144,sub-05,3,C3-P3,296.71225,284.79542377211544,0,0,0,0
2145,sub-06,1,F8-C4,1.6715,19.522495647871814,0,0,0,0
2146,sub-06,1,Fp2-F4,12.1025,33.349142990494855,0,1,0,0
2147,sub-06,1,Fp1-F7,22.78375,1.568040660707286,0,1,1,0
2148,sub-06,1,T4-F4,23.1455,1.9575814513498457,1,0,0,1
2149,sub-06,1,F4-C4,33.6505,21.183230266038322,0,0,0,0
2150,sub-06,1,T3-F3,35.572,31.794983370403582,0,0,0,0
2151,sub-06,1,F4-Fz,37.93775,11.981250886326151,0,1,1,0
2152,sub-06,1,Fp2-F4,43.878,35.5978475914546,1,1,0,0
2153,sub-06,1,F8-C4,43.95325,65.06385283121261,2,0,0,1
2154,sub-06,1,Fp2-Fz,51.28775,30.78314429700697,0,1,0,0
2155,sub-06,1,F3-Cz,51.36425,80.49079881368381,1,0,0,1
2156,sub-06,1,Fz-Cz,56.03325,73.97250146035154,0,1,0,0
2157,sub-06,1,F4-Cz,59.13525,79.02198573491339,0,0,0,0
2158,sub-06,1,P4-Cz,64.8265,37.21787706918729,0,1,0,0
2159,sub-06,1,T4-F4,79.486,76.75126904781672,0,0,0,0
2160,sub-06,1,T6-O2,80.20475,107.88446290815044,0,0,0,0
2161,sub-06,1,P4-Cz,106.42125,93.16998162487286,0,0,0,0
2162,sub-06,1,T6-C4,111.659,141.30877290177386,0,0,1,0
2163,sub-06,1,Fp2-F4,173.48,201.88866365899543,0,0,0,0
2164,sub-06,1,F4-Cz,180.0875,203.771255633027,0,0,0,0
2165,sub-06,1,Fp2-F8,185.12375,172.30604980998154,0,1,0,0
2166,sub-06,1,C3-Fz,189.26225,198.15243509498333,1,1,0,1
2167,sub-06,1,C4-Fz,194.2385,208.9659483050723,0,1,0,0
2168,sub-06,1,F3-Cz,197.922,214.6495206933836,0,0,0,0
2169,sub-06,1,Fp2-Fz,198.4255,223.0622558843629,0,0,0,0
2170,sub-06,1,Fp2-F8,205.398,185.7397776090898,0,0,0,0
2171,sub-06,1,Fp2-F4,205.43725,209.99480298148353,1,0,0,0
2172,sub-06,1,P4-Cz,220.50175,206.9366491293503,0,0,0,0
2173,sub-06,1,F4-Cz,227.2775,218.2318293556466,0,1,0,0
2174,sub-06,1,C4-Cz,239.746,220.722496704931,1,0,0,0
2175,sub-06,1,Fp2-F4,249.751,273.5459936921048,0,0,0,0
2176,sub-06,1,Fp2-F8,252.87975,271.42944691730395,1,0,0,1
2177,sub-06,1,F8-C4,260.28075,276.0576435725636,1,0,0,1
2178,sub-06,1,Fp1-F7,280.67175,256.613507166376,0,0,0,0
2179,sub-06,1,C3-Pz,286.527,289.28593736578637,0,1,0,0
2180,sub-06,1,C3-Fz,292.2025,296.0507013232738,1,0,0,1
2181,sub-06,1,Fp2-F8,295.743,267.27948013446843,0,0,0,0
2182,sub-06,2,F8-F4,14.18175,40.638930648930696,0,0,0,0
2183,sub-06,2,Fp2-F4,17.839,27.981631925536632,0,0,0,0
2184,sub-06,2,C4-Fz,36.57275,48.079466828512494,1,1,0,1
2185,sub-06,2,F7-T3,42.99675,52.195784164457784,0,0,0,0
2186,sub-06,2,P4-Cz,66.56725,73.80915055737862,0,0,0,0
2187,sub-06,2,P4-Cz,73.00825,63.86522862195758,0,0,0,0
2188,sub-06,2,Fp2-F8,108.30575,83.66842483192896,0,0,0,0
2189,sub-06,2,F4-Fz,112.6755,142.6750096763827,1,0,0,1
2190,sub-06,2,Fp2-F8,121.42875,116.84527680875168,0,0,0,0
2191,sub-06,2,F8-T4,131.89275,155.64983735661673,0,0,0,0
2192,sub-06,2,Fp2-F4,138.00025,147.223963936786,0,0,0,0
2193,sub-06,2,F4-Cz,142.27475,122.62146162336074,0,0,0,0
2194,sub-06,2,F8-F4,145.0125,138.3473758800235,1,0,0,0
2195,sub-06,2,T6-C4,151.8875,169.7141785144127,0,0,0,0
2196,sub-06,2,F8-T4,176.02625,148.4631014393629,0,0,0,0
2197,sub-06,2,Fp2-F8,177.7885,184.48988129469816,0,0,0,0
2198,sub-06,2,C4-Cz,208.75175,227.60356615766648,0,0,0,0
2199,sub-06,2,Fz-Cz,224.0655,212.62489867381186,0,0,0,0
2200,sub-06,2,F8-F4,227.04425,243.6715709861539,0,0,1,0
2201,sub-06,2,F8-C4,227.0715,209.15739535553894,1,0,0,0
2202,sub-06,2,P4-Cz,231.14425,236.30321282405524,0,1,0,0
2203,sub-06,2,C4-Fz,231.19675,244.43271550612414,1,0,0,1
2204,sub-06,2,Fp2-F8,233.77175,257.22225116148377,0,0,0,0
2205,sub-06,2,Fp2-F4,233.808,211.11058708926288,1,0,0,0
2206,sub-06,2,F8-F4,240.647,221.07254106099685,0,0,0,0
2207,sub-06,2,Fp2-F8,240.71975,224.19123260079172,1,0,0,0
2208,sub-06,2,F8-C4,240.76075,255.46108507910435,2,0,0,0
2209,sub-06,2,Fp2-F8,255.0385,278.781254922818,1,0,0,1
2210,sub-06,2,T4-P4,264.8345,260.27833140818115,0,0,0,0
2211,sub-06,2,T4-F4,273.673,245.49743816671025,0,0,0,0
2212,sub-06,2,F4-Fz,273.74,290.5945913052869,1,0,0,0
2213,sub-06,2,C4-Cz,278.33775,284.0094106726715,0,0,0,0
2214,sub-06,2,T6-P4,287.69,263.82857427860444,0,0,0,0
2215,sub-06,2,C4-P4,298.384,275.6251497540393,0,0,0,0
2216,sub-06,3,Cz-Pz,4.58975,14.51734533976599,0,0,0,0
2217,sub-06,3,C4-Pz,4.625,30.500816732652222,1,0,0,0
2218,sub-06,3,F4-C4,11.2925,27.205720883550132,0,1,0,0
2219,sub-06,3,F8-F4,11.35,26.78847180401702,2,0,0,0
2220,sub-06,3,F3-Cz,26.51925,50.04389020547927,1,0,0,1
2221,sub-06,3,Fz-Cz,30.472,51.89846152915352,0,0,0,0
2222,sub-06,3,F4-Fz,37.49275,61.16027825571422,0,0,0,0
2223,sub-06,3,C4-Pz,40.2425,63.40247302530908,1,0,1,1
2224,sub-06,3,Fp1-F3,47.11125,40.6330045454457,2,0,0,1
2225,sub-06,3,F7-F3,47.62425,67.63339418183621,0,1,1,0
2226,sub-06,3,T5-C3,47.8555,64.31630819905521,2,1,0,1
2227,sub-06,3,Fp1-F7,49.4815,63.49793536544644,1,0,0,1
2228,sub-06,3,F7-T3,49.68275,68.90818593724063,1,0,0,0
2229,sub-06,3,Pz-O2,52.5515,43.89565464367776,0,1,0,0
2230,sub-06,3,T5-O1,52.82275,64.69504728697956,1,0,0,1
2231,sub-06,3,T5-C3,62.4565,48.208879918103364,1,1,1,1
2232,sub-06,3,F4-C4,62.85525,37.710427591228594,1,1,0,1
2233,sub-06,3,T6-P4,62.9265,47.02971794431569,2,0,1,1
2234,sub-06,3,T5-O1,64.14125,61.36153881871114,0,0,0,0
2235,sub-06,3,T5-O1,64.22775,55.15728576797932,1,0,0,0
2236,sub-06,3,T3-T5,65.4745,73.23094443645255,0,1,0,0
2237,sub-06,3,O1-O2,68.0905,95.77833854388403,0,0,0,0
2238,sub-06,3,T6-O2,68.19875,49.397687488671814,1,0,1,0
2239,sub-06,3,Fp2-F8,69.581,67.43318741324069,0,0,0,0
2240,sub-06,3,T4-C4,79.679,85.51621909569714,0,0,0,0
2241,sub-06,3,T3-P3,81.0675,90.1565104868469,0,0,0,0
2242,sub-06,3,F4-Cz,83.90775,81.79986258455307,0,0,0,0
2243,sub-06,3,C4-P4,84.977,70.73871350152571,0,0,0,0
2244,sub-06,3,Fp2-Fz,88.19225,71.53259156378306,0,0,0,0
2245,sub-06,3,C3-Fz,97.139,72.34435059378589,0,0,0,0
2246,sub-06,3,C3-Fz,102.94775,92.19563783894782,0,0,0,0
2247,sub-06,3,C3-Fz,150.59675,133.397626409129,0,1,0,0
2248,sub-06,3,Fz-Cz,150.64825,167.2504203155517,1,1,0,0
2249,sub-06,3,Fp2-F8,178.4085,151.85091233926832,0,0,0,0
2250,sub-06,3,P4-Cz,186.259,157.99461939321822,0,0,0,0
2251,sub-06,3,F4-C4,193.48075,187.1188108819666,0,0,0,0
2252,sub-06,3,F4-Cz,193.51175,186.45566154705315,1,0,0,0
2253,sub-06,3,Fp2-F8,222.362,235.39902510777793,0,0,0,0
2254,sub-06,3,F8-F4,222.4,201.3451156602869,1,0,0,0
2255,sub-06,3,F4-Cz,232.82425,247.32012468921207,0,0,0,0
2256,sub-06,3,F8-F4,258.4205,250.10796062640821,0,0,0,0
2257,sub-06,3,F8-C4,263.99125,290.5073588891102,1,0,0,1
2258,sub-06,3,C4-Pz,264.01875,276.38923704043884,2,0,0,1
2259,sub-06,3,C4-P4,265.59,276.3613562820685,2,0,0,1
2260,sub-06,3,F8-C4,276.139,261.53256692049274,0,0,0,0
2261,sub-06,3,C4-Cz,276.19425,258.6522342822431,1,0,0,0
2262,sub-06,3,C4-Cz,290.428,275.27477831041216,0,0,0,0
2263,sub-06,3,Fp2-F4,292.62125,289.80466521936756,0,0,0,0
2264,sub-06,3,C4-Fz,294.81425,272.2474076136369,0,0,0,0
2265,sub-06,3,C4-P4,294.856,292.7122197550063,1,0,0,0
2266,sub-06,3,Fp2-F8,297.2615,271.5437004696586,0,0,0,0
2267,sub-06,4,C4-Pz,1.13825,30.217026838497663,1,1,0,1
2268,sub-06,4,F8-F4,22.214,16.66353669431687,0,0,0,0
2269,sub-06,4,Fp2-F4,26.83775,33.389525574134595,0,0,0,0
2270,sub-06,4,T4-F4,29.62775,24.76112258647932,0,1,0,0
2271,sub-06,4,Fp2-F8,29.7325,1.6129370561009466,2,0,0,1
2272,sub-06,4,Cz-Pz,60.88025,43.394439120558516,1,0,0,1
2273,sub-06,4,Fp2-F8,66.24225,72.12256072719698,0,1,0,0
2274,sub-06,4,Fp2-Fz,87.45775,99.2678452913114,1,0,0,1
2275,sub-06,4,F8-C4,91.0585,107.65745614772092,1,1,0,1
2276,sub-06,4,P4-Cz,91.09025,66.7346097609778,2,0,0,1
2277,sub-06,4,F8-F4,91.88275,78.54274401487393,0,0,0,0
2278,sub-06,4,Cz-Pz,94.45425,73.06920243032505,0,0,1,0
2279,sub-06,4,F4-Cz,107.2565,117.69971500294385,0,0,0,0
2280,sub-06,4,Fp2-F4,113.6965,117.56552932566609,0,0,0,0
2281,sub-06,4,P4-Cz,116.24525,99.50354745547494,1,0,0,1
2282,sub-06,4,T4-C4,121.31125,91.91695471296029,1,0,0,1
2283,sub-06,4,T6-C4,121.339,91.53863808664647,2,0,1,1
2284,sub-06,4,F8-C4,123.92975,138.20446550897617,0,0,0,0
2285,sub-06,4,F4-Fz,133.6885,138.77916953063033,0,0,0,0
2286,sub-06,4,P4-Cz,150.8895,172.577937347965,2,0,0,1
2287,sub-06,4,T4-F4,153.896,128.6568727409332,0,0,0,0
2288,sub-06,4,T4-F4,159.81025,177.3840863943749,0,0,0,0
2289,sub-06,4,P4-Cz,163.67925,190.06371999441077,2,0,0,1
2290,sub-06,4,Fp2-F8,167.113,173.54302771891926,0,0,0,0
2291,sub-06,4,F8-F4,172.4855,157.0399003113698,1,0,0,1
2292,sub-06,4,Fp2-F8,186.85325,190.6804700315697,0,0,0,0
2293,sub-06,4,Fp1-Fp2,189.581,218.27661263649563,0,1,0,0
2294,sub-06,4,F8-C4,201.3915,186.12366968986163,0,1,0,0
2295,sub-06,4,T3-F3,204.95425,196.7942109862147,0,0,0,0
2296,sub-06,4,T3-F3,210.70675,219.34476466978174,0,0,0,0
2297,sub-06,4,Fp2-F4,216.407,242.93572340935566,0,0,0,0
2298,sub-06,4,F4-Fz,216.47675,196.27424349590297,1,0,0,0
2299,sub-06,4,C4-Fz,224.501,238.89905932089596,0,0,0,0
2300,sub-06,4,Fp2-F8,236.16975,217.72322166564078,0,0,0,0
2301,sub-06,4,Fp2-F4,255.78025,234.9650303272167,0,0,0,0
2302,sub-06,4,F8-F4,257.96425,267.08841327196865,0,0,0,0
2303,sub-06,4,Fp2-F8,259.762,263.30380521046675,0,0,0,0
2304,sub-06,4,C4-Fz,261.37825,271.00262373557075,0,1,0,0
2305,sub-06,4,F8-T4,261.48475,279.03310454727443,2,0,0,1
2306,sub-06,4,Fp2-F4,266.37825,275.0282133830289,0,0,1,0
2307,sub-06,4,Fp1-Fz,269.7505,285.86245976970304,0,1,0,0
2308,sub-06,4,Fp2-Fz,281.652,259.6824956375031,0,0,0,0
2309,sub-06,4,T6-C4,287.2445,295.09342248305865,0,0,0,0
2310,sub-06,4,Fp2-F8,295.643,285.0600269748343,0,0,0,0
2311,sub-06,5,P4-Cz,15.03725,7.814837770448845,0,0,0,0
2312,sub-06,5,Fp2-F8,17.3475,24.840821390716144,0,0,0,0
2313,sub-06,5,F8-C4,21.1775,10.286259952902885,0,0,0,0
2314,sub-06,5,P4-Pz,28.3685,8.267113503973302,0,0,1,0
2315,sub-06,5,T6-O2,33.676,27.79350398842681,0,0,0,0
2316,sub-06,5,Fp2-F8,35.2065,52.5156379545842,0,0,0,0
2317,sub-06,5,P4-Cz,39.075,47.27681548175826,0,0,0,0
2318,sub-06,5,F8-F4,46.1745,63.711111783086075,0,0,0,0
2319,sub-06,5,F4-Fz,50.824,43.58156341243193,0,1,0,0
2320,sub-06,5,Fp2-F8,51.0055,55.53066268875128,1,0,0,1
2321,sub-06,5,T6-C4,55.25325,45.307219598413496,0,0,0,0
2322,sub-06,5,Fp2-Fz,61.899,34.69413445571382,0,0,0,0
2323,sub-06,5,F4-C4,68.62475,46.04375434558907,0,0,0,0
2324,sub-06,5,F8-C4,68.679,77.73319484716353,1,0,0,0
2325,sub-06,5,F4-C4,70.3765,79.51374750316337,0,1,0,0
2326,sub-06,5,T4-P4,70.4565,55.687301763452076,1,0,0,1
2327,sub-06,5,T4-C4,74.42,92.82772700583838,0,0,0,0
2328,sub-06,5,Pz-O2,75.5375,104.26353484043678,0,0,0,0
2329,sub-06,5,Fp2-Fz,77.2395,59.07080033654061,1,0,0,1
2330,sub-06,5,F8-F4,85.46225,59.64953995612483,0,0,0,0
2331,sub-06,5,F4-Cz,88.6115,116.4774895178947,0,0,0,0
2332,sub-06,5,Fp2-F4,96.3365,99.67495311377715,0,0,1,0
2333,sub-06,5,T6-O2,100.0635,129.4256053363734,0,0,1,0
2334,sub-06,5,T4-F4,110.801,117.16737882724726,0,0,0,0
2335,sub-06,5,F4-Fz,119.2755,138.65691783451734,0,0,0,0
2336,sub-06,5,Fp2-F8,124.1035,97.09282792791497,0,0,0,0
2337,sub-06,5,Fp2-F8,126.11225,114.75946717401736,0,0,0,0
2338,sub-06,5,P4-Cz,129.4785,105.13646527237145,0,0,0,0
2339,sub-06,5,T4-F4,145.7295,126.79108270631566,0,0,0,0
2340,sub-06,5,Fp2-F8,157.683,179.45905587946382,1,0,0,1
2341,sub-06,5,C4-Fz,159.92375,168.75565457194443,1,0,0,1
2342,sub-06,5,F4-Cz,170.9835,165.47348856706515,0,0,0,0
2343,sub-06,5,F4-Cz,173.15725,147.41414313349827,0,0,0,0
2344,sub-06,5,F4-Cz,196.738,202.36543016254487,0,0,0,0
2345,sub-06,5,Cz-Pz,211.75,189.4308291797072,0,0,0,0
2346,sub-06,5,Fp2-F8,214.28425,191.26397280857086,1,0,0,1
2347,sub-06,5,F4-C4,223.69825,194.4671091990969,0,0,0,0
2348,sub-06,5,F4-Cz,238.0945,240.68535830733472,0,0,0,0
2349,sub-06,5,T4-F4,246.9535,225.0135506346002,0,0,0,0
2350,sub-06,5,P4-Cz,247.50175,236.25968815440842,0,0,0,0
2351,sub-06,5,C4-P4,247.91425,224.38815111938464,1,0,0,0
2352,sub-06,5,F8-C4,259.80975,240.1252226265041,0,0,0,0
2353,sub-06,5,C4-P4,259.8465,288.35545211693,1,0,0,0
2354,sub-06,5,T6-C4,268.531,258.4054805845487,0,0,0,0
2355,sub-06,5,Fp2-F4,269.5625,289.7451206132052,0,1,0,0
2356,sub-06,5,T6-O2,269.719,275.83066912936647,1,0,0,1
2357,sub-06,5,Fp2-Fz,271.155,277.0380114004892,0,0,0,0
2358,sub-06,5,Fp2-F4,271.22075,275.72363395985695,1,0,0,0
2359,sub-06,5,F4-Cz,275.521,282.1306479295501,0,0,0,0
2360,sub-06,5,Fp2-Fz,281.38525,264.4458721758598,0,0,1,0
2361,sub-06,6,F8-F4,9.231,34.213468736987664,0,0,0,0
2362,sub-06,6,F4-Cz,24.27575,48.87682092693473,0,0,0,0
2363,sub-06,6,C4-Fz,28.59925,25.651558819493218,1,0,0,1
2364,sub-06,6,T6-C4,34.92225,30.33588865740672,0,0,0,0
2365,sub-06,6,Fp2-F4,40.8285,52.73760701468109,1,0,0,1
2366,sub-06,6,Fp2-F8,40.87325,28.83482559314079,2,0,0,1
2367,sub-06,6,P4-Cz,41.82925,30.95519303733124,0,0,0,0
2368,sub-06,6,F8-T4,45.4545,63.1667750545035,0,0,0,0
2369,sub-06,6,F8-F4,68.08075,52.59854525552339,1,0,0,0
2370,sub-06,6,Fp2-F4,74.8265,53.15337507904842,0,0,0,0
2371,sub-06,6,C4-Cz,76.7455,103.5525369116562,0,0,1,0
2372,sub-06,6,C4-Pz,77.78475,88.77028429584179,0,0,0,0
2373,sub-06,6,C4-P4,87.871,108.39558053674995,0,0,1,0
2374,sub-06,6,F8-F4,91.53475,115.19811604540266,0,0,0,0
2375,sub-06,6,F4-Cz,101.29125,95.82531985649483,0,0,0,0
2376,sub-06,6,Fp2-F8,103.6635,115.08300448570321,0,0,0,0
2377,sub-06,6,Fp2-F8,108.60325,91.90248028204931,1,0,0,1
2378,sub-06,6,Fp2-Fz,113.926,87.12833770381496,0,1,0,0
2379,sub-06,6,Cz-Pz,113.9915,117.24189560905063,1,0,0,1
2380,sub-06,6,Fp2-F4,116.7515,120.80573610282948,0,0,0,0
2381,sub-06,6,Fp2-F4,121.65675,127.03647394053436,1,0,0,0
2382,sub-06,6,Fp2-Fz,126.72425,131.5949514902458,0,0,0,0
2383,sub-06,6,T4-T6,146.01125,127.19236363234,1,0,0,1
2384,sub-06,6,T4-F4,149.10525,123.58445077049146,0,0,0,0
2385,sub-06,6,C4-P4,150.619,147.31373354955005,0,1,0,0
2386,sub-06,6,F4-Cz,150.6975,145.9081857856647,1,0,1,1
2387,sub-06,6,F8-F4,159.71975,146.4999641426544,1,0,0,0
2388,sub-06,6,F8-C4,161.834,170.3855467343069,0,0,0,0
2389,sub-06,6,Fp2-F4,166.14625,147.1259094179461,0,0,0,0
2390,sub-06,6,T6-P4,182.43925,188.0553225019789,0,0,0,0
2391,sub-06,6,F8-T4,194.667,216.93727194849106,1,0,0,1
2392,sub-06,6,Fp2-F4,199.2715,169.86768104725002,0,0,0,0
2393,sub-06,6,Pz-O1,201.59375,196.69698016282672,0,1,0,0
2394,sub-06,6,Fp2-F4,203.3385,225.8046102165165,0,0,0,0
2395,sub-06,6,F8-F4,215.46025,240.0739199165309,0,0,0,0
2396,sub-06,6,F8-C4,215.52075,243.10547158613807,1,0,0,0
2397,sub-06,6,C4-Fz,223.809,197.27475681326968,0,0,0,0
2398,sub-06,6,Fp2-F8,233.89975,208.5141305356928,0,0,0,0
2399,sub-06,6,Fp1-Fp2,245.43825,267.88199190908784,0,0,0,0
2400,sub-06,6,Fp2-F8,249.50525,266.9729862319743,0,0,1,0
2401,sub-06,6,Fp1-F7,261.04975,274.74497977459345,0,0,0,0
2402,sub-06,6,Fp2-F8,262.16725,251.07313342205902,0,0,0,0
2403,sub-06,6,F4-Cz,267.025,289.73546536890785,0,0,0,0
2404,sub-06,6,Fp2-F8,271.52875,259.6394883714362,0,0,0,0
2405,sub-06,6,F4-Cz,273.20275,279.3251317097477,0,0,0,0
2406,sub-06,6,T4-T6,288.57025,276.2144694444599,0,0,0,0
2407,sub-06,6,Fp2-F8,294.4975,283.26483516806337,0,0,0,0
2408,sub-06,6,F4-Cz,299.36975,287.1117344285751,0,0,0,0
2409,sub-07,1,Pz-O2,22.62825,12.611429195346822,0,0,0,0
2410,sub-07,1,C4-P4,23.4935,1.7555320095921338,0,0,0,0
2411,sub-07,1,C4-Pz,24.2595,29.565971433171157,0,0,0,0
2412,sub-07,1,F8-C4,26.14075,23.938685894025696,1,0,0,1
2413,sub-07,1,F8-F4,26.16675,46.49772195774041,2,1,0,1
2414,sub-07,1,P3-O1,43.177,67.17137290397933,0,0,0,0
2415,sub-07,1,P3-Cz,59.69525,75.7385581625278,0,1,0,0
2416,sub-07,1,T3-F3,60.10825,30.732028859432415,1,1,0,1
2417,sub-07,1,P4-Cz,60.17925,46.30288323782053,2,0,0,1
2418,sub-07,1,C3-Cz,64.819,85.11328713818327,0,0,0,0
2419,sub-07,1,F4-Cz,78.5005,56.17209821786072,0,0,0,0
2420,sub-07,1,C4-P4,92.58875,90.19712034266331,0,1,0,0
2421,sub-07,1,P3-Cz,112.756,105.5356058136214,0,0,0,0
2422,sub-07,1,P3-Pz,115.387,128.53280239646398,0,0,0,0
2423,sub-07,1,F4-Cz,120.32,128.74042730179227,0,0,0,0
2424,sub-07,1,F8-F4,120.53925,113.07741680984415,1,0,0,0
2425,sub-07,1,C4-Fz,121.245,110.5371311002937,0,0,0,0
2426,sub-07,1,T6-C4,130.152,141.74599385254743,0,1,0,0
2427,sub-07,1,Pz-O1,149.4695,153.7216382854208,0,0,0,0
2428,sub-07,1,P4-Cz,158.28025,147.08119644884295,0,0,0,0
2429,sub-07,1,C3-P3,164.47125,160.3871602538827,0,0,0,0
2430,sub-07,1,T6-C4,170.6055,179.33908717300812,0,0,0,0
2431,sub-07,1,F4-Cz,176.69225,168.110303218628,0,0,0,0
2432,sub-07,1,F4-C4,183.3605,154.63125845258543,0,0,0,0
2433,sub-07,1,T5-P3,185.01775,212.77191881349535,0,1,0,0
2434,sub-07,1,T5-C3,185.1575,182.69589088122095,1,1,0,0
2435,sub-07,1,C4-Pz,185.46225,209.15415461071143,2,0,0,1
2436,sub-07,1,T5-P3,187.705,215.23888072334577,0,0,0,0
2437,sub-07,1,F8-C4,209.0075,238.1228128603273,0,0,1,0
2438,sub-07,1,F8-F4,209.045,238.29021361540475,1,0,1,0
2439,sub-07,1,T5-C3,219.42425,191.7789940151066,0,1,0,0
2440,sub-07,1,T6-C4,219.6495,233.3780911574596,1,0,1,1
2441,sub-07,1,C4-Fz,221.9235,248.10076510997118,0,0,0,0
2442,sub-07,1,T4-F4,222.5205,231.62509652200754,0,0,1,0
2443,sub-07,1,Pz-O2,227.531,206.54887486044387,0,0,0,0
2444,sub-07,1,T4-C4,231.66225,254.37030050544575,0,1,1,0
2445,sub-07,1,P3-Cz,232.51375,222.94086854906024,1,1,0,1
2446,sub-07,1,Pz-O1,232.6545,236.12612060276265,2,0,1,1
2447,sub-07,1,T4-F4,233.23575,216.68591513826473,0,0,0,0
2448,sub-07,1,Fp2-F4,233.7675,209.94411288923317,0,0,0,0
2449,sub-07,1,T4-F4,235.76925,221.64368694425445,0,1,1,0
2450,sub-07,1,C4-P4,235.84175,265.41049255081595,1,1,0,1
2451,sub-07,1,F7-C3,236.33775,243.2032768674484,1,0,0,1
2452,sub-07,1,Fp1-F3,238.5805,232.4596810449626,1,1,1,1
2453,sub-07,1,F7-T3,242.97875,263.9232084989106,0,0,1,0
2454,sub-07,1,F8-F4,243.9675,256.2062503598501,0,1,0,0
2455,sub-07,1,Fp1-F3,244.36975,232.22365870762985,2,0,1,1
2456,sub-07,1,Fp1-Fz,249.369,245.7324745529672,0,1,0,0
2457,sub-07,1,F4-Cz,249.49725,227.69813905379854,1,0,0,1
2458,sub-07,1,Fp2-F4,257.7575,251.4286269115298,0,1,0,0
2459,sub-07,1,F7-C3,258.226,236.1305567261333,2,0,0,1
2460,sub-07,1,T6-O2,259.47875,266.84158749694905,0,0,0,0
2461,sub-07,1,Pz-O1,260.45625,269.5295175199718,0,0,0,0
2462,sub-07,1,Cz-Pz,261.2915,276.49867608019946,0,1,1,0
2463,sub-07,1,F8-F4,261.372,278.80328139559356,1,0,0,1
2464,sub-07,1,Fp2-F8,263.30375,255.50708328810924,0,0,0,0
2465,sub-07,1,T6-C4,264.05675,283.61639611375034,0,0,0,0
2466,sub-07,1,Fp2-F8,265.3355,276.27981081509853,0,0,0,0
2467,sub-07,1,Pz-O1,272.66325,277.4466165166727,0,1,1,0
2468,sub-07,1,Pz-O1,274.8375,285.83252980624894,1,0,0,1
2469,sub-07,1,Fp1-Fz,276.817,274.40544204735704,0,0,1,0
2470,sub-07,1,T3-P3,277.74175,298.1060354007634,0,0,0,0
2471,sub-07,1,F8-T4,278.9395,259.81695522588103,1,0,0,1
2472,sub-07,1,Pz-O1,280.2145,276.2911329781135,0,1,0,0
2473,sub-07,1,C4-P4,282.881,266.5623257435373,0,0,0,0
2474,sub-07,1,T4-F4,285.5905,270.44560723614336,0,0,1,0
2475,sub-07,1,T6-O2,287.17125,269.84433808779386,0,0,0,0
2476,sub-07,1,F7-F3,289.94625,279.5794185190511,0,0,0,0
2477,sub-07,1,T6-C4,290.758,269.517387167894,0,1,0,0
2478,sub-07,1,Fp2-F8,292.02575,277.9206036723342,1,0,0,1
2479,sub-07,1,C3-Pz,292.762,284.6820805592605,0,0,0,0
2480,sub-07,1,Pz-O1,294.691,281.4185611850898,0,0,0,0
2481,sub-07,1,T3-P3,297.26375,281.42818626873566,0,0,0,0
2482,sub-07,2,Pz-O1,0.825,23.438909019300763,0,0,0,0
2483,sub-07,2,P4-Cz,2.58475,24.096558075869893,0,0,0,0
2484,sub-07,2,T4-T6,4.2495,16.851108748086315,0,0,0,0
2485,sub-07,2,C3-Pz,6.13125,9.414528558861198,0,0,1,0
2486,sub-07,2,F8-F4,9.7275,18.753180467232866,0,0,1,0
2487,sub-07,2,T4-T6,13.67175,26.695045387305704,1,0,1,1
2488,sub-07,2,Pz-O2,14.51125,36.46389589276174,0,0,0,0
2489,sub-07,2,C4-P4,19.1765,46.420543058627175,0,1,0,0
2490,sub-07,2,C3-P3,19.224,47.404750484641,1,1,0,1
2491,sub-07,2,T4-T6,19.27975,13.771490489045268,2,0,0,1
2492,sub-07,2,P4-Pz,20.90125,15.780506427042534,0,0,0,0
2493,sub-07,2,Pz-O2,21.531,42.742730163353244,0,1,0,0
2494,sub-07,2,T3-T5,22.43075,25.077357990219294,0,0,1,0
2495,sub-07,2,T4-T6,25.4885,6.198697235122001,1,1,0,1
2496,sub-07,2,F7-T3,25.6505,21.905763994857146,2,0,0,1
2497,sub-07,2,F8-C4,28.268,41.183247097380416,0,1,0,0
2498,sub-07,2,F4-Cz,28.39475,45.59900710099028,2,0,0,1
2499,sub-07,2,P3-Pz,29.85375,17.033981470518075,0,0,0,0
2500,sub-07,2,F4-C4,35.37125,61.65382240415864,0,0,0,0
2501,sub-07,2,T4-T6,43.90575,40.6505421619139,0,0,0,0
2502,sub-07,2,T5-O1,44.58375,65.45065244896698,0,0,0,0
2503,sub-07,2,T5-O1,45.2755,31.7527905115934,0,1,0,0
2504,sub-07,2,P4-Cz,48.718,41.67202615881009,0,1,0,0
2505,sub-07,2,F7-T3,49.24775,45.40024150410893,2,1,0,1
2506,sub-07,2,C3-P3,49.642,28.45028453763899,3,0,0,1
2507,sub-07,2,C3-Fz,51.01275,64.14178816897302,0,0,0,0
2508,sub-07,2,P3-Pz,52.71525,66.13911316545669,0,0,1,0
2509,sub-07,2,T4-T6,53.61275,59.95798613061559,0,0,0,0
2510,sub-07,2,P4-O2,57.5695,79.11636398646127,0,1,0,0
2511,sub-07,2,P3-O1,57.6395,69.42000432441519,1,0,1,1
2512,sub-07,2,T5-O1,58.22775,32.30848228186858,0,0,0,0
2513,sub-07,2,Fp2-F8,59.12925,77.44912118655628,0,0,0,0
2514,sub-07,2,P4-Pz,60.4645,40.54768409478404,0,0,0,0
2515,sub-07,2,T3-T5,61.0265,41.44933945589962,0,0,0,0
2516,sub-07,2,T6-P4,62.19725,67.05904019276801,0,0,1,0
2517,sub-07,2,T4-P4,63.4645,47.41761667257316,1,0,0,1
2518,sub-07,2,Cz-Pz,64.69625,50.40102981660836,0,0,0,0
2519,sub-07,2,P3-O1,68.90025,57.38034189469551,0,1,1,0
2520,sub-07,2,T3-T5,68.951,75.06945857306417,1,0,1,1
2521,sub-07,2,T6-C4,71.6995,87.52126147680406,1,0,0,1
2522,sub-07,2,T4-P4,72.4185,52.2266029784296,0,0,1,0
2523,sub-07,2,Fp2-Fz,73.8455,46.68789664768579,0,0,1,0
2524,sub-07,2,C3-P3,75.3635,87.86770011793783,1,0,1,1
2525,sub-07,2,F8-F4,76.5965,48.39803365875568,0,0,1,0
2526,sub-07,2,Pz-O1,86.3905,83.38613155256054,0,0,0,0
2527,sub-07,2,T6-C4,87.62275,66.39982642604495,1,1,0,1
2528,sub-07,2,T5-O1,88.0245,70.28751444261249,1,0,1,1
2529,sub-07,2,Pz-O1,89.64725,81.38206825207837,0,0,0,0
2530,sub-07,2,F8-T4,90.28,116.5833582538557,0,0,0,0
2531,sub-07,2,F8-T4,93.6815,64.19607914243232,0,0,0,0
2532,sub-07,2,Fp1-Fp2,99.1445,128.1986305127477,0,0,1,0
2533,sub-07,2,T4-F4,100.914,120.99099293611144,0,1,0,0
2534,sub-07,2,T3-F3,101.26225,72.18304423466776,1,0,1,1
2535,sub-07,2,Pz-O1,105.32175,80.8674738994517,0,0,0,0
2536,sub-07,2,P3-O1,105.39375,121.7260142625046,1,0,0,0
2537,sub-07,2,T6-C4,106.26425,121.46905540626639,0,1,1,0
2538,sub-07,2,T4-T6,108.03375,92.37349485632605,0,0,0,0
2539,sub-07,2,F8-T4,110.6535,93.86685230709176,1,0,0,1
2540,sub-07,2,F8-T4,119.85125,108.58529477942031,0,0,0,0
2541,sub-07,2,F8-T4,123.66525,95.67097041114441,0,0,0,0
2542,sub-07,2,F8-F4,124.8205,141.45890838493818,0,0,0,0
2543,sub-07,2,F7-F3,128.53925,100.48415294105288,0,1,1,0
2544,sub-07,2,Fp2-F4,129.41525,125.38214116150289,0,0,1,0
2545,sub-07,2,T3-F3,133.149,118.77011621084726,0,0,0,0
2546,sub-07,2,Pz-O1,135.08175,120.4518265687507,0,0,0,0
2547,sub-07,2,C3-Pz,138.965,136.1558886080441,1,0,1,1
2548,sub-07,2,F8-C4,140.14875,130.55906585359563,0,0,0,0
2549,sub-07,2,T5-C3,142.04775,147.1937973692795,0,1,0,0
2550,sub-07,2,C3-P3,142.38175,133.45621551283546,1,1,0,0
2551,sub-07,2,T4-T6,142.4195,139.04010757672953,2,0,0,1
2552,sub-07,2,F3-Cz,152.3235,180.50342938702659,0,0,0,0
2553,sub-07,2,T5-O1,153.21025,124.91557285609795,1,0,0,1
2554,sub-07,2,T3-P3,154.85975,149.55042115512754,0,1,0,0
2555,sub-07,2,Fp1-F7,155.05025,133.33881843035363,1,0,1,1
2556,sub-07,2,T4-T6,155.599,157.96674518038643,0,0,0,0
2557,sub-07,2,Pz-O2,158.6275,179.1295015186248,0,0,1,0
2558,sub-07,2,T4-T6,161.5915,168.08136676424346,0,0,1,0
2559,sub-07,2,P3-O1,164.8625,151.44560024589626,0,0,0,0
2560,sub-07,2,Pz-O1,165.81825,182.4939000775838,0,1,0,0
2561,sub-07,2,F8-F4,167.45625,159.70080147997044,0,0,0,0
2562,sub-07,2,Pz-O1,168.4545,192.87810917295198,0,0,0,0
2563,sub-07,2,C3-P3,170.7105,192.14375700380097,0,0,0,0
2564,sub-07,2,T5-P3,179.432,190.4312932645709,0,0,0,0
2565,sub-07,2,F8-T4,183.3605,177.32397207559163,0,0,0,0
2566,sub-07,2,T4-T6,188.15575,167.68554999512082,1,0,0,1
2567,sub-07,2,Fp2-F8,191.32775,180.52604914114573,0,0,0,0
2568,sub-07,2,T5-O1,193.46725,222.58392456758037,0,0,0,0
2569,sub-07,2,C3-Pz,194.003,223.2749453160602,0,0,1,0
2570,sub-07,2,Pz-O1,196.52225,206.6421697763093,0,1,0,0
2571,sub-07,2,Pz-O1,201.7695,205.03932061245135,0,0,0,0
2572,sub-07,2,T5-O1,206.6935,217.0205954975408,0,0,1,0
2573,sub-07,2,T3-T5,207.53225,187.18692851537688,0,0,0,0
2574,sub-07,2,T4-T6,209.25375,230.2010577472988,1,0,0,1
2575,sub-07,2,P3-O1,210.95175,193.18792603339392,0,0,0,0
2576,sub-07,2,Fp1-Fp2,211.683,183.95928601255397,0,0,1,0
2577,sub-07,2,P4-O2,213.41475,203.68815623542883,0,0,1,0
2578,sub-07,2,F7-T3,217.5195,246.82266257652776,0,0,0,0
2579,sub-07,2,T3-T5,217.92875,228.6046691426257,1,1,1,0
2580,sub-07,2,F8-T4,218.26075,227.52438773985497,1,1,0,1
2581,sub-07,2,T3-T5,218.52325,223.86482273976992,1,0,0,1
2582,sub-07,2,Pz-O2,219.8695,243.9272949269323,0,0,0,0
2583,sub-07,2,F8-F4,223.60575,230.65755587770656,0,0,0,0
2584,sub-07,2,F8-C4,224.39775,220.70170503649413,0,0,1,0
2585,sub-07,2,T5-O1,225.00925,234.42723908144598,0,0,0,0
2586,sub-07,2,Pz-O1,225.85075,232.99525210368398,0,0,0,0
2587,sub-07,2,Fp1-Fp2,228.90775,237.0716034906332,0,0,0,0
2588,sub-07,2,F4-Cz,229.5465,257.0927014567353,0,1,0,0
2589,sub-07,2,F8-T4,229.59875,238.74262124093204,1,1,0,1
2590,sub-07,2,C3-Pz,229.707,236.57421696916714,2,0,0,1
2591,sub-07,2,F8-T4,238.46275,265.4059508757907,0,0,1,0
2592,sub-07,2,F4-Cz,247.71275,260.4761615693218,0,0,0,0
2593,sub-07,2,C3-Pz,251.35375,273.0502133984093,0,0,1,0
2594,sub-07,2,Fp1-Fp2,253.7445,232.7420265528151,0,1,0,0
2595,sub-07,2,T3-P3,253.92725,268.55752195327585,1,1,0,1
2596,sub-07,2,F8-C4,254.17825,265.9980341056141,2,0,0,1
2597,sub-07,2,T5-O1,254.9045,252.1140826838847,0,0,0,0
2598,sub-07,2,F7-T3,255.66275,245.09727806141,0,0,0,0
2599,sub-07,2,T3-T5,256.1405,269.39357524992516,1,0,1,0
2600,sub-07,2,T5-O1,262.65125,256.6528592596102,0,0,0,0
2601,sub-07,2,T5-O1,264.31975,237.56500045072025,0,0,0,0
2602,sub-07,2,Pz-O2,265.73625,243.99975607459191,0,1,0,0
2603,sub-07,2,F8-C4,265.81225,285.0830427457917,1,0,0,1
2604,sub-07,2,T5-O1,268.269,279.59298369367133,0,0,0,0
2605,sub-07,2,F8-T4,269.8345,249.00684872509672,0,1,0,0
2606,sub-07,2,C4-Pz,270.078,255.1063839777304,1,0,0,1
2607,sub-07,2,Fz-Cz,270.78425,249.4676425877754,0,0,0,0
2608,sub-07,2,T5-O1,271.60675,298.8654682196552,0,0,1,0
2609,sub-07,2,T4-F4,272.46825,287.62529594640705,1,0,0,1
2610,sub-07,2,T4-T6,273.20325,278.6352786736173,0,0,0,0
2611,sub-07,2,T3-T5,274.0025,258.7844742321571,0,0,0,0
2612,sub-07,2,Pz-O1,283.1085,266.55012489574136,0,1,0,0
2613,sub-07,2,Fp1-F7,283.413,268.52619790680035,1,0,0,1
2614,sub-07,2,C3-Pz,284.32475,256.9618639610397,0,0,0,0
2615,sub-07,2,T5-O1,287.24725,266.27677008536034,1,0,0,1
2616,sub-07,2,F8-T4,290.87225,261.2257682170279,0,0,0,0
2617,sub-07,2,T4-T6,292.59875,278.69114834733267,0,0,0,0
2618,sub-07,2,C3-Pz,295.25125,288.58462484563745,0,0,0,0
2619,sub-07,2,T5-C3,295.29075,277.82515971320913,1,0,0,0
2620,sub-07,2,C4-Fz,299.0835,290.371545330456,0,0,0,0
2621,sub-07,3,T5-P3,9.16325,3.5168920403535378,0,0,0,0
2622,sub-07,3,F8-C4,11.7515,36.747321109067045,0,0,1,0
2623,sub-07,3,Fp1-Fp2,13.47325,3.422626263860824,0,1,0,0
2624,sub-07,3,T6-P4,13.794,36.996719003114,2,0,1,1
2625,sub-07,3,C4-P4,14.372,24.47510683077192,1,0,0,1
2626,sub-07,3,P3-O1,15.35575,23.144278430159552,0,0,0,0
2627,sub-07,3,T3-P3,18.1545,34.58864667546745,0,0,0,0
2628,sub-07,3,Fp1-F3,27.461,38.57344804590782,0,1,0,0
2629,sub-07,3,T5-C3,27.488,15.436665307560316,1,0,0,1
2630,sub-07,3,T6-C4,30.884,25.416089788041518,0,0,1,0
2631,sub-07,3,C4-P4,32.272,60.77849132822665,0,0,0,0
2632,sub-07,3,T3-F3,37.03925,13.684127451550658,2,0,1,1
2633,sub-07,3,C4-Pz,37.7925,35.34848663102537,0,0,1,0
2634,sub-07,3,C4-Pz,41.8435,68.88512086608961,1,0,0,1
2635,sub-07,3,T6-C4,42.752,65.57889589728788,0,0,0,0
2636,sub-07,3,Fp1-F7,44.40875,37.563062369598455,0,1,1,0
2637,sub-07,3,T4-T6,44.45375,18.4361315462352,1,0,0,1
2638,sub-07,3,Fp1-F3,48.30325,77.40494972718507,0,0,1,0
2639,sub-07,3,C4-Pz,49.254,67.97401669289331,0,0,0,0
2640,sub-07,3,C4-Pz,50.81775,40.43920692417406,0,0,0,0
2641,sub-07,3,T4-T6,69.68,48.76644315868533,1,0,1,1
2642,sub-07,3,Pz-O2,74.85725,45.718864650145136,0,0,0,0
2643,sub-07,3,Pz-O1,75.322,50.87537359023675,1,1,0,0
2644,sub-07,3,C3-Pz,80.3095,88.16940030988677,0,1,1,0
2645,sub-07,3,P4-Cz,80.35425,56.41744851541891,1,0,0,1
2646,sub-07,3,T5-O1,81.21275,101.14739078143884,0,1,0,0
2647,sub-07,3,P3-Pz,81.24675,76.06321079528443,1,1,0,1
2648,sub-07,3,Pz-O1,82.70575,80.19080504571292,0,0,1,0
2649,sub-07,3,Pz-O1,83.47875,101.35926542072802,0,0,0,0
2650,sub-07,3,T5-P3,86.08925,90.36095519891259,0,1,0,0
2651,sub-07,3,C4-P4,94.21925,98.43337283743803,0,0,0,0
2652,sub-07,3,Pz-O2,96.451,83.99217509056106,0,0,0,0
2653,sub-07,3,Pz-O2,97.322,88.09100961424372,0,0,1,0
2654,sub-07,3,P3-O1,102.67675,117.37165147448704,0,0,0,0
2655,sub-07,3,F4-Cz,103.41925,108.82134409646235,0,0,1,0
2656,sub-07,3,C4-Pz,108.19425,111.05636966228201,0,0,1,0
2657,sub-07,3,C3-P3,108.90375,113.51718808908785,0,0,0,0
2658,sub-07,3,T3-P3,111.175,108.02395311150336,0,0,1,0
2659,sub-07,3,C3-Fz,121.058,107.08330082616637,0,0,0,0
2660,sub-07,3,Fp1-Fp2,122.63275,148.11500433146398,0,1,0,0
2661,sub-07,3,T4-T6,122.858,111.39930026506065,1,0,0,1
2662,sub-07,3,C4-Fz,124.54025,108.33058891659755,1,0,0,1
2663,sub-07,3,P4-Cz,125.36075,100.70168752423545,0,0,0,0
2664,sub-07,3,T3-T5,130.638,156.04252872996335,0,0,0,0
2665,sub-07,3,T4-T6,131.4065,109.13903440448458,1,0,0,1
2666,sub-07,3,C3-P3,134.734,160.36701868809547,0,0,0,0
2667,sub-07,3,P3-O1,134.772,130.70069034618177,1,0,0,0
2668,sub-07,3,T5-O1,139.10575,111.90082538689525,0,0,0,0
2669,sub-07,3,C3-Pz,140.5465,150.11884006135432,0,1,0,0
2670,sub-07,3,F4-Cz,140.6095,155.14421311305296,1,0,0,1
2671,sub-07,3,F8-T4,154.94175,165.72619121190374,0,0,0,0
2672,sub-07,3,Fp2-Fz,170.13475,185.85546601206408,1,0,0,1
2673,sub-07,3,F4-C4,182.5095,207.99871133225562,0,0,0,0
2674,sub-07,3,C3-P3,185.74075,179.01147250704673,0,0,0,0
2675,sub-07,3,T3-T5,193.4275,176.93475103197153,0,0,0,0
2676,sub-07,3,Pz-O1,196.5155,211.1817090370322,0,0,0,0
2677,sub-07,3,F8-C4,197.611,168.43224287714162,0,1,0,0
2678,sub-07,3,T3-P3,197.7525,225.1612043008364,1,1,0,1
2679,sub-07,3,C4-P4,197.91275,170.29225483125717,2,1,0,1
2680,sub-07,3,T4-T6,198.4225,170.4569840879516,2,0,0,1
2681,sub-07,3,T5-C3,200.17,224.79259904883145,0,0,1,0
2682,sub-07,3,Pz-O2,205.84625,228.89997095117732,0,0,0,0
2683,sub-07,3,F3-C3,208.9555,183.5746173915923,0,1,0,0
2684,sub-07,3,T3-P3,214.827,190.00946088250458,0,0,0,0
2685,sub-07,3,F4-C4,215.3965,191.01683214323083,0,0,0,0
2686,sub-07,3,Pz-O1,222.42475,201.27769296250608,0,0,0,0
2687,sub-07,3,F4-Cz,225.00225,208.27143174856002,0,0,0,0
2688,sub-07,3,T5-P3,225.79475,252.69664131287897,0,0,0,0
2689,sub-07,3,Pz-O2,234.22,243.20791885702923,0,0,1,0
2690,sub-07,3,Pz-O1,235.0355,227.19576073537587,0,1,0,0
2691,sub-07,3,Fp1-Fz,235.18,232.88776222747745,1,0,0,1
2692,sub-07,3,C4-Pz,236.4335,253.2014504073037,0,0,0,0
2693,sub-07,3,P3-O1,237.00275,240.78644390066407,0,0,0,0
2694,sub-07,3,C4-Fz,239.8525,264.5540943985137,0,0,0,0
2695,sub-07,3,Fp1-Fp2,244.483,217.1442565974003,0,1,1,0
2696,sub-07,3,C3-P3,244.52025,271.68989153597556,1,0,0,1
2697,sub-07,3,T4-F4,246.4145,237.2439659727739,1,0,0,1
2698,sub-07,3,F8-T4,247.086,236.38381397336383,0,1,1,0
2699,sub-07,3,Pz-O2,250.21575,272.22868968961984,0,0,0,0
2700,sub-07,3,Fp1-Fp2,250.8915,234.9417218842033,0,0,1,0
2701,sub-07,3,Pz-O1,251.77775,264.9186824895293,0,1,0,0
2702,sub-07,3,P4-Cz,251.8385,240.13210221851608,1,0,0,1
2703,sub-07,3,C4-P4,253.32475,233.3646703902965,0,0,0,0
2704,sub-07,3,Pz-O1,257.8485,266.28293746694555,0,0,0,0
2705,sub-07,3,Pz-O2,266.4735,254.25407907974983,0,0,0,0
2706,sub-07,3,F8-F4,267.301,278.74162943062316,0,0,1,0
2707,sub-07,3,Fp1-F3,269.595,247.43565032373226,2,0,1,1
2708,sub-07,3,C3-Fz,270.14375,258.62981212639266,0,0,1,0
2709,sub-07,3,Pz-O1,271.50675,297.8052368807853,0,0,1,0
2710,sub-07,3,C3-P3,274.93525,252.72249800017352,0,1,0,0
2711,sub-07,3,F4-C4,274.9725,279.15187623009575,1,0,0,1
2712,sub-07,3,Pz-O1,275.512,245.53918676675127,0,0,0,0
2713,sub-07,3,F7-T3,278.94375,294.81487718279885,0,0,1,0
2714,sub-07,3,Fp1-Fp2,285.881,273.6012392447399,0,0,0,0
2715,sub-07,3,Fp1-Fp2,291.50075,282.8689654632526,0,0,0,0
2716,sub-07,3,P3-Pz,292.7365,286.00744348800595,1,0,0,1
2717,sub-07,3,C4-Pz,298.023,269.47482588381484,2,0,1,1
2718,sub-07,4,Pz-O1,5.25925,34.947914401269706,0,0,0,0
2719,sub-07,4,T3-T5,9.86425,37.965319962847424,0,0,1,0
2720,sub-07,4,C4-Fz,11.8815,19.415171626940037,0,0,0,0
2721,sub-07,4,T4-F4,24.33225,50.47010077751982,0,0,0,0
2722,sub-07,4,T6-C4,33.44975,18.024765589047,0,0,0,0
2723,sub-07,4,Pz-O1,40.69175,22.958295424982143,0,0,0,0
2724,sub-07,4,F4-C4,51.10475,28.155721155365242,0,0,0,0
2725,sub-07,4,F8-C4,53.99975,37.10108683517987,0,0,0,0
2726,sub-07,4,P3-O1,54.86675,75.84822163774612,0,0,0,0
2727,sub-07,4,Cz-Pz,56.353,41.52997434482182,0,0,0,0
2728,sub-07,4,Pz-O1,60.37375,44.78835626725869,0,0,0,0
2729,sub-07,4,T4-P4,61.32825,90.25928897462848,0,0,0,0
2730,sub-07,4,Fp2-Fz,65.7035,89.07520923357126,0,1,0,0
2731,sub-07,4,Fz-Cz,69.40575,86.32044450448507,0,0,0,0
2732,sub-07,4,Fp1-F3,70.22825,87.67459338617785,0,0,1,0
2733,sub-07,4,C4-P4,71.10475,63.10169355908991,0,0,0,0
2734,sub-07,4,C4-P4,73.1265,70.16996880914701,0,0,1,0
2735,sub-07,4,Pz-O2,73.989,68.49282183302674,0,0,0,0
2736,sub-07,4,C3-Pz,74.9285,93.22867567715303,0,1,0,0
2737,sub-07,4,Pz-O1,83.45175,79.58844151929965,0,0,0,0
2738,sub-07,4,T5-O1,88.06275,100.03115418289536,0,1,0,0
2739,sub-07,4,P4-O2,88.298,73.2573077655541,1,1,0,1
2740,sub-07,4,C4-Fz,92.34325,86.23384564961283,0,0,0,0
2741,sub-07,4,T3-P3,94.62275,97.28723838959243,0,0,0,0
2742,sub-07,4,F4-Cz,96.27625,73.5509431921036,1,1,1,1
2743,sub-07,4,F8-C4,96.3855,88.4939189530023,3,1,0,1
2744,sub-07,4,Pz-O1,98.11325,70.89423636079208,0,0,1,0
2745,sub-07,4,P3-O1,108.107,91.78061727185937,0,0,0,0
2746,sub-07,4,Fp2-Fz,126.38875,108.78214665836595,0,0,0,0
2747,sub-07,4,C4-P4,130.4275,142.80466951350417,0,0,0,0
2748,sub-07,4,P3-Cz,147.15325,140.19836769088135,0,0,0,0
2749,sub-07,4,Pz-O1,148.412,177.56304896381002,0,1,0,0
2750,sub-07,4,P4-O2,148.46675,130.83902233167743,1,0,0,1
2751,sub-07,4,T3-P3,150.71075,121.8857207657201,0,0,0,0
2752,sub-07,4,Fp1-Fz,152.90725,156.59056138205628,0,0,0,0
2753,sub-07,4,C4-Pz,157.1325,143.17401165600901,0,0,0,0
2754,sub-07,4,Fp2-F8,158.984,134.13055039577137,0,0,0,0
2755,sub-07,4,T6-O2,161.65675,133.99249694145095,0,0,0,0
2756,sub-07,4,C4-Cz,163.69475,136.1796543781977,0,0,0,0
2757,sub-07,4,T6-C4,171.4535,197.53791162594808,0,0,0,0
2758,sub-07,4,T5-O1,182.3785,164.64945804508122,0,0,0,0
2759,sub-07,4,F8-C4,185.67925,180.41398644532953,0,0,0,0
2760,sub-07,4,T4-C4,188.4055,163.16608650984088,0,0,0,0
2761,sub-07,4,Cz-Pz,190.59025,161.23829757580046,0,0,1,0
2762,sub-07,4,T5-P3,193.05625,181.80604897238806,0,0,0,0
2763,sub-07,4,T3-T5,195.58725,189.22095067960342,0,1,0,0
2764,sub-07,4,T4-P4,195.6615,188.47651357648067,1,0,0,1
2765,sub-07,4,T5-P3,205.521,219.13353141228978,0,0,0,0
2766,sub-07,4,Pz-O1,210.78,200.5412761143547,0,0,0,0
2767,sub-07,4,F3-Cz,226.5905,219.0805458234143,0,0,0,0
2768,sub-07,4,P4-Cz,242.262,247.83641078262957,0,1,1,0
2769,sub-07,4,Fp2-Fz,242.2965,255.6198594444305,1,0,0,1
2770,sub-07,4,Fp2-F8,242.336,255.591862891762,2,0,0,1
2771,sub-07,4,C4-Fz,242.97125,260.2639004891861,0,0,0,0
2772,sub-07,4,Pz-O2,245.8595,230.09950118944477,0,1,0,0
2773,sub-07,4,P3-O1,245.9095,250.02188163626036,1,1,0,1
2774,sub-07,4,P3-O1,255.111,226.51668480620552,0,1,1,0
2775,sub-07,4,F8-C4,255.18475,261.17681440874514,1,0,0,1
2776,sub-07,4,F4-C4,259.03725,237.9747854546335,0,0,0,0
2777,sub-07,4,P3-O1,260.82525,232.41581338659034,0,0,0,0
2778,sub-07,4,Pz-O2,263.55525,247.38469236962305,0,0,0,0
2779,sub-07,4,P3-O1,266.98375,263.07845308596666,0,0,1,0
2780,sub-07,4,T3-P3,269.0355,258.96251508778727,0,0,1,0
2781,sub-07,4,Pz-O1,270.2745,292.38686205486914,0,1,0,0
2782,sub-07,4,T6-C4,270.376,297.88848300968766,1,0,0,1
2783,sub-07,4,T6-C4,270.4765,255.30029938380957,2,0,0,1
2784,sub-07,4,C3-Pz,279.32425,268.1851277182655,0,0,0,0
2785,sub-07,4,T4-P4,282.4605,277.2447961218335,0,0,0,0
2786,sub-07,4,T5-C3,284.305,274.2810373887685,0,1,0,0
2787,sub-07,4,P3-O1,284.36875,267.2175422438194,1,0,0,1
2788,sub-07,4,Pz-O1,284.853,288.980003848408,1,0,0,0
2789,sub-07,4,F3-Cz,288.6915,294.50529200546544,0,0,0,0
2790,sub-07,4,F3-Cz,291.21275,276.3432627646067,0,0,0,0
2791,sub-07,4,T3-P3,291.873,275.71198172000896,0,0,0,0
2792,sub-07,4,F7-T3,293.08875,289.0093166553867,1,0,0,1
2793,sub-07,4,T3-C3,293.187,284.70644768237327,2,0,1,1
2794,sub-07,4,Pz-O1,297.08325,281.02838850187527,0,1,0,0
2795,sub-07,4,T3-P3,297.55775,282.7199794938355,1,0,0,1
2796,sub-07,4,F4-Fz,298.4265,287.8651616314706,0,0,0,0
2797,sub-07,5,T3-P3,3.93575,14.667115851836643,0,0,0,0
2798,sub-07,5,C3-Fz,11.088,34.05810372737813,0,0,0,0
2799,sub-07,5,P3-O1,15.86475,1.4858972832149426,0,0,0,0
2800,sub-07,5,P3-Cz,15.94525,42.43053127690578,1,0,0,0
2801,sub-07,5,F8-C4,16.7285,36.16497969365593,0,0,0,0
2802,sub-07,5,T4-T6,19.13725,24.186073252490733,0,0,0,0
2803,sub-07,5,Pz-O2,21.09,1.956078231695539,0,0,0,0
2804,sub-07,5,T5-C3,23.03375,27.400708967841894,0,0,0,0
2805,sub-07,5,C4-Pz,25.4555,18.468378102754123,0,1,0,0
2806,sub-07,5,Fp1-Fz,25.526,45.050311705238315,1,0,0,1
2807,sub-07,5,P3-Cz,26.78175,42.719564592457864,0,1,0,0
2808,sub-07,5,F8-C4,28.74875,44.71199674401184,0,0,1,0
2809,sub-07,5,T6-C4,30.658,60.20710140842296,1,1,0,1
2810,sub-07,5,C3-Fz,31.053,47.76312799863487,2,1,0,1
2811,sub-07,5,F3-Cz,31.1165,27.27007738419793,2,1,0,1
2812,sub-07,5,Fp1-Fp2,31.16575,25.56337840387183,2,0,0,1
2813,sub-07,5,F4-C4,34.98425,41.12159348388681,0,0,1,0
2814,sub-07,5,F8-C4,37.69175,44.816943789425395,0,0,1,0
2815,sub-07,5,T3-T5,43.60925,40.79261144449949,0,0,0,0
2816,sub-07,5,Fp1-F7,45.83175,37.75871742021107,1,0,0,1
2817,sub-07,5,P4-Pz,51.0205,58.114820123258085,0,0,0,0
2818,sub-07,5,F4-C4,53.473,74.95977973243191,0,0,0,0
2819,sub-07,5,P3-Pz,58.87825,72.93596688048342,0,1,1,0
2820,sub-07,5,C3-P3,59.1125,83.9383815719316,1,1,0,0
2821,sub-07,5,Pz-O1,59.34775,31.218209140635956,3,1,0,1
2822,sub-07,5,P4-Cz,59.388,31.509848819773204,3,0,0,1
2823,sub-07,5,Pz-O2,61.1085,41.642748221517664,1,0,1,1
2824,sub-07,5,C3-P3,63.6125,51.645068623622244,0,0,0,0
2825,sub-07,5,P3-Cz,69.46,97.20288539055653,0,0,0,0
2826,sub-07,5,Fp1-Fp2,72.36875,99.65129552885058,0,0,0,0
2827,sub-07,5,P4-Cz,73.14025,55.38216793877501,0,1,0,0
2828,sub-07,5,Pz-O2,73.1905,86.88192597511406,1,0,0,1
2829,sub-07,5,Fp2-F4,76.40525,57.043470941904374,1,0,1,1
2830,sub-07,5,Pz-O2,79.47325,53.36491431102182,0,0,1,0
2831,sub-07,5,F7-F3,83.7125,70.72412206799113,0,0,0,0
2832,sub-07,5,P3-O1,86.79825,74.14983900863749,0,0,0,0
2833,sub-07,5,T3-T5,89.7545,66.42429588204544,0,0,0,0
2834,sub-07,5,C3-P3,98.7525,74.04687892927672,0,0,0,0
2835,sub-07,5,T3-F3,100.99125,72.24415019664636,0,0,1,0
2836,sub-07,5,P3-O1,103.13025,89.65959375321462,0,0,1,0
2837,sub-07,5,Fp2-F4,103.915,98.23764692896242,0,1,0,0
2838,sub-07,5,F3-C3,111.06925,115.79197609868032,2,0,0,1
2839,sub-07,5,Fp1-Fp2,115.5265,123.261518544083,1,0,0,1
2840,sub-07,5,Pz-O1,118.10475,91.7040191212912,0,0,0,0
2841,sub-07,5,Fp1-Fp2,120.61675,133.86356616569628,0,0,1,0
2842,sub-07,5,T4-P4,121.8355,117.19388686937086,0,0,0,0
2843,sub-07,5,C4-Pz,126.99525,154.62127277029677,0,0,0,0
2844,sub-07,5,T6-C4,127.19675,139.2479938771179,1,0,0,0
2845,sub-07,5,C3-P3,131.56825,156.50786912153987,0,0,0,0
2846,sub-07,5,Fp1-Fp2,133.129,105.10831615755407,0,0,0,0
2847,sub-07,5,Pz-O1,134.16425,119.9150704469067,0,0,0,0
2848,sub-07,5,F4-Cz,138.992,134.67208175701813,0,0,0,0
2849,sub-07,5,T4-F4,143.606,155.3320540224524,1,0,0,0
2850,sub-07,5,F8-T4,143.63725,149.31017486463202,2,0,0,0
2851,sub-07,5,Fp2-F8,146.93775,175.24946805736982,0,0,1,0
2852,sub-07,5,P3-O1,148.81875,150.86563085858086,1,1,0,1
2853,sub-07,5,Fp1-Fz,148.86875,143.75535956022506,2,0,0,1
2854,sub-07,5,Pz-O1,150.40075,121.78921911054636,0,0,1,0
2855,sub-07,5,C4-Pz,158.124,177.17006613364188,0,0,0,0
2856,sub-07,5,C4-Pz,162.91425,159.87406585142529,1,0,0,1
2857,sub-07,5,P3-Pz,163.727,177.9653249205811,0,1,0,0
2858,sub-07,5,P3-Cz,165.151,175.28835796979274,0,0,0,0
2859,sub-07,5,T5-P3,165.78875,144.05325853949665,2,1,0,1
2860,sub-07,5,Fp2-F4,167.05475,149.01647342938014,3,0,0,1
2861,sub-07,5,T6-P4,170.80375,144.1755065240569,0,0,0,0
2862,sub-07,5,P3-O1,175.7015,190.8034891937814,0,0,0,0
2863,sub-07,5,T3-C3,179.808,184.62859660274202,0,0,0,0
2864,sub-07,5,T6-O2,182.68975,199.2065703923588,0,1,0,0
2865,sub-07,5,F4-Cz,182.74525,198.58924440726014,1,0,0,1
2866,sub-07,5,Pz-O1,186.8175,206.70963172631232,0,1,0,0
2867,sub-07,5,T4-P4,186.88175,197.41542988946793,1,0,0,1
2868,sub-07,5,C3-Pz,187.80075,202.06966455286016,0,1,0,0
2869,sub-07,5,F8-F4,190.26925,165.09538483103594,0,0,1,0
2870,sub-07,5,Fp1-Fz,194.09225,208.9739586984298,0,0,1,0
2871,sub-07,5,T6-P4,197.24975,225.42558193100845,0,0,1,0
2872,sub-07,5,Fp1-Fp2,198.17775,172.47283918810268,0,0,0,0
2873,sub-07,5,F8-C4,208.18475,200.09598240995177,0,0,0,0
2874,sub-07,5,Cz-Pz,214.54525,199.14847842748944,0,1,0,0
2875,sub-07,5,Fp2-F8,214.724,244.69866317587395,1,1,0,1
2876,sub-07,5,P3-O1,218.46975,239.56254203260607,0,0,0,0
2877,sub-07,5,P4-O2,221.665,199.97437046127797,0,0,0,0
2878,sub-07,5,F8-C4,222.21725,194.0642578181186,0,0,1,0
2879,sub-07,5,T5-O1,224.1,250.7013816464964,0,0,0,0
2880,sub-07,5,T6-P4,224.8325,238.0920264620581,0,0,0,0
2881,sub-07,5,P3-O1,226.8305,206.9544605787251,0,0,0,0
2882,sub-07,5,P3-O1,230.62025,247.76642456984678,0,0,0,0
2883,sub-07,5,Fp2-F8,232.53625,250.64862760562286,0,1,0,0
2884,sub-07,5,P4-O2,233.17425,255.54866847291794,1,1,0,1
2885,sub-07,5,F3-C3,233.7755,215.95925997677082,0,0,0,0
2886,sub-07,5,F3-C3,233.8545,231.08203454398108,1,0,0,0
2887,sub-07,5,C3-Pz,234.8065,257.17875025157736,1,1,0,1
2888,sub-07,5,P3-O1,235.01875,215.11362121510473,2,1,0,1
2889,sub-07,5,T3-T5,235.0835,214.78015772848914,2,0,1,1
2890,sub-07,5,P4-Cz,244.6305,247.65989229348241,0,0,0,0
2891,sub-07,5,F3-Fz,252.61225,230.31689557510802,0,0,1,0
2892,sub-07,5,T6-P4,253.95475,239.33254326251023,0,0,0,0
2893,sub-07,5,Fp2-Fz,255.40275,268.286025460893,0,0,0,0
2894,sub-07,5,Pz-O1,256.57975,241.21006883597013,0,0,0,0
2895,sub-07,5,Pz-O2,256.805,253.0119727048489,1,0,0,0
2896,sub-07,5,T3-P3,261.84875,245.2260455099154,0,1,0,0
2897,sub-07,5,Pz-O1,267.52375,291.9101752248151,0,1,0,0
2898,sub-07,5,T5-P3,267.71075,254.3008127653661,1,0,0,1
2899,sub-07,5,Fp2-F4,270.5965,260.1251629255391,1,0,0,1
2900,sub-07,5,F7-T3,271.2465,281.05789054127956,0,0,0,0
2901,sub-07,5,P3-O1,272.071,256.7318306754806,1,0,1,1
2902,sub-07,5,T3-F3,274.8585,269.83866438337986,0,0,0,0
2903,sub-07,5,C3-Fz,276.0095,264.55898781823856,0,0,0,0
2904,sub-07,5,F8-F4,277.82675,248.7990368380449,0,1,0,0
2905,sub-07,5,Fp1-Fp2,278.0575,262.5374426120974,1,0,0,1
2906,sub-07,5,P3-O1,281.6875,299.47783055780496,0,0,0,0
2907,sub-07,5,C4-P4,284.541,261.1636423123443,0,0,0,0
2908,sub-07,5,P4-O2,297.891,279.9792709010622,0,0,0,0
2909,sub-07,6,P3-O1,5.9825,11.6334371363526,0,0,0,0
2910,sub-07,6,F4-Fz,10.40275,23.909355933468287,0,0,0,0
2911,sub-07,6,P4-Pz,12.32725,6.468544342031037,1,1,0,0
2912,sub-07,6,Fp1-Fz,17.779,43.15060186257924,0,0,0,0
2913,sub-07,6,F4-C4,22.33875,5.950205992873759,0,0,1,0
2914,sub-07,6,Pz-O1,26.482,15.38090986936249,0,0,0,0
2915,sub-07,6,Fp2-Fz,41.843,51.523417177991405,0,0,1,0
2916,sub-07,6,T6-O2,46.9945,40.98692578095635,0,0,0,0
2917,sub-07,6,P4-Cz,49.76275,44.49203920148974,0,0,0,0
2918,sub-07,6,C3-Pz,51.92375,70.75569095086983,0,0,0,0
2919,sub-07,6,C4-Pz,54.283,61.727981362503904,1,0,0,1
2920,sub-07,6,F8-T4,55.1845,75.47872250438736,0,1,0,0
2921,sub-07,6,Fp2-F8,61.389,77.14601671904936,0,0,0,0
2922,sub-07,6,Fp2-Fz,93.946,113.42760267638984,0,1,0,0
2923,sub-07,6,F4-C4,93.9865,119.62611485193646,1,0,0,1
2924,sub-07,6,T6-O2,106.0955,124.91977458244561,0,0,0,0
2925,sub-07,6,T6-C4,109.12475,95.42658221895393,0,0,0,0
2926,sub-07,6,T6-O2,111.8115,109.49901547283247,1,1,0,0
2927,sub-07,6,F8-C4,111.984,126.90739672647778,2,0,0,1
2928,sub-07,6,F8-F4,117.3605,103.83007928176546,0,0,0,0
2929,sub-07,6,P4-Cz,119.5885,103.05632928418521,0,0,0,0
2930,sub-07,6,F8-F4,126.668,123.06153059227296,1,0,0,1
2931,sub-07,6,Pz-O1,128.25625,117.73443912648726,1,1,0,1
2932,sub-07,6,P4-O2,133.31775,126.5769545162979,0,0,1,0
2933,sub-07,6,Fp2-Fz,141.285,157.05379253709032,0,0,0,0
2934,sub-07,6,T5-C3,148.6005,175.1469771858247,0,0,0,0
2935,sub-07,6,Fp2-Fz,157.3625,176.73898964467972,0,0,0,0
2936,sub-07,6,Cz-Pz,160.431,148.4564863078345,0,0,1,0
2937,sub-07,6,C4-P4,164.27375,149.6635768357378,0,0,0,0
2938,sub-07,6,Pz-O1,165.78,147.0702614386413,0,0,1,0
2939,sub-07,6,P3-O1,166.26,190.6353487008231,1,0,0,0
2940,sub-07,6,T5-C3,173.286,146.79818808142647,0,0,0,0
2941,sub-07,6,Pz-O1,175.7575,197.7568896499717,0,0,0,0
2942,sub-07,6,F3-C3,178.231,161.1418419267825,0,0,0,0
2943,sub-07,6,C4-Cz,182.20425,156.72462782022177,0,0,0,0
2944,sub-07,6,F3-Cz,183.0475,200.12654423719107,0,1,0,0
2945,sub-07,6,Fp1-Fz,183.10425,185.48572203646413,1,0,0,1
2946,sub-07,6,P3-Cz,184.742,168.45015746586594,0,0,0,0
2947,sub-07,6,T6-C4,185.3115,171.88000043812877,0,0,0,0
2948,sub-07,6,P3-O1,187.85925,173.09095773084854,0,0,1,0
2949,sub-07,6,Pz-O1,189.63325,169.73439722827652,0,0,0,0
2950,sub-07,6,Pz-O1,190.14825,207.46958653881128,0,0,1,0
2951,sub-07,6,Pz-O2,197.171,187.18987694533277,0,0,0,0
2952,sub-07,6,Pz-O1,201.372,227.08265929136243,0,0,0,0
2953,sub-07,6,Pz-O1,203.92225,212.95521043081487,0,0,0,0
2954,sub-07,6,C4-Pz,206.09425,223.0817637247486,0,0,0,0
2955,sub-07,6,C4-Fz,207.7685,230.11983747421533,0,0,0,0
2956,sub-07,6,T6-C4,218.23475,193.0216618101113,0,0,0,0
2957,sub-07,6,T6-P4,218.3375,238.9054109152139,1,0,0,0
2958,sub-07,6,F8-C4,237.6145,224.68679187524404,0,1,0,0
2959,sub-07,6,Pz-O1,237.944,263.9602918529909,1,0,0,1
2960,sub-07,6,P3-Cz,238.85675,226.28857012200157,0,0,0,0
2961,sub-07,6,Pz-O1,242.43025,220.98684052518485,0,0,0,0
2962,sub-07,6,F8-F4,243.426,250.28146214701513,0,0,0,0
2963,sub-07,6,T5-O1,247.90975,264.73345391692675,1,0,0,1
2964,sub-07,6,T5-C3,251.555,279.3143538862386,2,1,0,1
2965,sub-07,6,Fz-Cz,251.602,255.06427481018952,3,1,0,1
2966,sub-07,6,C3-P3,252.349,261.7013248761737,0,1,0,0
2967,sub-07,6,Fp1-F7,252.48475,242.5176054348344,1,1,0,1
2968,sub-07,6,T5-O1,252.79675,267.78770621311577,2,1,0,1
2969,sub-07,6,C3-P3,252.84,255.23693230692265,3,1,0,1
2970,sub-07,6,F3-Fz,254.313,230.12031513483882,0,1,0,0
2971,sub-07,6,T3-F3,254.91825,270.06845886674216,1,1,0,1
2972,sub-07,6,F8-C4,255.01425,259.50197246188804,2,0,1,1
2973,sub-07,6,P4-O2,258.196,281.5438474412268,0,1,0,0
2974,sub-07,6,Fp2-Fz,258.66575,268.85912163419744,1,0,0,1
2975,sub-07,6,T5-P3,259.45925,280.3696797873919,1,1,0,1
2976,sub-07,6,T3-C3,260.94625,250.09278529165817,0,0,0,0
2977,sub-07,6,T5-C3,263.14775,288.9167141512514,1,0,0,0
2978,sub-07,6,C3-Pz,264.70325,256.1924183107021,0,0,0,0
2979,sub-07,6,P3-O1,265.89375,275.00529206861745,1,1,0,1
2980,sub-07,6,T6-P4,265.94275,289.72309015407944,2,0,0,1
2981,sub-07,6,P4-Cz,267.639,289.46089822488057,0,0,1,0
2982,sub-07,6,P4-Pz,267.66775,259.37652779951867,1,0,1,0
2983,sub-07,6,Fp2-Fz,268.67025,291.64873792896776,0,0,0,0
2984,sub-07,6,Pz-O1,271.639,299.4937181287075,0,0,0,0
2985,sub-07,6,F8-F4,278.7845,291.8146049475499,0,1,1,0
2986,sub-07,6,Pz-O1,278.93675,264.9032994958772,1,0,0,1
2987,sub-07,6,P3-O1,278.9625,252.6019720503455,2,0,1,1
2988,sub-07,6,T4-F4,280.27325,292.77948669743233,0,0,0,0
2989,sub-07,6,Fp2-Fz,288.4025,271.4877565822696,0,1,1,0
2990,sub-07,6,T6-O2,288.541,258.6345961982634,1,0,1,1
2991,sub-07,6,P3-Pz,289.69775,270.1898681767373,1,0,0,0
2992,sub-07,6,Fp1-Fz,292.164,270.5246464017354,0,1,0,0
2993,sub-07,6,Pz-O1,295.00225,292.10255938259616,0,0,1,0
2994,sub-07,6,P4-Cz,295.775,299.344352723061,0,0,0,0
2995,sub-07,7,C3-Fz,4.61425,20.611212270718397,0,0,0,0
2996,sub-07,7,T3-F3,6.506,29.177030077959348,0,0,0,0
2997,sub-07,7,P4-O2,10.7265,38.27768723845165,1,0,0,1
2998,sub-07,7,F8-F4,14.77375,9.786657758876903,0,1,0,0
2999,sub-07,7,F7-T3,16.398,25.659655718281797,0,0,0,0
3000,sub-07,7,F7-T3,21.55125,30.99334628771948,0,1,0,0
3001,sub-07,7,Pz-O1,22.017,11.062776817054559,1,0,0,1
3002,sub-07,7,T6-O2,28.4285,22.92798989890808,0,0,0,0
3003,sub-07,7,Pz-O2,35.17025,43.21837595876987,0,1,0,0
3004,sub-07,7,P4-Cz,35.262,59.781740578291036,1,0,0,1
3005,sub-07,7,Fp2-F8,37.034,40.568326703299505,0,0,0,0
3006,sub-07,7,F7-C3,38.226,66.15502665577827,0,0,0,0
3007,sub-07,7,T6-P4,38.8995,47.73361928800093,0,0,0,0
3008,sub-07,7,T4-T6,56.902,53.10523522369613,0,0,0,0
3009,sub-07,7,Fp2-Fz,59.69775,43.48590118758233,0,0,0,0
3010,sub-07,7,Fp2-F8,63.138,43.951279910670365,0,0,0,0
3011,sub-07,7,P3-O1,66.9345,38.817837062848575,0,0,1,0
3012,sub-07,7,P4-O2,71.57575,64.49870328333165,0,0,0,0
3013,sub-07,7,F8-F4,72.12075,78.66570956672544,0,0,1,0
3014,sub-07,7,T5-C3,75.11975,47.093056675752024,0,1,0,0
3015,sub-07,7,F8-C4,75.31825,97.66347900388539,1,0,0,1
3016,sub-07,7,C4-Pz,76.49725,94.0940756683081,0,0,0,0
3017,sub-07,7,F7-C3,79.157,51.93203242416641,0,0,0,0
3018,sub-07,7,T6-C4,80.214,50.71736545486723,0,0,0,0
3019,sub-07,7,Pz-O2,80.751,101.13342512254829,0,0,0,0
3020,sub-07,7,F7-C3,86.472,65.46551724649375,0,0,0,0
3021,sub-07,7,Pz-O1,87.47925,103.0247021679865,0,0,0,0
3022,sub-07,7,Pz-O2,90.0455,98.70710867265484,0,0,0,0
3023,sub-07,7,P3-O1,97.165,117.07412788642313,0,0,0,0
3024,sub-07,7,T5-O1,103.86375,88.63411069414151,0,0,0,0
3025,sub-07,7,P3-O1,105.30725,79.10772458794487,0,0,1,0
3026,sub-07,7,F4-C4,106.2955,89.6383292848869,0,0,1,0
3027,sub-07,7,P3-Cz,110.33475,94.57069817038267,0,0,0,0
3028,sub-07,7,T6-C4,129.68475,134.55817547801706,0,0,0,0
3029,sub-07,7,T6-C4,135.1105,149.25222084509699,0,0,0,0
3030,sub-07,7,T5-P3,137.48525,107.54924861932358,0,0,0,0
3031,sub-07,7,P4-Pz,148.711,145.34871114074807,0,0,0,0
3032,sub-07,7,T3-P3,153.19675,137.30888248922926,0,0,0,0
3033,sub-07,7,P3-O1,155.6125,165.760680541213,0,0,0,0
3034,sub-07,7,F8-C4,156.7205,139.73299006381555,0,0,0,0
3035,sub-07,7,Pz-O2,159.89525,142.54224877118924,0,0,0,0
3036,sub-07,7,T6-C4,169.8635,148.54741275222148,0,0,1,0
3037,sub-07,7,T4-T6,174.7915,177.87558836737531,0,0,0,0
3038,sub-07,7,C3-Fz,186.66275,215.8136610511129,0,0,0,0
3039,sub-07,7,T3-P3,193.46075,209.22680311499374,0,0,0,0
3040,sub-07,7,T4-P4,196.5285,213.89784952783268,0,0,0,0
3041,sub-07,7,P4-O2,196.5585,193.28381702241626,1,0,1,0
3042,sub-07,7,T5-O1,197.93825,180.78491425200806,0,0,0,0
3043,sub-07,7,C3-Fz,202.063,222.24961524480238,0,0,0,0
3044,sub-07,7,P3-Cz,217.033,223.85548157365645,0,0,0,0
3045,sub-07,7,F7-T3,221.71625,228.3392338095245,0,0,0,0
3046,sub-07,7,F8-C4,234.2165,257.3563083699936,0,0,0,0
3047,sub-07,7,T4-T6,236.0485,222.23121431259003,0,0,0,0
3048,sub-07,7,P4-O2,237.583,225.30064275734628,0,0,0,0
3049,sub-07,7,Fp2-Fz,246.60075,216.663108237225,0,0,1,0
3050,sub-07,7,Pz-O1,247.302,234.07291097741597,0,0,1,0
3051,sub-07,7,T3-T5,248.40025,258.6238251578916,0,1,0,0
3052,sub-07,7,P4-Cz,248.611,262.14479887119825,1,0,0,1
3053,sub-07,7,P4-Cz,263.14275,291.8270650919147,0,0,1,0
3054,sub-07,7,Fp2-Fz,266.06075,244.75508531078475,0,0,0,0
3055,sub-07,7,Pz-O1,280.6585,267.15633920436335,0,0,0,0
3056,sub-07,7,T6-O2,282.68775,278.0922773473697,0,0,0,0
3057,sub-07,7,F7-C3,292.0695,266.09937073047934,1,0,1,1
3058,sub-07,7,T5-O1,293.0465,280.8123442489479,1,0,0,1
3059,sub-07,8,P3-O1,7.81025,31.9328694795606,0,1,0,0
3060,sub-07,8,P3-Pz,7.83575,25.577768489702315,1,1,0,0
3061,sub-07,8,Fp2-Fz,7.8715,36.234099982189406,2,1,0,1
3062,sub-07,8,F4-Cz,9.0725,31.571223456114915,0,0,0,0
3063,sub-07,8,P3-O1,10.1565,4.240467419214596,0,0,0,0
3064,sub-07,8,F4-Cz,13.2065,26.553557960721903,0,0,1,0
3065,sub-07,8,C3-Cz,14.355,26.21044265992868,0,1,0,0
3066,sub-07,8,F8-C4,14.56675,42.81586168836741,1,1,0,1
3067,sub-07,8,P4-Cz,15.00225,41.9170675267389,1,0,0,1
3068,sub-07,8,T6-P4,16.12825,38.69295730559359,0,0,1,0
3069,sub-07,8,F7-C3,16.78,8.764651333265089,1,0,1,1
3070,sub-07,8,F7-T3,17.4125,23.3803561980697,0,0,0,0
3071,sub-07,8,Pz-O2,26.87825,36.726218034172796,0,0,0,0
3072,sub-07,8,P3-Pz,35.78375,38.22477000783885,0,0,0,0
3073,sub-07,8,P3-O1,35.816,54.42549655822404,1,0,0,0
3074,sub-07,8,T5-C3,39.0945,32.68891121787623,0,0,0,0
3075,sub-07,8,F7-T3,41.82325,26.779932342903713,0,0,1,0
3076,sub-07,8,C3-P3,42.778,55.369478469413245,0,0,0,0
3077,sub-07,8,F7-C3,43.9975,24.27208107472802,1,0,0,1
3078,sub-07,8,T5-O1,46.1485,26.84950054776288,0,0,1,0
3079,sub-07,8,P4-O2,63.2275,78.44610353758894,0,0,1,0
3080,sub-07,8,T6-O2,69.0015,86.76019807758075,0,0,0,0
3081,sub-07,8,Pz-O1,77.89775,101.97216619763272,0,0,0,0
3082,sub-07,8,Pz-O1,78.63225,54.79175245815469,1,0,0,1
3083,sub-07,8,F8-F4,79.1745,88.23418582337551,0,0,1,0
3084,sub-07,8,F3-C3,84.2525,78.04035410747112,1,0,1,1
3085,sub-07,8,F8-F4,90.60725,93.54218338387304,1,0,0,1
3086,sub-07,8,Fp2-F8,98.446,85.94929681191732,0,0,0,0
3087,sub-07,8,Fp2-F8,107.6915,126.17605133674314,0,0,0,0
3088,sub-07,8,C4-P4,115.48775,88.08210277921437,0,0,1,0
3089,sub-07,8,T3-C3,119.5165,142.63875630407833,1,0,1,0
3090,sub-07,8,Cz-Pz,121.9585,100.3816599847049,0,0,0,0
3091,sub-07,8,Fp2-F8,126.3955,108.67206972474516,0,0,0,0
3092,sub-07,8,T5-C3,128.82975,108.70311492235416,0,0,0,0
3093,sub-07,8,T4-C4,132.8425,159.4860602509425,1,0,0,1
3094,sub-07,8,T6-C4,136.138,165.4673120777308,0,0,0,0
3095,sub-07,8,Fp1-Fz,141.00925,151.9569712155024,0,0,0,0
3096,sub-07,8,T4-T6,142.55775,164.60005956291093,0,1,1,0
3097,sub-07,8,Pz-O2,143.00325,126.85761164282673,1,0,0,1
3098,sub-07,8,F7-C3,143.776,161.1893538182361,0,0,0,0
3099,sub-07,8,F4-Cz,144.719,125.74397483417849,0,0,0,0
3100,sub-07,8,P3-Pz,146.906,172.58462811753355,0,0,0,0
3101,sub-07,8,Pz-O1,148.366,156.47426842847668,0,1,0,0
3102,sub-07,8,P3-O1,148.7565,142.62825471591694,1,1,1,0
3103,sub-07,8,P3-Pz,148.78775,132.97225341742913,2,1,0,0
3104,sub-07,8,T3-T5,148.817,139.06118878707414,3,0,0,1
3105,sub-07,8,T6-O2,157.14175,140.08590476176843,0,0,0,0
3106,sub-07,8,F3-Fz,163.664,141.45148655011903,1,1,0,1
3107,sub-07,8,Fp1-Fz,164.04875,139.26636733549824,2,0,0,1
3108,sub-07,8,P3-Cz,168.7825,170.96643837742386,0,0,0,0
3109,sub-07,8,Fp1-F7,177.78725,196.45975535321952,0,0,0,0
3110,sub-07,8,Pz-O2,179.07425,171.50509540056362,0,0,0,0
3111,sub-07,8,F8-F4,180.409,186.84199742233753,0,0,0,0
3112,sub-07,8,F3-Cz,192.83825,179.38463813919586,1,0,0,1
3113,sub-07,8,P4-Cz,193.524,190.3715110188124,0,0,0,0
3114,sub-07,8,F7-C3,194.54975,203.5960061232398,0,0,0,0
3115,sub-07,8,F8-T4,195.7575,202.1179488272696,0,0,0,0
3116,sub-07,8,T4-T6,199.3115,223.39252169866438,0,1,0,0
3117,sub-07,8,P3-O1,201.175,195.97013004668125,1,0,0,1
3118,sub-07,8,C3-Pz,203.852,182.26797716332587,0,0,0,0
3119,sub-07,8,P3-O1,204.58925,211.45801209196833,0,0,0,0
3120,sub-07,8,P3-O1,206.543,224.59057508349312,0,0,1,0
3121,sub-07,8,P4-O2,208.93425,222.3729840274473,0,1,0,0
3122,sub-07,8,Pz-O1,210.0745,235.15814199372878,0,0,0,0
3123,sub-07,8,F7-F3,214.3775,197.43216772145448,0,0,0,0
3124,sub-07,8,F7-C3,224.01875,194.07200525979997,0,0,0,0
3125,sub-07,8,C3-Pz,226.2955,250.08129847750234,0,0,1,0
3126,sub-07,8,P4-O2,227.9455,238.98710349585863,0,0,0,0
3127,sub-07,8,P3-Pz,228.51025,240.86801011015228,0,1,0,0
3128,sub-07,8,Fp1-F3,230.13575,252.51790165607542,0,1,0,0
3129,sub-07,8,Pz-O1,230.21225,206.84320773745694,1,1,0,1
3130,sub-07,8,C3-Pz,230.544,201.6164770890773,2,1,0,1
3131,sub-07,8,P3-O1,231.20575,233.76781171348946,0,1,0,0
3132,sub-07,8,T6-O2,231.96825,236.28276470462407,2,0,1,1
3133,sub-07,8,Fp2-Fz,232.5125,208.51068496269679,0,1,1,0
3134,sub-07,8,P3-Cz,232.61975,261.27627711161404,1,0,0,1
3135,sub-07,8,P3-Pz,236.32,209.28734484201104,2,1,0,1
3136,sub-07,8,F7-T3,236.85025,224.07657481227324,1,0,0,1
3137,sub-07,8,T6-O2,239.35675,250.15666076208123,0,0,1,0
3138,sub-07,8,T4-T6,240.32725,235.6056569352152,0,0,1,0
3139,sub-07,8,F7-C3,244.707,266.3903852715413,0,0,0,0
3140,sub-07,8,F7-C3,251.0455,265.34300849990785,0,0,0,0
3141,sub-07,8,Fp1-F3,257.321,259.69243004545984,0,0,0,0
3142,sub-07,8,P4-O2,261.19325,289.54253763511116,0,0,0,0
3143,sub-07,8,T6-C4,263.2425,257.9379526399686,0,1,0,0
3144,sub-07,8,T4-P4,263.55075,261.3996899435952,1,1,0,1
3145,sub-07,8,T4-T6,263.59875,278.14502446946864,2,1,0,0
3146,sub-07,8,Pz-O2,263.625,236.65298717906822,3,0,1,1
3147,sub-07,8,F4-C4,267.8285,262.41462018973453,0,0,0,0
3148,sub-07,8,C4-Pz,271.471,256.9615361632927,0,0,1,0
3149,sub-07,8,Pz-O1,272.2975,258.447504501042,0,0,0,0
3150,sub-07,8,P3-O1,273.28275,281.2184352668745,0,0,0,0
3151,sub-07,8,Pz-O2,276.7115,292.98895246983,0,0,0,0
3152,sub-07,8,Pz-O1,277.36175,274.9613679188398,0,1,0,0
3153,sub-07,8,T4-T6,277.95975,251.51197229540364,1,0,0,1
3154,sub-07,8,T4-C4,285.2015,276.02993609916535,0,0,0,0
3155,sub-07,8,F4-C4,287.44825,281.3266377561581,0,0,0,0
3156,sub-07,8,C4-P4,296.09325,268.30537954351746,1,0,0,1
3157,sub-07,8,C4-Pz,297.40625,270.2954984565362,0,0,0,0
3158,sub-07,8,Pz-O1,298.6175,269.78017315267493,0,0,0,0
3159,sub-07,8,Pz-O1,299.33975,289.9868159121641,0,0,1,0
3160,sub-07,9,C3-P3,4.00175,1.8554182337121237,0,0,0,0
3161,sub-07,9,P3-O1,5.24525,1.1797313258388726,0,1,1,0
3162,sub-07,9,C4-P4,5.2805,1.7505679908286123,1,0,0,1
3163,sub-07,9,P3-Pz,6.6365,14.33604302563743,0,1,0,0
3164,sub-07,9,F7-T3,7.033,4.325786861672773,1,0,0,1
3165,sub-07,9,F4-C4,12.47075,31.861200515776915,0,0,0,0
3166,sub-07,9,F8-T4,18.4665,11.104873301206613,0,0,0,0
3167,sub-07,9,P3-Cz,19.36625,31.51878866088572,0,0,0,0
3168,sub-07,9,Fp1-F3,26.74375,48.54555957926724,0,0,1,0
3169,sub-07,9,F7-C3,28.495,53.40202567942613,0,0,0,0
3170,sub-07,9,T6-O2,34.4615,17.955817520674607,0,0,0,0
3171,sub-07,9,Pz-O1,37.32325,23.972866060613367,0,0,0,0
3172,sub-07,9,Pz-O2,39.77325,28.39705147910871,0,0,1,0
3173,sub-07,9,F7-C3,44.2405,59.7208282745926,0,0,0,0
3174,sub-07,9,T4-T6,48.728,28.106438418529326,1,1,1,1
3175,sub-07,9,F7-C3,49.278,66.60965048705471,1,0,0,1
3176,sub-07,9,F8-F4,52.8305,75.94599987095535,0,0,0,0
3177,sub-07,9,P4-Cz,58.53225,56.11892943941462,0,0,0,0
3178,sub-07,9,Fp1-F7,60.3585,36.50534548524489,0,0,0,0
3179,sub-07,9,Fp1-Fp2,60.42975,86.61047173286464,1,0,1,0
3180,sub-07,9,F7-F3,61.28625,72.26432210876209,0,0,0,0
3181,sub-07,9,P4-O2,63.43475,87.32564030747112,1,1,1,1
3182,sub-07,9,T5-O1,63.4705,70.80109160491001,2,0,0,1
3183,sub-07,9,Pz-O1,66.0035,41.973237136194236,0,0,0,0
3184,sub-07,9,T4-T6,68.3385,47.83450626484982,0,0,0,0
3185,sub-07,9,T6-C4,69.1795,76.49022617781795,0,0,0,0
3186,sub-07,9,T6-C4,70.5445,48.57147225215968,0,1,1,0
3187,sub-07,9,T3-P3,86.38225,94.91492655219722,0,0,0,0
3188,sub-07,9,F7-T3,86.90175,101.04051709268978,0,0,0,0
3189,sub-07,9,Fp2-Fz,87.66325,73.78265650768205,0,0,0,0
3190,sub-07,9,P3-O1,98.896,106.26401834307023,0,0,1,0
3191,sub-07,9,Pz-O1,104.96975,88.980468256103,0,0,0,0
3192,sub-07,9,T6-C4,106.76325,89.70320896529948,0,0,0,0
3193,sub-07,9,P3-O1,108.13675,137.63369018151593,0,0,0,0
3194,sub-07,9,P3-O1,108.7065,84.69036652784058,0,0,0,0
3195,sub-07,9,Pz-O1,111.52975,99.67912588479533,0,1,0,0
3196,sub-07,9,P3-Cz,124.11,101.51767652715432,0,0,0,0
3197,sub-07,9,T4-T6,126.41775,145.77342004426964,0,0,1,0
3198,sub-07,9,Pz-O1,127.6485,107.06779639805512,1,1,0,1
3199,sub-07,9,T4-P4,135.76575,160.83110518725323,0,0,0,0
3200,sub-07,9,P4-Pz,139.35075,143.33327667584732,0,0,1,0
3201,sub-07,9,T5-C3,144.50425,125.99904738955743,0,0,1,0
3202,sub-07,9,Cz-Pz,145.95625,150.19196210217842,0,1,0,0
3203,sub-07,9,P4-O2,147.4915,128.4237798080255,0,0,0,0
3204,sub-07,9,T4-P4,148.82225,121.97987917007836,0,0,0,0
3205,sub-07,9,P3-Cz,152.694,123.5543704719797,0,0,0,0
3206,sub-07,9,P3-Pz,156.5705,144.6851994701791,1,0,0,1
3207,sub-07,9,Fp2-Fz,157.224,159.59516001663044,0,0,0,0
3208,sub-07,9,Pz-O2,157.889,176.03074812563727,0,0,0,0
3209,sub-07,9,P4-Pz,164.003,170.3311833467549,0,0,0,0
3210,sub-07,9,T4-T6,164.64975,146.30132211340577,2,0,0,1
3211,sub-07,9,Fp1-Fp2,171.9645,159.59686715714088,0,0,0,0
3212,sub-07,9,Cz-Pz,173.56075,169.25804892064343,0,1,1,0
3213,sub-07,9,P4-O2,173.612,148.99478672933486,1,1,1,1
3214,sub-07,9,T4-F4,173.99125,196.12703928264844,2,1,0,1
3215,sub-07,9,F7-T3,177.6025,154.02059099520142,0,0,1,0
3216,sub-07,9,Pz-O1,188.36475,211.88247641731343,0,0,0,0
3217,sub-07,9,P4-O2,189.57025,179.24056266387876,0,0,0,0
3218,sub-07,9,P3-Pz,193.688,199.11610580668267,0,0,0,0
3219,sub-07,9,F8-F4,195.9515,178.6703220387248,1,0,0,1
3220,sub-07,9,C3-Pz,198.5975,217.18143558797289,0,0,1,0
3221,sub-07,9,F7-C3,202.78475,199.59503050744067,0,1,0,0
3222,sub-07,9,Pz-O1,203.228,178.73510550186347,1,1,0,1
3223,sub-07,9,T4-F4,203.268,214.165143794225,2,0,0,1
3224,sub-07,9,T6-C4,204.4805,206.55157634327065,0,0,0,0
3225,sub-07,9,Fp2-F4,210.62725,220.6872676694381,0,1,1,0
3226,sub-07,9,P3-O1,210.66375,227.39379681250574,1,0,0,1
3227,sub-07,9,F8-T4,211.19625,238.39021996738248,0,1,0,0
3228,sub-07,9,F8-T4,214.11,198.65195023349628,1,0,0,1
3229,sub-07,9,Pz-O2,215.68575,213.03777161636017,0,0,0,0
3230,sub-07,9,T5-P3,217.41325,188.55993038193367,1,0,0,1
3231,sub-07,9,T3-F3,219.848,238.5572826283583,0,0,0,0
3232,sub-07,9,P4-O2,220.745,239.11666413847317,0,0,0,0
3233,sub-07,9,T3-P3,223.6325,202.58490043941498,0,0,1,0
3234,sub-07,9,P4-Pz,225.1955,230.75554000486076,0,0,0,0
3235,sub-07,9,T4-T6,225.83575,250.61520528576887,0,0,0,0
3236,sub-07,9,F3-Fz,227.13275,214.0242630326021,0,0,1,0
3237,sub-07,9,Pz-O1,228.782,218.0313133504894,0,0,0,0
3238,sub-07,9,Fp2-F8,230.0995,233.2720235953039,0,1,0,0
3239,sub-07,9,F7-F3,230.15,232.51377966057163,1,0,0,1
3240,sub-07,9,Fp2-F8,232.24025,210.88548884785908,2,0,0,1
3241,sub-07,9,F7-C3,234.1605,209.29078776263106,0,0,0,0
3242,sub-07,9,C3-P3,234.59775,229.27236838431097,1,0,1,0
3243,sub-07,9,T6-P4,240.1785,212.333652056282,0,0,0,0
3244,sub-07,9,T3-C3,241.822,244.28980915984894,2,0,0,1
3245,sub-07,9,Cz-Pz,244.01225,271.00996592002696,0,1,0,0
3246,sub-07,9,P3-O1,248.90425,259.993322032567,0,0,0,0
3247,sub-07,9,P4-O2,265.92625,256.93514743738433,0,0,0,0
3248,sub-07,9,T3-C3,267.16975,259.77833270745526,0,0,0,0
3249,sub-07,9,P4-Pz,267.70575,290.2677714190999,0,0,1,0
3250,sub-07,9,P4-O2,268.874,286.0173415615506,0,1,1,0
3251,sub-07,9,T4-T6,268.92325,281.3183883061989,1,1,0,1
3252,sub-07,9,T6-O2,268.9495,244.25736330911258,2,1,0,0
3253,sub-07,9,P4-Pz,277.492,248.245379911673,0,0,0,0
3254,sub-07,9,Pz-O1,279.4475,267.84810392644675,1,1,0,1
3255,sub-07,9,T6-O2,279.518,291.4463317476284,2,0,0,1
3256,sub-07,9,Fp2-Fz,286.081,258.60858022308815,0,1,1,0
3257,sub-07,9,P3-Pz,286.494,277.9653920565274,1,1,0,1
3258,sub-07,9,Pz-O1,288.63675,285.102287792683,0,0,1,0
3259,sub-07,9,F3-Fz,290.373,298.65955959589024,0,1,1,0
3260,sub-07,9,Fp2-F4,291.31175,279.98748793155363,1,0,0,1
3261,sub-07,9,Pz-O2,292.51,283.6015931047182,0,0,1,0
3262,sub-07,9,T4-T6,295.5445,298.9637231448295,1,1,0,1
3263,sub-07,9,Cz-Pz,296.0315,285.53868086305374,1,0,0,1
3264,sub-08,1,O1-O2,18.2985,14.113813511675168,0,0,0,0
3265,sub-08,1,T6-O2,23.58775,52.80217766036181,0,0,0,0
3266,sub-08,1,T6-O2,55.453,71.15119771966046,0,0,0,0
3267,sub-08,1,T3-F3,65.5545,70.02797458020356,0,0,0,0
3268,sub-08,1,T6-C4,66.627,63.355611933405335,0,0,0,0
3269,sub-08,1,T6-O2,111.106,96.7244374341251,0,0,0,0
3270,sub-08,1,T4-T6,121.951,148.60131764063783,0,1,0,0
3271,sub-08,1,P3-O1,122.0835,144.74200483734185,2,0,0,1
3272,sub-08,1,Cz-Pz,122.62725,111.99187778018799,0,0,0,0
3273,sub-08,1,F4-Fz,126.88,134.63681538935697,0,1,0,0
3274,sub-08,1,Fp2-F4,126.9095,151.96980287243497,1,1,0,0
3275,sub-08,1,T6-C4,127.16025,144.48731804572503,2,0,0,1
3276,sub-08,1,T4-T6,144.43125,140.19879422236795,1,0,0,1
3277,sub-08,1,P3-O1,159.6,151.04513097446545,0,0,0,0
3278,sub-08,1,Pz-O2,163.5785,189.07770170596473,0,0,0,0
3279,sub-08,1,P3-O1,167.619,153.9997719483145,0,0,0,0
3280,sub-08,1,T4-T6,171.28075,147.03711976454966,0,0,0,0
3281,sub-08,1,T6-O2,203.5035,222.3304167290326,0,0,0,0
3282,sub-08,1,P4-Pz,216.33775,187.38439580629202,0,0,0,0
3283,sub-08,1,T6-O2,222.93575,227.2259265812787,0,0,0,0
3284,sub-08,1,T6-O2,232.4115,259.85041635551295,0,1,0,0
3285,sub-08,1,Fp1-Fz,233.5085,216.826063328373,1,1,0,0
3286,sub-08,1,P3-Pz,238.29675,250.70980088824572,0,0,0,0
3287,sub-08,1,Fp1-Fp2,255.4165,228.3189248101691,0,1,0,0
3288,sub-08,1,T6-C4,293.23025,269.9546688115517,0,0,0,0
3289,sub-08,2,O1-O2,29.6105,55.229258776245814,0,0,0,0
3290,sub-08,2,F3-C3,40.23625,34.8153740413619,0,0,0,0
3291,sub-08,2,Pz-O2,44.7425,42.22066542072058,0,0,0,0
3292,sub-08,2,T6-P4,56.303,81.3623293054909,0,0,0,0
3293,sub-08,2,Pz-O2,58.8805,29.686721533347942,1,0,0,0
3294,sub-08,2,T6-P4,67.44425,64.63119504916068,1,0,0,0
3295,sub-08,2,C4-Pz,75.69975,96.49468212846557,0,1,0,0
3296,sub-08,2,T4-T6,75.828,104.91411006418447,1,0,0,1
3297,sub-08,2,T4-T6,93.66425,67.97152073337384,0,0,0,0
3298,sub-08,2,T5-O1,101.2525,84.5291257498614,0,0,0,0
3299,sub-08,2,Pz-O2,104.637,85.12769441581776,0,0,0,0
3300,sub-08,2,P4-Cz,105.5205,99.84367116956561,0,1,0,0
3301,sub-08,2,Pz-O2,105.591,87.46814205221587,1,0,0,1
3302,sub-08,2,T4-T6,117.84875,109.02977391869209,0,0,0,0
3303,sub-08,2,Fp2-F4,135.765,154.7330074093711,1,0,1,0
3304,sub-08,2,T4-F4,135.818,105.99501844388827,2,0,0,0
3305,sub-08,2,Pz-O2,138.74025,130.2227782642318,0,1,0,0
3306,sub-08,2,Fp1-F7,154.8655,172.32620301342507,1,0,0,1
3307,sub-08,2,Fp1-Fp2,154.89675,139.18429674463158,2,0,0,1
3308,sub-08,2,Fp1-Fp2,155.0625,179.48147794762946,2,0,0,0
3309,sub-08,2,Fp1-Fp2,156.1185,133.36229538286503,0,0,0,0
3310,sub-08,2,Fp1-F3,158.69975,165.29827758632098,0,0,0,0
3311,sub-08,2,T6-P4,179.3205,156.5220747115433,1,0,0,1
3312,sub-08,2,T6-C4,205.61425,194.92461789093954,1,1,0,1
3313,sub-08,2,T6-O2,243.076,224.8499236008975,0,0,0,0
3314,sub-08,2,P4-O2,244.228,237.79957483891522,0,0,0,0
3315,sub-08,2,P4-Cz,244.259,233.79457518695494,1,0,0,0
3316,sub-08,2,T4-T6,254.33225,268.45089587063114,0,0,0,0
3317,sub-08,2,P4-O2,275.97975,258.05123838140577,0,1,0,0
3318,sub-08,2,P3-O1,276.08625,268.21345740132824,1,0,0,1
3319,sub-08,2,T6-O2,278.184,248.9083930295395,0,0,0,0
3320,sub-08,3,T6-O2,5.98975,24.650067330775002,0,0,0,0
3321,sub-08,3,T6-O2,13.2455,2.7462386779288384,1,0,0,1
3322,sub-08,3,C4-P4,18.23325,22.90742107898921,0,0,0,0
3323,sub-08,3,Pz-O1,36.8375,41.60099346624815,0,0,0,0
3324,sub-08,3,T5-O1,62.382,52.04720944944005,0,0,1,0
3325,sub-08,3,T6-P4,72.77425,87.1188490730183,1,0,0,1
3326,sub-08,3,Fp1-Fp2,84.29,88.2885320180793,0,0,0,0
3327,sub-08,3,Fp1-F7,86.79575,69.5508212148118,0,0,0,0
3328,sub-08,3,O1-O2,128.7665,114.61179728802662,0,0,0,0
3329,sub-08,3,T6-C4,132.37275,142.41799679950518,0,0,0,0
3330,sub-08,3,T6-O2,134.48725,143.95420543396355,0,0,0,0
3331,sub-08,3,Fp2-F8,137.1295,115.11447866463979,0,1,0,0
3332,sub-08,3,Fp1-F3,137.177,132.85241954162944,1,0,0,1
3333,sub-08,3,Fp1-F7,137.7845,160.53215642078538,0,0,0,0
3334,sub-08,3,F3-Fz,138.8645,145.771592573148,0,1,0,0
3335,sub-08,3,P4-Pz,156.4685,151.64390361550917,0,0,0,0
3336,sub-08,3,P4-O2,176.765,153.90208065665016,0,0,0,0
3337,sub-08,3,T4-T6,194.29725,167.5029016371516,0,0,0,0
3338,sub-08,3,P3-O1,198.626,179.37498028531513,0,0,0,0
3339,sub-08,3,F7-T3,212.808,194.15257049057846,0,0,1,0
3340,sub-08,3,Pz-O2,228.26025,249.6980929965176,0,0,0,0
3341,sub-08,3,P4-O2,239.63,233.40731963989603,0,1,1,0
3342,sub-08,3,T4-T6,239.6965,253.05598127836708,2,0,0,1
3343,sub-08,3,Fp2-F8,241.351,254.83969598953382,0,0,0,0
3344,sub-08,3,P4-O2,253.0095,247.13742626692797,1,0,0,1
3345,sub-08,3,T5-O1,270.122,261.3778406648543,0,1,0,0
3346,sub-08,3,C3-Pz,281.8865,292.3490771471368,0,0,0,0
3347,sub-08,4,T6-O2,25.60525,55.081937556252896,0,0,0,0
3348,sub-08,4,O1-O2,44.1255,39.44360688991225,0,0,0,0
3349,sub-08,4,Fp1-Fp2,46.9365,70.7745856319227,0,0,0,0
3350,sub-08,4,T6-O2,50.8625,71.3340579493257,0,0,0,0
3351,sub-08,4,Cz-Pz,52.59475,48.129141966092085,0,0,0,0
3352,sub-08,4,T6-C4,62.2055,74.66378851255087,0,0,0,0
3353,sub-08,4,T6-C4,69.39475,54.163771755312,0,0,0,0
3354,sub-08,4,T6-O2,100.64375,109.90452453806849,0,0,0,0
3355,sub-08,4,C4-Pz,111.94875,86.31441052890148,0,1,0,0
3356,sub-08,4,Fp2-F8,125.834,153.80000697391017,0,0,0,0
3357,sub-08,4,O1-O2,144.18825,150.22356666468252,0,0,0,0
3358,sub-08,4,T5-O1,144.24725,134.11000735884,1,0,0,0
3359,sub-08,4,T6-O2,155.86825,145.7356604862094,1,1,0,0
3360,sub-08,4,P4-O2,164.55525,171.104560939145,0,0,0,0
3361,sub-08,4,T6-O2,171.5415,145.34306897031465,0,0,0,0
3362,sub-08,4,T3-P3,194.1995,221.64989110173414,0,0,0,0
3363,sub-08,4,T5-P3,206.7295,210.54726220697484,0,0,0,0
3364,sub-08,4,T6-C4,207.36175,199.1693191444057,1,0,0,0
3365,sub-08,4,Fp1-Fp2,211.5715,188.65570947053547,0,0,1,0
3366,sub-08,4,P3-Pz,223.73175,244.2908091595452,0,0,0,0
3367,sub-08,4,P4-O2,233.27925,225.52178433778832,0,1,0,0
3368,sub-08,4,Fp1-F3,286.785,295.0076296567319,0,0,1,0
3369,sub-08,5,T6-O2,24.048,7.413524804474765,0,1,0,0
3370,sub-08,5,F7-F3,24.52575,38.984846891131724,1,1,0,1
3371,sub-08,5,T5-O1,38.93625,25.760576243266044,0,0,0,0
3372,sub-08,5,T6-C4,74.808,65.83375874799691,0,0,1,0
3373,sub-08,5,Fp2-F4,77.31825,54.86991454193104,0,0,0,0
3374,sub-08,5,O1-O2,92.916,65.36378237018678,0,1,0,0
3375,sub-08,5,T5-P3,92.98175,121.00277360201139,1,0,1,1
3376,sub-08,5,T5-P3,148.735,155.39590643461983,0,1,0,0
3377,sub-08,5,T6-O2,148.8755,130.97087612505354,1,1,0,1
3378,sub-08,5,T6-O2,154.0535,176.8443763602596,0,0,0,0
3379,sub-08,5,T6-O2,159.54325,137.0522044303068,0,0,0,0
3380,sub-08,5,T6-O2,159.9495,149.5639528711814,1,0,0,0
3381,sub-08,5,T5-O1,163.68375,184.24857099919635,0,0,0,0
3382,sub-08,5,Fp2-Fz,179.66725,200.69034502966366,0,0,0,0
3383,sub-08,5,T4-T6,196.20925,223.7539747013358,1,0,0,0
3384,sub-08,5,T4-T6,196.29125,215.23016559525323,2,0,1,0
3385,sub-08,5,T6-O2,202.1695,216.7362329256883,0,0,0,0
3386,sub-08,5,O1-O2,215.12525,189.57318787400325,0,1,0,0
3387,sub-08,5,T3-P3,215.31225,196.66670660067723,2,1,0,1
3388,sub-08,5,T6-C4,215.6245,196.37522204106546,3,0,0,1
3389,sub-08,5,T6-O2,235.67675,206.5444363301575,0,0,0,0
3390,sub-08,5,T6-O2,236.17425,224.1722234349937,1,0,0,0
3391,sub-08,5,T5-O1,248.41525,224.49721332578537,0,0,0,0
3392,sub-08,6,T6-C4,4.5345,26.120157450030423,0,0,0,0
3393,sub-08,6,T3-P3,20.987,27.500229995733672,0,0,0,0
3394,sub-08,6,T6-P4,96.025,98.8751788119759,0,0,0,0
3395,sub-08,6,P4-Cz,126.4965,112.40244654439086,0,0,0,0
3396,sub-08,6,T4-T6,130.752,118.75544755980921,0,0,1,0
3397,sub-08,6,C3-Pz,145.94225,154.93983339555706,0,0,0,0
3398,sub-08,6,T4-T6,162.94825,166.94736691649513,0,0,0,0
3399,sub-08,6,Fp1-Fz,232.09675,260.0428814911125,0,0,0,0
3400,sub-08,6,P4-Cz,243.18175,216.44737497038477,0,0,0,0
3401,sub-08,6,T6-C4,268.74225,244.08450146865803,0,0,0,0
3402,sub-09,1,C3-Fz,14.887,43.83137786463335,0,0,0,0
3403,sub-09,1,P4-Cz,15.4405,0.7986731754125014,0,0,0,0
3404,sub-09,1,T5-C3,47.75925,45.04901173537946,0,0,0,0
3405,sub-09,1,P3-Cz,62.72,80.21232261709658,0,1,1,0
3406,sub-09,1,Fp1-Fz,62.786,86.73966009466737,1,0,0,1
3407,sub-09,1,F3-Cz,72.43425,66.9984020151476,0,0,0,0
3408,sub-09,1,T5-O1,86.37025,115.26122507370032,0,0,0,0
3409,sub-09,1,T5-P3,96.472,93.68156031917903,0,0,0,0
3410,sub-09,1,T5-C3,117.8565,115.8038879437756,0,0,0,0
3411,sub-09,1,P3-Cz,139.143,164.46747764231836,0,0,0,0
3412,sub-09,1,C3-Cz,139.168,156.20756352356534,1,0,0,0
3413,sub-09,1,F8-F4,140.65175,113.71838002693953,0,0,0,0
3414,sub-09,1,T5-P3,154.63375,180.38712924181337,0,0,0,0
3415,sub-09,1,T3-T5,167.85425,163.3547041516398,0,0,0,0
3416,sub-09,1,Fp2-F4,171.6825,194.5458700724468,0,0,0,0
3417,sub-09,1,T3-P3,193.7105,170.3564688831301,0,1,0,0
3418,sub-09,1,Fp1-Fz,200.721,170.9154672810192,0,1,0,0
3419,sub-09,1,F3-Fz,200.75075,196.49778854412924,1,0,0,0
3420,sub-09,1,F3-Cz,200.802,194.07903666022398,2,0,0,1
3421,sub-09,1,T5-C3,207.80425,194.75356917536112,0,0,0,0
3422,sub-09,1,Fp1-Fz,220.66725,242.71436131260828,0,0,0,0
3423,sub-09,1,P3-Cz,229.4205,257.4416165635273,0,0,0,0
3424,sub-09,1,T5-C3,239.061,229.34452400016735,0,0,1,0
3425,sub-09,1,T5-C3,239.155,247.0698256389722,1,0,0,0
3426,sub-09,1,P3-Cz,267.01025,280.75785786479685,0,0,0,0
3427,sub-09,1,C4-Cz,268.79225,279.40860874279787,0,0,0,0
3428,sub-09,1,T4-F4,272.51725,293.7813882190498,0,0,0,0
3429,sub-09,1,C4-Pz,286.82625,296.96046035347416,0,0,0,0
3430,sub-09,1,T5-C3,288.853,263.12966310153007,0,0,0,0
3431,sub-09,2,T3-T5,1.45925,30.62464474458743,0,1,0,0
3432,sub-09,2,P3-Cz,2.2485,21.457787806523903,1,0,0,0
3433,sub-09,2,T5-C3,3.0285,17.099965991139978,0,0,0,0
3434,sub-09,2,Fz-Cz,21.28975,13.505187828574812,0,0,0,0
3435,sub-09,2,T5-C3,35.41075,53.98517076024667,0,0,0,0
3436,sub-09,2,Pz-O1,51.8475,30.800133929761557,0,0,0,0
3437,sub-09,2,Fp2-F4,52.8865,55.09160985342483,0,0,0,0
3438,sub-09,2,T3-T5,59.904,30.72273048386526,0,0,0,0
3439,sub-09,2,F3-Cz,70.15125,90.40235898093496,0,0,0,0
3440,sub-09,2,F4-C4,74.43275,51.07993663774624,0,0,0,0
3441,sub-09,2,F4-Cz,75.9995,79.32636120121126,0,0,0,0
3442,sub-09,2,Fp2-F4,85.33225,91.30861469495945,0,0,0,0
3443,sub-09,2,P3-Pz,88.391,94.50474911789544,0,1,0,0
3444,sub-09,2,T5-C3,88.68925,103.84893027519463,1,0,0,1
3445,sub-09,2,F3-Cz,128.46775,143.9419456285705,0,1,0,0
3446,sub-09,2,P3-Pz,131.32575,122.12051484920033,0,0,0,0
3447,sub-09,2,T3-P3,137.38825,127.95018446065924,0,0,0,0
3448,sub-09,2,F3-Fz,152.668,143.2001795576474,0,0,0,0
3449,sub-09,2,T5-C3,153.20975,165.69614793905652,0,0,0,0
3450,sub-09,2,T5-C3,163.4385,140.64308674301643,0,0,0,0
3451,sub-09,2,T3-T5,163.50425,171.8556307521897,1,0,0,0
3452,sub-09,2,T5-C3,179.41375,171.92051247635325,1,0,0,0
3453,sub-09,2,T3-T5,199.569,178.24262151595286,0,0,0,0
3454,sub-09,2,T4-P4,215.12025,198.38277491157572,0,0,0,0
3455,sub-09,2,T3-T5,221.215,248.6362554248249,0,0,0,0
3456,sub-09,2,T5-C3,240.514,225.59702975663453,0,0,0,0
3457,sub-09,2,T5-P3,241.82175,233.7665826074279,0,0,0,0
3458,sub-09,2,T5-C3,241.86425,265.2023589160336,1,0,0,0
3459,sub-09,2,Cz-Pz,249.14625,258.6864445212888,0,0,0,0
3460,sub-09,2,P3-Cz,249.226,221.6532347510522,1,0,0,0
3461,sub-09,2,T3-P3,261.63475,282.8182174326235,0,0,0,0
3462,sub-09,2,T5-P3,263.46,240.0322658791275,0,0,0,0
3463,sub-09,2,F7-T3,268.4715,245.17643281351573,0,0,1,0
3464,sub-09,2,C3-Cz,272.16625,255.46294101712792,0,0,0,0
3465,sub-09,2,P3-Cz,277.25175,285.5643310543839,0,0,0,0
3466,sub-09,2,T5-P3,292.1055,284.5469362060138,0,0,0,0
3467,sub-09,3,T3-P3,2.2525,11.927934611359976,0,0,0,0
3468,sub-09,3,T3-P3,56.22175,61.82504731327428,0,0,0,0
3469,sub-09,3,T4-P4,57.36675,67.03237020504662,0,0,0,0
3470,sub-09,3,T5-C3,67.668,84.37406918556314,0,1,0,0
3471,sub-09,3,F8-F4,73.45875,57.045742470072526,0,0,1,0
3472,sub-09,3,T3-P3,77.541,94.3102347114879,0,0,0,0
3473,sub-09,3,T4-T6,86.32225,92.93399684901964,0,0,0,0
3474,sub-09,3,T3-T5,100.65975,113.9118868862181,1,0,0,1
3475,sub-09,3,T3-T5,104.619,82.17029650213931,0,1,0,0
3476,sub-09,3,P3-O1,104.66,113.86224682294961,1,1,0,1
3477,sub-09,3,F7-T3,104.696,100.87861079984273,2,0,0,1
3478,sub-09,3,T3-T5,113.7965,87.9574847617806,0,0,0,0
3479,sub-09,3,T3-C3,121.67625,100.59595795430593,1,0,0,0
3480,sub-09,3,T3-P3,121.73975,140.54368374060914,2,0,0,0
3481,sub-09,3,T3-C3,128.81675,144.64081033036632,0,1,0,0
3482,sub-09,3,T3-F3,128.85675,134.3688987467467,1,1,0,0
3483,sub-09,3,P3-Cz,129.01125,121.82782783289515,3,0,0,1
3484,sub-09,3,T3-T5,146.821,174.81115695870278,0,0,0,0
3485,sub-09,3,T5-C3,157.70125,182.70553567404397,0,0,0,0
3486,sub-09,3,T3-P3,163.61425,176.51135989658124,1,0,0,1
3487,sub-09,3,T5-C3,166.99175,183.30041716075672,0,0,0,0
3488,sub-09,3,F8-C4,168.60525,149.43786264629261,0,1,0,0
3489,sub-09,3,T3-P3,169.076,163.67993615772292,2,0,0,1
3490,sub-09,3,T5-P3,176.13525,200.27637668637067,0,0,0,0
3491,sub-09,3,T3-T5,190.254,175.44484588575094,0,0,0,0
3492,sub-09,3,P4-O2,201.69625,180.8222242398819,0,0,0,0
3493,sub-09,3,T3-T5,203.372,179.605869619354,0,0,0,0
3494,sub-09,3,P3-O1,204.43475,217.6189991932759,0,1,0,0
3495,sub-09,3,T3-T5,204.4685,201.97449006182683,1,0,0,1
3496,sub-09,3,T5-O1,207.598,190.34580033216207,1,0,0,1
3497,sub-09,3,Pz-O1,216.51475,246.5117116463599,1,0,0,1
3498,sub-09,3,P3-O1,230.945,234.00671219647504,0,0,0,0
3499,sub-09,3,T5-P3,230.98775,249.77115318332693,1,0,0,0
3500,sub-09,3,F3-Fz,249.65875,266.35631381658754,0,0,0,0
3501,sub-09,3,T4-T6,250.312,225.5109942985236,0,0,0,0
3502,sub-09,3,F3-Cz,274.25275,281.0700020288562,0,0,0,0
3503,sub-09,3,T3-T5,291.543,298.2074094100712,0,0,0,0
3504,sub-09,3,P3-Cz,295.6085,268.780277875508,0,0,0,0
3505,sub-09,3,P3-O1,296.716,276.6231554749651,0,0,0,0
3506,sub-09,3,T5-O1,296.8195,272.1836203227779,1,0,0,0
3507,sub-09,4,Pz-O1,3.73625,27.616395896529923,0,0,1,0
3508,sub-09,4,F8-T4,10.616,1.6277719908508974,0,0,0,0
3509,sub-09,4,T3-P3,11.201,39.17441011635634,0,0,0,0
3510,sub-09,4,T3-T5,11.579,28.366366461887786,1,1,0,0
3511,sub-09,4,F3-Cz,18.9345,43.8617075667912,0,0,0,0
3512,sub-09,4,T5-C3,27.887,14.838971690962477,0,0,0,0
3513,sub-09,4,C3-Fz,43.1005,62.26581251629504,0,0,0,0
3514,sub-09,4,T5-C3,91.8525,98.13316918262285,0,0,0,0
3515,sub-09,4,C4-P4,94.08875,86.13960502695836,0,0,0,0
3516,sub-09,4,T5-C3,103.508,97.99465089375249,0,0,0,0
3517,sub-09,4,F3-Fz,109.377,101.82143421684518,0,0,0,0
3518,sub-09,4,T5-C3,114.87975,110.87896708651122,0,0,0,0
3519,sub-09,4,Fz-Cz,123.7465,104.4175728914066,0,1,0,0
3520,sub-09,4,C4-P4,123.8045,103.59172063194819,1,0,0,1
3521,sub-09,4,F3-Fz,130.453,160.08505704750257,0,1,1,0
3522,sub-09,4,T3-F3,130.5485,153.1147102570978,2,0,0,1
3523,sub-09,4,T5-C3,145.675,163.96561028249675,0,0,0,0
3524,sub-09,4,T5-P3,160.381,158.04945912149154,0,0,0,0
3525,sub-09,4,T5-C3,160.51325,162.51485532587526,1,0,0,0
3526,sub-09,4,F3-Fz,181.73725,210.43588923343424,0,0,0,0
3527,sub-09,4,Fp1-Fz,181.78,178.85486359558962,1,0,0,0
3528,sub-09,4,C4-P4,209.036,192.30355321723098,0,0,0,0
3529,sub-09,4,T5-O1,214.666,212.34153950837162,0,0,0,0
3530,sub-09,4,T5-C3,215.808,220.5106199691153,0,0,0,0
3531,sub-09,4,Pz-O1,235.0135,215.28708372032844,0,0,0,0
3532,sub-09,4,T5-C3,241.112,217.99121980973106,0,0,0,0
3533,sub-09,4,P3-O1,246.7695,276.01886128469806,0,0,0,0
3534,sub-09,4,T5-C3,252.691,260.5031936781071,0,0,0,0
3535,sub-09,4,C3-P3,270.90475,282.7529207176414,0,0,0,0
3536,sub-09,4,F3-Cz,277.5645,280.8019321616258,0,0,0,0
3537,sub-09,4,Fp1-F3,277.59475,252.95012818041755,1,0,0,0
3538,sub-09,4,T3-T5,282.13875,292.38567117215786,0,0,0,0
3539,sub-09,4,T5-C3,286.597,277.1031187400732,0,0,1,0
3540,sub-09,4,C3-Fz,293.918,274.2737959301555,0,0,0,0
3541,sub-09,4,T3-T5,296.8405,281.1567760202631,0,1,0,0
3542,sub-09,4,Fp1-Fz,297.32075,271.2348267064234,1,0,0,1
3543,sub-09,5,P3-O1,11.96475,40.1865936121706,0,0,0,0
3544,sub-09,5,T4-F4,14.1535,17.52385874084051,0,0,0,0
3545,sub-09,5,F3-Cz,20.39975,13.423221372198599,0,0,0,0
3546,sub-09,5,T5-O1,33.8355,19.31740249215784,0,0,0,0
3547,sub-09,5,T3-C3,43.05275,49.58227595669308,0,0,1,0
3548,sub-09,5,P3-Cz,49.92425,52.98414435386214,0,0,1,0
3549,sub-09,5,T5-C3,53.169,67.93971417765098,0,0,0,0
3550,sub-09,5,F3-Cz,82.43675,91.27926990070091,0,0,0,0
3551,sub-09,5,F3-Cz,87.883,64.6294355821736,0,0,0,0
3552,sub-09,5,Pz-O1,97.5885,110.86277574659894,0,0,0,0
3553,sub-09,5,Fp1-F3,124.461,146.87878546643066,0,0,0,0
3554,sub-09,5,Fp2-Fz,131.1565,114.56271480401216,1,0,0,1
3555,sub-09,5,F3-Cz,132.461,158.46025006787875,0,0,0,0
3556,sub-09,5,T5-C3,141.942,160.96276301094142,0,1,0,0
3557,sub-09,5,Fp1-F3,142.33675,131.1243149305672,1,1,1,1
3558,sub-09,5,F3-Cz,142.49625,124.65975140827182,2,0,0,1
3559,sub-09,5,F3-Cz,165.9795,187.16203605315687,1,0,0,1
3560,sub-09,5,Pz-O1,168.94525,187.66842359983244,0,0,0,0
3561,sub-09,5,F3-Cz,187.03425,167.2470382453164,0,0,0,0
3562,sub-09,5,T5-C3,191.86475,188.68289323368936,0,0,0,0
3563,sub-09,5,T3-T5,201.27725,177.40131289747427,0,0,0,0
3564,sub-09,5,T5-C3,208.329,214.19889939342713,0,0,0,0
3565,sub-09,5,T5-O1,215.55375,242.8939171060338,0,0,0,0
3566,sub-09,5,T3-T5,215.65825,208.75602936454496,2,0,0,1
3567,sub-09,5,F3-Cz,217.2095,225.9604023571167,0,0,0,0
3568,sub-09,5,T5-P3,220.27425,231.03489006484284,1,0,0,1
3569,sub-09,5,Fp2-F8,223.48925,237.23724917199166,0,0,0,0
3570,sub-09,5,F3-Cz,225.02225,205.56069542384,0,0,0,0
3571,sub-09,5,T4-F4,228.8825,254.31605597290476,0,0,0,0
3572,sub-09,5,T5-C3,244.86425,257.89073477892157,0,0,0,0
3573,sub-09,5,T5-O1,246.315,244.0150514323954,0,0,0,0
3574,sub-09,5,F3-Cz,248.269,224.983107634825,0,0,0,0
3575,sub-09,5,Fp2-F8,271.593,266.070508793626,0,1,1,0
3576,sub-09,5,Cz-Pz,278.944,286.31022802233247,0,0,0,0
3577,sub-09,5,T5-O1,289.3085,286.244332573541,0,0,0,0
3578,sub-09,5,T5-C3,292.639,281.73090007863766,0,1,0,0
3579,sub-09,6,T5-C3,1.54425,29.267738445283605,0,0,0,0
3580,sub-09,6,F8-T4,9.39575,35.07454290519702,0,0,0,0
3581,sub-09,6,C3-Fz,17.46775,11.227089139410928,0,0,0,0
3582,sub-09,6,T5-C3,44.34025,37.86707928343581,0,0,0,0
3583,sub-09,6,Fp2-Fz,52.95425,44.25166812588469,0,1,1,0
3584,sub-09,6,T3-T5,55.6235,46.28392968101241,0,0,0,0
3585,sub-09,6,T5-O1,66.24275,43.41673093117018,0,0,0,0
3586,sub-09,6,T5-C3,77.98,74.63780296856362,0,0,0,0
3587,sub-09,6,T5-C3,86.209,108.51642425083347,0,0,0,0
3588,sub-09,6,T5-P3,89.51175,114.11294606399852,0,0,0,0
3589,sub-09,6,T5-C3,95.96675,121.07691837627823,0,0,0,0
3590,sub-09,6,T3-T5,99.39975,121.57580585284252,0,0,0,0
3591,sub-09,6,T5-C3,104.26925,130.04606770222074,0,0,0,0
3592,sub-09,6,T3-T5,122.77325,107.84821425174768,0,0,0,0
3593,sub-09,6,T5-C3,149.57825,164.7192753148066,0,0,0,0
3594,sub-09,6,Fp1-Fz,163.0225,153.83536485479516,0,0,0,0
3595,sub-09,6,Pz-O1,168.23025,197.59175388922012,0,0,0,0
3596,sub-09,6,T5-P3,170.2985,160.12400659861774,0,0,0,0
3597,sub-09,6,F3-Fz,177.95,174.3076170954802,0,0,0,0
3598,sub-09,6,T4-C4,180.702,186.879620857941,0,0,0,0
3599,sub-09,6,T4-F4,181.18075,163.4250380478842,1,0,0,0
3600,sub-09,6,T5-C3,184.76125,156.90822891637754,0,0,0,0
3601,sub-09,6,T5-C3,193.04575,204.22224717881278,0,0,0,0
3602,sub-09,6,P3-Cz,201.42875,188.05754980144246,0,0,0,0
3603,sub-09,6,C4-Cz,202.173,193.72985921469237,0,0,0,0
3604,sub-09,6,T3-T5,227.48975,250.16590603673149,0,0,0,0
3605,sub-09,6,T3-P3,228.07725,232.68766821994774,0,0,0,0
3606,sub-09,6,T5-O1,230.227,246.49637999617704,0,0,0,0
3607,sub-09,6,T3-T5,257.608,269.42550086671855,0,0,0,0
3608,sub-09,6,T5-C3,263.64525,234.11881754959174,0,0,0,0
3609,sub-09,6,F3-C3,297.718,285.77993920469567,0,0,0,0
3610,sub-09,7,T4-C4,7.04125,11.199616728205456,0,0,0,0
3611,sub-09,7,T3-C3,18.32925,16.12651228753043,0,0,0,0
3612,sub-09,7,T5-P3,20.067,27.499340818477737,0,0,0,0
3613,sub-09,7,P4-O2,23.56425,9.901667731846253,0,0,0,0
3614,sub-09,7,T3-C3,25.8385,19.049279974231794,0,0,0,0
3615,sub-09,7,T5-C3,25.98575,18.55385595526976,1,0,0,0
3616,sub-09,7,T3-F3,35.8885,17.360787369911243,0,0,0,0
3617,sub-09,7,T6-P4,42.72775,63.54974191074117,0,0,0,0
3618,sub-09,7,P3-Cz,61.0225,70.35327808492256,0,0,0,0
3619,sub-09,7,P3-O1,86.70675,84.69357181472203,0,0,0,0
3620,sub-09,7,Pz-O1,89.517,106.73091244154101,0,0,0,0
3621,sub-09,7,T5-C3,114.17675,89.18524908774327,0,1,1,0
3622,sub-09,7,Fp1-Fz,114.448,89.58139521307709,1,0,0,1
3623,sub-09,7,T4-P4,134.06375,124.9687616541702,0,0,0,0
3624,sub-09,7,T3-T5,142.50225,134.18301585407337,1,0,0,1
3625,sub-09,7,P3-O1,148.4235,161.50089905848273,0,0,0,0
3626,sub-09,7,T5-C3,162.13575,139.02775650627405,0,0,0,0
3627,sub-09,7,T5-C3,173.92025,181.33043584518407,0,0,0,0
3628,sub-09,7,T5-C3,198.517,178.58201319336433,0,0,0,0
3629,sub-09,7,Fp1-Fz,203.4755,212.1338440035877,0,0,0,0
3630,sub-09,7,T5-C3,204.0095,189.82538716948457,0,0,0,0
3631,sub-09,7,T4-P4,207.056,193.53100044508858,0,0,0,0
3632,sub-09,7,T5-O1,209.60325,213.13382953371163,0,0,0,0
3633,sub-09,7,T5-C3,215.36075,191.32404573868578,0,0,0,0
3634,sub-09,7,F7-F3,237.1855,255.20936856632846,0,0,0,0
3635,sub-09,7,T5-P3,253.8865,230.26758954217448,0,0,0,0
3636,sub-09,7,Fz-Cz,261.91025,259.2920042592666,0,0,0,0
3637,sub-09,7,T3-P3,270.89275,295.1330080512236,0,0,0,0
3638,sub-09,7,T5-C3,271.825,264.1560012895745,0,0,0,0
3639,sub-09,7,T4-F4,273.53075,276.48378326073595,0,0,0,0
3640,sub-09,7,T5-P3,297.3035,290.2382235344977,0,1,0,0
3641,sub-09,7,Fp2-F4,297.66125,281.3613208956896,1,0,0,1
3642,sub-09,8,P3-O1,17.71175,45.36903547144047,0,0,0,0
3643,sub-09,8,T5-C3,31.024,42.315090218243355,0,0,0,0
3644,sub-09,8,T3-T5,32.46225,22.588892682623253,0,0,0,0
3645,sub-09,8,T5-C3,50.875,73.27262739045142,0,0,1,0
3646,sub-09,8,T3-T5,55.8405,36.22574367555195,0,0,0,0
3647,sub-09,8,T5-P3,61.00725,79.03825888674342,0,0,0,0
3648,sub-09,8,T4-T6,73.4475,47.71117602231462,0,0,0,0
3649,sub-09,8,T6-P4,104.7395,132.09273176363297,0,0,0,0
3650,sub-09,8,T5-C3,106.72875,97.53831911398345,0,1,0,0
3651,sub-09,8,T3-P3,106.799,111.4127800285916,1,0,0,1
3652,sub-09,8,T5-O1,110.998,92.40453427049731,0,0,0,0
3653,sub-09,8,T3-T5,112.9855,133.462420994322,0,0,0,0
3654,sub-09,8,T3-T5,124.0455,129.5415869281876,0,0,1,0
3655,sub-09,8,Pz-O1,129.91475,116.40111653690052,0,0,0,0
3656,sub-09,8,T5-C3,164.77775,192.074523663056,0,0,0,0
3657,sub-09,8,T4-P4,169.202,140.66492864731245,0,0,0,0
3658,sub-09,8,T5-O1,183.19475,156.91389018376634,0,0,0,0
3659,sub-09,8,C3-P3,185.1655,170.98777870681198,0,0,0,0
3660,sub-09,8,T4-T6,187.066,178.2598787683001,0,0,0,0
3661,sub-09,8,T3-C3,189.7755,176.91098387726555,0,0,0,0
3662,sub-09,8,T5-P3,202.7165,185.73196977124294,0,0,0,0
3663,sub-09,8,F3-Cz,224.1095,212.82205730967297,0,0,0,0
3664,sub-09,8,T5-O1,283.3475,272.1668036748439,0,0,0,0
3665,sub-09,8,T4-F4,298.9235,290.68661085379705,0,0,0,0
3666,sub-09,9,T3-T5,37.613,20.789260796034274,0,0,0,0
3667,sub-09,9,P4-Cz,53.99575,79.2213607519026,0,0,0,0
3668,sub-09,9,T3-T5,80.1565,57.543851019838755,0,0,0,0
3669,sub-09,9,T5-C3,85.1185,95.98724642941082,0,1,0,0
3670,sub-09,9,T4-P4,85.38975,112.98218330812526,1,0,0,1
3671,sub-09,9,T5-C3,92.84375,107.10554744182537,0,0,0,0
3672,sub-09,9,P3-O1,94.28775,83.90578423127448,0,1,0,0
3673,sub-09,9,P3-O1,94.736,85.58143059549778,2,0,0,1
3674,sub-09,9,P3-O1,100.28625,114.64359093558066,0,0,0,0
3675,sub-09,9,T3-T5,104.33175,107.61443455434933,0,0,1,0
3676,sub-09,9,T4-F4,107.679,111.83429375049111,0,0,0,0
3677,sub-09,9,P3-O1,112.79675,141.3837267475165,0,0,0,0
3678,sub-09,9,T5-P3,114.7505,90.30953043269625,0,0,0,0
3679,sub-09,9,T3-T5,124.53575,147.79089416147826,0,1,0,0
3680,sub-09,9,T4-C4,124.98975,138.6552557634743,1,0,0,1
3681,sub-09,9,P3-Cz,138.29425,149.39379306335064,0,0,0,0
3682,sub-09,9,P3-O1,151.28675,137.92542604182728,0,0,0,0
3683,sub-09,9,T3-T5,164.528,172.38019868318707,0,0,0,0
3684,sub-09,9,P3-O1,167.354,189.1286234640558,0,0,0,0
3685,sub-09,9,P3-O1,193.9215,202.13632053597155,0,0,0,0
3686,sub-09,9,P3-Cz,199.95725,217.58123478368194,0,0,0,0
3687,sub-09,9,T3-T5,211.29475,185.13187019270208,0,0,0,0
3688,sub-09,9,T3-T5,221.74775,215.9194528910386,0,0,0,0
3689,sub-09,9,T3-T5,229.095,220.2690689869272,0,0,0,0
3690,sub-09,9,F3-Fz,247.74275,233.48919355331682,0,0,0,0
3691,sub-09,9,T4-F4,253.50325,230.98474565997293,0,0,0,0
3692,sub-09,9,P4-Cz,259.7035,233.8409238807232,0,0,0,0
3693,sub-09,9,P3-O1,285.4765,289.3904182149547,0,0,0,0
3694,sub-09,9,P3-O1,288.16025,285.5535498351279,1,0,0,1
3695,sub-10,1,T4-T6,12.05825,38.05403318610292,0,0,0,0
3696,sub-10,1,T4-F4,33.28525,53.356007014840614,0,0,0,0
3697,sub-10,1,F3-C3,56.87325,50.021234388195396,0,0,0,0
3698,sub-10,1,F3-C3,84.14375,72.09477738410907,0,0,0,0
3699,sub-10,1,F3-C3,100.199,107.43391233707077,0,0,0,0
3700,sub-10,1,F3-Cz,100.3165,98.31348094748309,1,0,0,0
3701,sub-10,1,F3-Cz,100.758,119.68217211650699,1,0,0,0
3702,sub-10,1,F3-Cz,102.83725,83.71333407015094,0,0,0,0
3703,sub-10,1,C3-Fz,142.248,118.34738290021576,0,0,0,0
3704,sub-10,1,F3-C3,229.5865,201.0902189564687,0,0,0,0
3705,sub-10,1,C4-Fz,288.45375,269.77193630399216,0,0,0,0
3706,sub-10,2,F3-Cz,21.78225,17.302919764463503,0,0,0,0
3707,sub-10,2,Fp2-F8,26.456,11.479613558932824,0,0,0,0
3708,sub-10,2,C3-Fz,28.99625,19.394597613515803,0,0,0,0
3709,sub-10,2,F7-C3,115.66275,123.06941479046948,0,0,0,0
3710,sub-10,2,F3-C3,124.29725,121.29796017629047,0,0,0,0
3711,sub-10,2,C3-Cz,148.7905,130.0503032158485,0,0,0,0
3712,sub-10,2,C3-Fz,167.936,189.3959799986152,0,0,0,0
3713,sub-10,2,C4-Fz,185.02175,187.66139812612892,0,0,0,0
3714,sub-10,2,Fp2-F8,197.872,174.24613629058535,0,0,0,0
3715,sub-10,2,C3-Fz,257.94775,239.85674074638302,0,0,0,0
3716,sub-10,2,F3-C3,288.87225,275.20739487021035,0,0,0,0
3717,sub-10,3,C3-Fz,6.6665,29.785581799726014,0,0,0,0
3718,sub-10,3,C3-Cz,126.975,114.88478598549813,0,0,0,0
3719,sub-10,3,F8-F4,133.3735,128.462924186241,0,0,0,0
3720,sub-10,3,C3-Fz,139.474,168.85397619575474,0,0,0,0
3721,sub-10,3,Fp1-F3,154.40375,126.91736810626801,0,0,1,0
3722,sub-10,3,C3-Fz,160.6785,148.40225556983034,0,0,0,0
3723,sub-10,3,F3-C3,163.13175,186.5407101839131,0,0,0,0
3724,sub-10,3,C3-Fz,169.477,177.9883886279419,0,0,0,0
3725,sub-10,3,F3-C3,197.62975,206.16331897222483,0,0,0,0
3726,sub-10,3,F3-C3,241.28825,243.81958518820431,0,0,0,0
3727,sub-10,3,F3-C3,263.71075,285.6063726023139,0,0,0,0
3728,sub-10,4,F3-C3,108.50125,101.50204068786235,0,0,0,0
3729,sub-10,4,P4-Pz,154.91275,178.3295633809921,0,1,0,0
3730,sub-10,4,F3-C3,155.34,167.18595885647375,1,0,0,1
3731,sub-10,4,T5-C3,161.60025,147.31923076225684,0,1,0,0
3732,sub-10,4,T5-O1,165.18175,160.56383398666586,0,0,0,0
3733,sub-10,4,C3-Fz,167.026,146.68194360294808,0,0,0,0
3734,sub-10,4,T4-F4,168.12125,160.49694482617116,0,0,0,0
3735,sub-10,4,C3-Fz,171.53775,183.30037705715768,0,0,1,0
3736,sub-10,4,T5-C3,174.17625,190.69877206597005,0,1,1,0
3737,sub-10,4,F3-C3,176.704,182.52182044205307,0,0,0,0
3738,sub-10,4,F3-Cz,183.7545,205.01022644888795,0,1,0,0
3739,sub-10,4,T4-P4,184.23175,168.5655831843943,1,0,0,1
3740,sub-10,4,Fp1-F3,190.8755,212.68931348005438,0,0,0,0
3741,sub-10,4,Fp1-F7,192.2375,188.09328632187243,0,0,0,0
3742,sub-10,4,Fp1-F7,192.3165,177.61511379162917,1,0,0,0
3743,sub-10,4,T5-P3,203.7595,216.4811272748102,0,0,0,0
3744,sub-10,4,Fz-Cz,211.5275,228.1965232594039,1,0,0,1
3745,sub-10,4,T3-F3,228.7435,224.57967064906538,0,0,0,0
3746,sub-10,4,T4-P4,248.24575,236.83593682552328,0,0,0,0
3747,sub-10,4,F7-F3,265.98775,283.3047761811846,0,0,0,0
3748,sub-10,4,T4-T6,268.19525,277.57651476819,0,0,0,0
3749,sub-10,4,F8-T4,280.953,269.1166542550816,0,0,0,0
3750,sub-10,4,Fp2-F8,281.108,289.4526659553787,1,0,0,0
3751,sub-10,4,Fp2-F8,281.5105,268.4819742365776,1,0,0,0
3752,sub-10,4,F7-F3,287.0545,283.54243955956736,0,0,0,0
3753,sub-10,4,F7-F3,289.3555,263.67453308961393,0,0,0,0
3754,sub-10,5,F8-C4,5.44425,18.714421041695264,0,0,0,0
3755,sub-10,5,T3-F3,7.1115,23.373337289376014,0,0,0,0
3756,sub-10,5,F4-Cz,9.8005,1.4680983466482083,0,0,0,0
3757,sub-10,5,T4-T6,31.26,54.97114646093783,0,0,0,0
3758,sub-10,5,F8-F4,65.57225,45.7126133032496,0,0,0,0
3759,sub-10,5,F3-Cz,91.292,88.40026444027836,0,0,0,0
3760,sub-10,5,T4-P4,92.3815,110.88896620828072,0,0,0,0
3761,sub-10,5,P3-Cz,95.38275,72.54417675025739,0,0,0,0
3762,sub-10,5,F7-T3,98.917,70.43659703104201,0,0,0,0
3763,sub-10,5,F8-F4,105.67775,79.89725664614241,0,0,0,0
3764,sub-10,5,F8-T4,112.1955,132.112699812046,0,0,0,0
3765,sub-10,5,F3-C3,114.012,132.62067521601352,0,0,0,0
3766,sub-10,5,F4-Fz,118.313,114.55970432427225,0,0,0,0
3767,sub-10,5,F8-F4,120.84775,96.31981225059232,0,1,0,0
3768,sub-10,5,T3-F3,152.9345,127.36252606459696,0,0,0,0
3769,sub-10,5,C3-Fz,154.01975,141.5327305560673,0,0,0,0
3770,sub-10,5,Fz-Cz,197.59325,203.1469189711091,0,0,0,0
3771,sub-10,5,Pz-O2,211.42675,205.02428565613275,0,0,0,0
3772,sub-10,5,Fz-Cz,245.907,248.8049343525712,0,0,0,0
3773,sub-10,5,Fz-Cz,296.55425,292.6014557863872,0,0,0,0
3774,sub-10,6,C3-Fz,64.775,76.94882580011244,0,0,0,0
3775,sub-10,6,F3-Cz,270.52075,298.9878451246148,0,0,0,0
3776,sub-10,7,C3-Fz,48.79125,76.8092228669185,0,0,0,0
3777,sub-10,7,F3-C3,74.40825,93.52616529020203,0,0,0,0
3778,sub-10,7,Fp1-Fz,155.7925,136.53522591011296,0,0,0,0
3779,sub-10,7,C4-Cz,180.79525,209.15717781335928,0,0,0,0
3780,sub-10,7,T5-P3,186.565,201.62578895062398,0,1,0,0
3781,sub-10,7,P3-Cz,269.04,291.2553413161879,0,0,0,0
3782,sub-10,7,C3-Fz,275.9695,247.47781912676973,0,0,0,0
3783,sub-10,7,F3-C3,287.4255,284.7395247538338,0,0,0,0
3784,sub-10,8,C3-Fz,81.183,107.89660741586837,0,0,0,0
3785,sub-10,8,T3-P3,116.91675,146.323878383046,0,0,0,0
3786,sub-10,8,F3-Cz,119.69625,96.94004032359636,0,0,0,0
3787,sub-10,8,F3-Cz,156.21075,151.38920867020016,0,0,0,0
3788,sub-10,8,C3-Fz,175.64975,165.86909620712856,0,0,0,0
3789,sub-10,8,T3-F3,179.37725,181.49001856112523,0,0,0,0
3790,sub-10,8,C3-Fz,214.049,187.11926216038194,0,0,0,0
3791,sub-10,8,T5-C3,275.837,246.1347256006293,0,0,1,0
3792,sub-10,9,C3-Fz,9.16575,19.59883929248592,0,0,0,0
3793,sub-10,9,F3-Cz,15.559,39.20112985378836,0,0,0,0
3794,sub-10,9,T3-F3,38.19675,34.38740002892877,0,1,0,0
3795,sub-10,9,F3-C3,39.699,28.40388986481841,0,0,0,0
3796,sub-10,9,F3-C3,40.32325,47.580298331051814,0,0,0,0
3797,sub-10,9,T3-F3,42.41525,21.456271160099277,0,0,0,0
3798,sub-10,9,C3-Fz,65.6935,74.09953915833839,0,0,0,0
3799,sub-10,9,F3-Cz,98.57225,115.063054983167,0,0,0,0
3800,sub-10,9,C4-Pz,112.99975,140.85235550114535,0,0,0,0
3801,sub-10,9,C3-Fz,177.0485,149.84536838529027,0,0,1,0
3802,sub-10,9,C3-Fz,262.3245,259.2867818873693,0,0,0,0
3803,sub-10,9,F3-C3,266.77125,247.76046583782463,0,0,0,0
3804,sub-10,9,T3-T5,296.56025,277.2635555730413,0,0,0,0
3805,sub-10,10,F4-Fz,2.25375,12.541908626981943,0,0,0,0
3806,sub-10,10,Pz-O2,18.012,20.91236272250918,0,0,0,0
3807,sub-10,10,F3-C3,29.26475,5.454890748013014,0,0,0,0
3808,sub-10,10,C3-Fz,33.97975,43.5728594006329,0,0,0,0
3809,sub-10,10,F3-C3,62.07675,89.6835746737397,0,0,0,0
3810,sub-10,10,C3-Fz,78.336,103.18827445567283,0,0,0,0
3811,sub-10,10,C3-Fz,81.61,101.02088403876473,0,0,0,0
3812,sub-10,10,C3-Fz,95.8235,78.96226247752368,0,0,0,0
3813,sub-10,10,F3-C3,167.64225,174.77192221565562,0,0,0,0
3814,sub-10,10,Fp1-Fz,231.92125,234.8095557446184,1,1,0,1
3815,sub-10,10,C3-Fz,234.24925,247.46983292073972,0,1,0,0
3816,sub-10,10,C3-Fz,239.9735,262.3044061901119,0,0,0,0
3817,sub-10,10,C3-Fz,268.04325,274.7715902118821,0,0,0,0
3818,sub-10,11,C3-Fz,14.96975,0.7003458749332641,0,0,0,0
3819,sub-10,11,T6-C4,71.728,49.67693227025509,0,0,0,0
3820,sub-10,11,C3-Fz,86.74925,115.6990093182171,0,0,0,0
3821,sub-10,11,C3-Cz,89.089,102.6700560496787,0,0,0,0
3822,sub-10,11,F3-C3,110.57775,116.55717897758561,0,0,0,0
3823,sub-10,11,T3-P3,137.75425,164.64127845825755,1,1,0,1
3824,sub-10,11,F3-Cz,141.9305,124.64877566223447,0,0,0,0
3825,sub-10,11,C3-Fz,164.48775,158.06817227318942,0,0,0,0
3826,sub-10,11,C3-Fz,182.68175,194.9887342202955,0,0,0,0
3827,sub-10,11,C3-Fz,204.3835,193.42899328852195,0,0,0,0
3828,sub-10,11,C3-Fz,225.07025,205.1152071652638,0,0,0,0
3829,sub-10,11,F3-Cz,252.802,235.57402907121568,1,0,0,1
3830,sub-10,11,F3-Cz,257.22425,251.4895911454656,0,0,0,0
3831,sub-10,11,F3-C3,272.85625,252.756080839903,1,0,0,1
3832,sub-10,11,T3-F3,299.20125,290.70335332356944,0,0,0,0
3833,sub-10,12,C3-Fz,6.4835,21.28934657710936,0,0,0,0
3834,sub-10,12,F3-Cz,17.72125,0.8258177763599193,0,0,0,0
3835,sub-10,12,F3-C3,43.06925,35.47597455807332,0,0,0,0
3836,sub-10,12,F3-C3,57.40325,76.19589603226967,0,0,0,0
3837,sub-10,12,C3-Fz,77.02375,106.26552403570754,0,0,0,0
3838,sub-10,12,F7-F3,84.4635,65.68095576656712,0,0,0,0
3839,sub-10,12,F3-Cz,94.9995,114.20327484592835,0,0,0,0
3840,sub-10,12,T3-F3,96.08325,77.49200450916824,1,0,0,1
3841,sub-10,12,T4-F4,149.384,147.25659029475543,1,0,0,1
3842,sub-10,12,F4-Cz,172.68725,186.03334243872047,0,0,0,0
3843,sub-10,12,Pz-O2,184.02575,181.80814940221654,0,0,0,0
3844,sub-10,12,F3-Cz,190.775,212.62507387119103,0,0,0,0
3845,sub-10,12,T3-F3,190.8155,199.28964937756655,1,0,0,0
3846,sub-10,12,F3-Cz,198.886,215.92680874735092,0,0,0,0
3847,sub-10,12,C3-Fz,243.789,267.9867464296239,1,0,0,1
3848,sub-10,12,T5-P3,249.6655,240.89934251203357,0,0,0,0
3849,sub-10,12,T4-T6,262.98875,288.1539197627245,0,0,0,0
3850,sub-10,12,T3-F3,269.07775,281.85485141319305,0,0,0,0
3851,sub-10,12,C3-Fz,272.86125,295.2267029310445,0,0,0,0
3852,sub-10,12,T3-F3,286.19675,295.81608519047165,0,0,0,0
3853,sub-10,13,F3-C3,2.30375,7.673906269721541,0,0,0,0
3854,sub-10,13,F8-F4,4.60725,31.057198197222252,0,0,0,0
3855,sub-10,13,C3-Fz,16.34625,42.2750917494555,1,0,0,1
3856,sub-10,13,F3-C3,33.54375,47.99363117597624,0,0,0,0
3857,sub-10,13,F8-C4,42.22975,17.273507437744723,0,0,0,0
3858,sub-10,13,F3-Cz,49.831,68.34067710903233,0,0,0,0
3859,sub-10,13,Pz-O2,63.75425,51.372850299150166,0,0,0,0
3860,sub-10,13,F3-Cz,124.2715,144.37652265110898,0,0,0,0
3861,sub-10,13,T3-F3,187.19975,199.2569549985291,0,0,0,0
3862,sub-10,13,F3-C3,189.98825,206.71731557837467,0,0,0,0
3863,sub-10,13,F3-C3,233.29425,203.73035813042748,0,0,1,0
3864,sub-10,13,F3-Cz,250.19075,228.1999710867929,0,0,1,0
3865,sub-10,13,F8-T4,255.10325,284.64644434003367,0,0,0,0
3866,sub-10,13,T4-F4,255.32875,233.7091279295321,1,0,0,0
3867,sub-10,13,T3-F3,277.98825,258.7032677525041,0,0,0,0
3868,sub-10,13,C3-Fz,296.99,269.7042666189439,0,0,0,0
3869,sub-10,13,C3-Fz,297.7675,269.69386530833543,0,0,0,0
3870,sub-10,14,T3-F3,16.2245,44.64905736323156,0,0,0,0
3871,sub-10,14,F3-C3,20.32225,10.526320651444513,0,0,0,0
3872,sub-10,14,F3-C3,68.14225,78.16348873860218,0,0,0,0
3873,sub-10,14,Fp1-F7,89.16625,97.48208556735015,0,0,0,0
3874,sub-10,14,F3-C3,115.526,88.09375811695472,0,0,0,0
3875,sub-10,14,C3-Fz,129.633,139.08625571574515,0,0,0,0
3876,sub-10,14,F3-C3,167.54675,191.16963373275658,0,0,0,0
3877,sub-10,14,T3-F3,180.23575,167.6161288388919,1,0,0,1
3878,sub-10,14,T3-C3,182.6315,210.22834574279193,0,0,0,0
3879,sub-10,14,F8-T4,184.71,197.40074299963476,1,0,0,1
3880,sub-10,14,F3-C3,197.306,211.68492555078845,0,0,0,0
3881,sub-10,14,T3-F3,204.04,190.42898174619805,0,0,0,0
3882,sub-10,14,F3-C3,284.83,298.56235945653515,0,0,0,0
3883,sub-10,14,F3-Cz,292.8065,276.34577183728663,0,0,0,0
3884,sub-10,14,F8-T4,297.7045,268.9296158211272,0,0,0,0
3885,sub-10,15,Fz-Cz,8.16775,1.5247485875375828,0,0,0,0
3886,sub-10,15,C3-Fz,38.84775,23.19228808051596,0,0,0,0
3887,sub-10,15,C3-Fz,45.726,65.76915395449913,0,0,0,0
3888,sub-10,15,F3-C3,55.5675,41.93434661319783,0,0,0,0
3889,sub-10,15,P3-Pz,66.69225,95.35291164065889,0,0,0,0
3890,sub-10,15,C3-Cz,76.5965,85.0683064241543,0,0,0,0
3891,sub-10,15,F8-T4,106.5305,115.79917138765043,1,0,0,1
3892,sub-10,15,F3-C3,134.41575,163.42362614685382,0,0,0,0
3893,sub-10,15,F3-C3,137.076,120.57148549176469,0,0,0,0
3894,sub-10,15,F3-C3,175.65025,170.55651125410185,0,0,0,0
3895,sub-10,15,C3-Fz,261.2285,289.5405504269166,1,0,0,1
3896,sub-10,15,C3-Fz,289.0905,273.3897145647138,0,0,0,0
3897,sub-10,15,C3-Fz,294.731,265.51937038259575,0,0,0,0
3898,sub-10,16,T4-F4,1.84775,3.97363430088551,1,0,0,1
3899,sub-10,16,F3-Cz,3.634,11.907209543088957,0,0,0,0
3900,sub-10,16,C3-Fz,30.89875,49.29447992992384,0,0,0,0
3901,sub-10,16,F3-C3,44.71475,48.710607070721636,0,0,0,0
3902,sub-10,16,F3-C3,61.106,38.011409962607146,0,0,1,0
3903,sub-10,16,Fz-Cz,70.104,79.98896498520115,0,0,0,0
3904,sub-10,16,T3-T5,93.1485,84.91906357445333,1,0,0,0
3905,sub-10,16,Fp2-F8,126.91625,116.34612142381819,0,0,0,0
3906,sub-10,16,F3-Cz,141.656,171.5935215321927,0,0,0,0
3907,sub-10,16,F3-C3,150.80625,174.51913073322314,0,0,0,0
3908,sub-10,16,F3-C3,151.94375,144.86555306165664,0,0,0,0
3909,sub-10,16,Fp1-F3,163.80275,166.47688889850667,0,0,0,0
3910,sub-10,16,C3-Fz,167.53225,151.45862624385788,0,0,0,0
3911,sub-10,16,F3-C3,176.03175,170.74077691714135,0,0,0,0
3912,sub-10,16,C3-Fz,191.7215,198.69625111427555,0,0,0,0
3913,sub-10,16,C3-Fz,205.1355,183.1508183666094,0,0,0,0
3914,sub-10,16,F3-C3,206.69825,212.09123134495334,0,0,0,0
3915,sub-10,16,Pz-O2,229.63925,234.63119734152775,0,0,0,0
3916,sub-10,16,F3-Cz,242.886,262.7396035738743,0,0,0,0
3917,sub-10,16,Fz-Cz,253.17575,240.83504403823392,0,0,0,0
3918,sub-10,16,F3-Fz,286.645,281.4197174179345,0,0,0,0
3919,sub-10,17,F3-C3,9.0785,28.667585859584094,0,0,0,0
3920,sub-10,17,F3-C3,22.833,33.856971967601815,0,0,0,0
3921,sub-10,17,T3-F3,69.29075,56.54630246471617,1,0,0,1
3922,sub-10,17,F3-C3,98.44475,106.41115368701192,0,0,0,0
3923,sub-10,17,T4-F4,118.72525,136.92981740734598,0,0,0,0
3924,sub-10,17,T3-F3,126.837,121.53108667004962,0,0,0,0
3925,sub-10,17,F3-Cz,128.85925,121.39092019802236,0,0,0,0
3926,sub-10,17,F7-C3,141.78125,121.31397893768097,0,0,0,0
3927,sub-10,17,P3-Cz,152.9985,172.59056173085253,0,0,0,0
3928,sub-10,17,F3-C3,158.79275,172.18550784165427,0,0,0,0
3929,sub-10,17,T3-F3,169.468,154.78724438954052,0,0,0,0
3930,sub-10,17,F3-Cz,192.147,209.6945171915017,0,0,0,0
3931,sub-10,17,C3-Fz,266.35425,289.67965376175744,0,0,0,0
3932,sub-10,17,F3-Cz,276.54025,271.3788797121411,0,0,0,0
3933,sub-11,1,Cz-Pz,3.54975,19.760168402266466,0,0,0,0
3934,sub-11,1,T4-P4,6.5605,20.669464741824427,0,0,0,0
3935,sub-11,1,T4-T6,36.334,41.443302906316774,0,0,0,0
3936,sub-11,1,T6-O2,40.6205,21.16900496408791,0,0,0,0
3937,sub-11,1,T4-T6,43.268,23.356064007556505,0,0,0,0
3938,sub-11,1,P4-Cz,50.47125,37.265888581785326,0,1,0,0
3939,sub-11,1,Cz-Pz,105.65225,135.28125050568968,0,0,1,0
3940,sub-11,1,P3-O1,107.249,96.04057245647488,0,1,0,0
3941,sub-11,1,C3-Fz,109.192,106.11137347710084,1,0,1,1
3942,sub-11,1,Pz-O2,134.51875,156.44396180766842,0,0,0,0
3943,sub-11,1,F4-Cz,136.2165,141.28999388629748,1,0,0,1
3944,sub-11,1,P4-O2,139.0695,165.24438643987241,0,0,0,0
3945,sub-11,1,P4-O2,165.36,186.83339136444465,0,0,1,0
3946,sub-11,1,Pz-O2,165.433,139.3440709548271,1,0,0,0
3947,sub-11,1,Pz-O2,171.5975,197.55259452295294,1,0,0,1
3948,sub-11,1,Fp2-Fz,179.47275,162.39871298214263,0,0,0,0
3949,sub-11,1,F7-C3,187.2495,212.46347243057318,0,0,0,0
3950,sub-11,1,T6-O2,192.27325,183.73326212225052,0,0,0,0
3951,sub-11,1,T6-C4,193.9055,176.87250175047882,0,0,0,0
3952,sub-11,1,P4-O2,195.08575,211.50251953586692,0,0,0,0
3953,sub-11,1,T6-O2,196.09175,166.77850104725013,0,1,0,0
3954,sub-11,1,Pz-O2,197.46875,215.83884985271402,0,0,0,0
3955,sub-11,1,Pz-O2,211.959,240.72414303105174,0,0,0,0
3956,sub-11,1,T6-C4,228.0815,218.19493051301237,0,0,0,0
3957,sub-11,1,T3-F3,236.41475,261.4620208624461,0,0,0,0
3958,sub-11,1,T6-O2,262.23775,291.8719477380755,2,0,0,0
3959,sub-11,1,O1-O2,264.9345,255.42668016061592,0,0,0,0
3960,sub-11,2,T4-C4,2.3965,6.039916740604529,0,0,0,0
3961,sub-11,2,Pz-O2,13.0795,3.5510380362296594,0,0,0,0
3962,sub-11,2,Pz-O2,40.50325,14.232158107758227,0,0,0,0
3963,sub-11,2,F3-Fz,53.67975,57.391983155388594,1,1,0,1
3964,sub-11,2,P4-O2,54.9275,62.2848364419547,0,0,0,0
3965,sub-11,2,Pz-O2,85.467,106.91491307252372,0,0,1,0
3966,sub-11,2,T4-F4,92.875,72.44827586180162,0,0,0,0
3967,sub-11,2,T6-O2,101.33875,80.72357792387572,0,0,0,0
3968,sub-11,2,Fp2-F8,102.8005,83.53655495961813,0,1,0,0
3969,sub-11,2,P4-O2,103.25875,85.76079727293626,1,0,0,1
3970,sub-11,2,O1-O2,106.2,88.60270874713264,0,0,0,0
3971,sub-11,2,T4-T6,107.17825,125.42732495553227,0,0,0,0
3972,sub-11,2,T6-O2,123.01825,106.72344339439056,0,0,0,0
3973,sub-11,2,T6-P4,146.3855,164.6702409322517,0,0,0,0
3974,sub-11,2,T6-O2,170.23425,142.60637551549684,0,0,0,0
3975,sub-11,2,T6-O2,180.12375,208.22234946256242,0,0,0,0
3976,sub-11,2,T6-C4,219.25075,239.96169544336288,1,0,0,1
3977,sub-11,2,Fp2-Fz,265.06175,284.5653463639966,0,1,0,0
3978,sub-11,2,Fp2-Fz,265.2535,290.9405090609091,2,0,0,1
3979,sub-11,2,F7-T3,281.647,266.73801293473247,0,0,0,0
3980,sub-11,2,Fp2-F4,290.49975,265.4973247255832,3,0,0,1
3981,sub-11,3,Pz-O2,19.5785,27.82452344046659,0,0,0,0
3982,sub-11,3,T6-O2,27.02175,53.675368563930434,0,0,0,0
3983,sub-11,3,O1-O2,68.45975,82.57301541368899,1,0,0,0
3984,sub-11,3,P4-O2,84.5395,79.37381290841299,0,0,0,0
3985,sub-11,3,T4-F4,112.2865,104.3582238662107,0,0,0,0
3986,sub-11,3,Fp1-Fp2,132.706,109.16184375349461,0,0,0,0
3987,sub-11,3,T6-O2,135.8895,112.13691402595505,0,0,1,0
3988,sub-11,3,Pz-O2,147.29075,170.6191913993307,0,0,0,0
3989,sub-11,3,Fp2-F4,157.77925,169.35193775389146,1,0,0,1
3990,sub-11,3,F8-C4,168.864,196.6801841914795,0,0,0,0
3991,sub-11,3,T6-O2,235.959,240.39580788772224,0,0,1,0
3992,sub-11,3,P4-O2,235.99125,246.67082220054832,1,0,0,0
3993,sub-11,3,T4-F4,246.24825,225.09503003041888,0,0,0,0
3994,sub-11,3,T6-O2,248.50125,230.39667311529286,0,0,0,0
3995,sub-11,3,T6-P4,287.52225,295.73242181866436,0,0,0,0
3996,sub-11,4,T4-P4,41.77225,27.438690336156725,0,1,0,0
3997,sub-11,4,Pz-O2,41.80775,44.65888244383705,1,0,0,1
3998,sub-11,4,T4-C4,44.526,51.01915179650074,0,1,0,0
3999,sub-11,4,O1-O2,46.0945,61.31893253074014,0,1,0,0
4000,sub-11,4,T4-C4,46.28675,42.294233968107605,2,0,0,1
4001,sub-11,4,C4-Pz,71.704,79.71941937863339,0,1,0,0
4002,sub-11,4,P4-Cz,71.73,44.766475011976894,1,1,1,1
4003,sub-11,4,Pz-O2,71.8155,46.619157201046264,2,1,0,1
4004,sub-11,4,Fp1-Fp2,93.6025,107.43464976435604,0,0,0,0
4005,sub-11,4,P4-O2,100.06975,105.2836400474804,0,0,0,0
4006,sub-11,4,F7-T3,102.769,118.8006177719238,0,0,0,0
4007,sub-11,4,Fp1-Fz,108.87725,100.44742593413336,1,0,0,1
4008,sub-11,4,O1-O2,159.18475,152.5229533758959,0,0,1,0
4009,sub-11,4,C4-Pz,174.53125,154.9132313620129,0,1,1,0
4010,sub-11,4,T4-T6,174.60575,156.7397980292472,1,0,0,1
4011,sub-11,4,Fp2-F4,199.1685,212.34715615078346,0,1,0,0
4012,sub-11,4,Pz-O2,212.969,223.24260470869757,0,0,0,0
4013,sub-11,4,Pz-O2,215.0795,223.98563009778965,0,0,0,0
4014,sub-11,4,T4-P4,221.26225,249.11235206921648,0,1,0,0
4015,sub-11,4,T4-P4,259.604,232.6791575479609,0,0,0,0
4016,sub-11,4,F3-C3,261.155,272.41026451780294,0,0,0,0
4017,sub-11,4,Pz-O2,294.8,267.15195949822953,0,1,0,0
4018,sub-11,5,P4-O2,63.57725,48.18156971242974,0,0,0,0
4019,sub-11,5,T4-P4,83.46325,72.63142531889805,0,0,0,0
4020,sub-11,5,T6-P4,88.0465,93.10900252037543,0,0,0,0
4021,sub-11,5,F3-C3,118.275,108.9036743260727,0,1,0,0
4022,sub-11,5,Fp1-F3,118.596,143.93771471576773,2,0,0,1
4023,sub-11,5,P4-O2,134.96325,126.61061166580578,0,0,0,0
4024,sub-11,5,F3-C3,143.78775,133.76522232219082,1,0,0,1
4025,sub-11,5,O1-O2,151.515,157.5200160249277,0,0,0,0
4026,sub-11,5,T4-F4,222.67125,225.3489322027919,0,1,0,0
4027,sub-11,5,P4-Pz,222.7175,227.1109244477646,1,0,0,1
4028,sub-11,5,C4-P4,288.55575,285.1793119601854,0,0,0,0
4029,sub-11,5,F4-Fz,297.5415,294.07546137794503,0,0,0,0
4030,sub-11,6,T6-O2,1.55225,12.820010678525833,0,0,0,0
4031,sub-11,6,C3-Pz,4.72,11.237343460469653,1,0,0,0
4032,sub-11,6,T6-C4,58.04675,65.68931315962901,0,0,1,0
4033,sub-11,6,Fp2-Fz,71.81,66.58644834001294,0,0,0,0
4034,sub-11,6,Pz-O2,80.829,72.22472392465816,1,1,0,1
4035,sub-11,6,O1-O2,86.4455,109.99317683019423,0,0,0,0
4036,sub-11,6,Fp2-F4,98.801,109.79704390739472,0,0,0,0
4037,sub-11,6,Pz-O2,99.73125,127.49799036199727,0,0,0,0
4038,sub-11,6,P4-Cz,211.0685,234.6111920670955,0,0,0,0
4039,sub-11,6,Fp2-F4,213.30925,206.33813887493017,0,0,0,0
4040,sub-11,6,F4-C4,233.538,209.47217491385874,0,0,0,0
4041,sub-11,6,T6-C4,237.8485,247.89744154680346,0,0,0,0
4042,sub-11,6,F4-Cz,259.30075,255.1240559436197,0,0,0,0
4043,sub-11,6,T4-T6,277.441,266.62831178199735,0,0,0,0
4044,sub-11,7,T4-T6,5.8635,32.724051763704225,0,0,0,0
4045,sub-11,7,Fp1-F7,22.51,7.89169992774606,1,0,0,0
4046,sub-11,7,F8-C4,66.61275,40.98904596926617,0,1,0,0
4047,sub-11,7,Pz-O2,67.7855,94.9928132030974,1,0,0,1
4048,sub-11,7,Pz-O2,90.6845,100.05873983115858,0,0,0,0
4049,sub-11,7,Pz-O2,91.7825,85.04744039298176,0,0,0,0
4050,sub-11,7,T6-O2,91.8865,94.89644040678438,1,1,0,0
4051,sub-11,7,P4-Pz,91.95,66.95890587486397,2,0,0,1
4052,sub-11,7,F7-F3,125.67475,153.17336788759653,0,0,0,0
4053,sub-11,7,Pz-O2,133.25475,138.92000596837713,1,1,1,1
4054,sub-11,7,Fp1-F7,133.4295,141.9329667424806,1,1,0,1
4055,sub-11,7,T4-T6,136.873,161.46157067816367,0,1,0,0
4056,sub-11,7,F7-F3,138.89,166.78836628982037,0,0,0,0
4057,sub-11,7,F4-Fz,139.3995,153.16061357852055,0,0,0,0
4058,sub-11,7,T6-C4,141.2565,145.86458566652053,0,1,0,0
4059,sub-11,7,T4-P4,144.36525,149.58759335458635,0,1,0,0
4060,sub-11,7,T4-T6,151.05175,153.7592734601891,0,0,0,0
4061,sub-11,7,T6-P4,152.56275,160.65944609600956,0,0,0,0
4062,sub-11,7,Pz-O2,200.7735,209.49672171843022,0,0,0,0
4063,sub-11,7,T6-C4,202.256,206.11216452989015,0,0,0,0
4064,sub-11,7,Pz-O2,270.57125,260.076894309438,0,1,0,0
4065,sub-11,7,P4-Cz,271.57825,299.25407905231816,0,0,0,0
4066,sub-11,7,Pz-O2,272.1135,260.3309547103106,0,1,0,0
4067,sub-11,7,C4-Pz,273.423,246.2759964231121,0,0,0,0
4068,sub-11,7,T6-P4,278.69825,253.27312483697872,0,0,0,0
4069,sub-11,7,P4-O2,279.74675,274.41436539715346,1,1,0,1
4070,sub-11,7,T3-F3,280.08975,270.7942220425377,2,0,0,1
4071,sub-11,8,F4-Cz,36.58625,26.28891585412555,0,0,0,0
4072,sub-11,8,T4-F4,68.9365,43.53202723643371,0,0,0,0
4073,sub-11,8,T4-F4,72.46225,91.90973146528205,0,0,0,0
4074,sub-11,8,T6-P4,97.686,127.39516159489233,0,1,0,0
4075,sub-11,8,O1-O2,99.36525,79.74960586649853,0,1,0,0
4076,sub-11,8,Pz-O2,102.96625,84.37444925117643,0,0,0,0
4077,sub-11,8,P4-O2,106.532,87.28695979540906,0,1,0,0
4078,sub-11,8,T4-C4,106.60475,98.43319752575609,1,0,0,1
4079,sub-11,8,Pz-O2,128.11275,102.27631657647824,0,0,0,0
4080,sub-11,8,O1-O2,143.967,147.4326978903685,0,0,0,0
4081,sub-11,8,T6-O2,152.75075,157.60462185226518,0,0,0,0
4082,sub-11,8,Pz-O2,168.302,161.30788032748023,0,0,0,0
4083,sub-11,8,C3-Pz,168.34625,192.93952374864,1,0,0,0
4084,sub-11,8,P4-O2,184.45875,172.23603214896116,0,0,0,0
4085,sub-11,8,P4-Pz,186.968,167.3144251016333,0,1,0,0
4086,sub-11,8,P4-O2,192.89475,203.2511373753244,0,0,0,0
4087,sub-11,8,T6-P4,195.29675,176.3731433743895,0,0,0,0
4088,sub-11,8,P4-O2,213.95225,243.69170207628866,0,0,0,0
4089,sub-11,8,F4-Fz,223.21625,195.3981228852586,1,1,0,0
4090,sub-11,8,F3-C3,224.8735,214.1727596871859,1,0,0,1
4091,sub-11,8,Fp1-F3,231.1245,255.1643248380934,0,0,0,0
4092,sub-11,8,C4-Pz,253.31525,245.25580736087161,0,0,0,0
4093,sub-11,8,P4-O2,268.19375,243.59002487731576,0,0,0,0
4094,sub-11,9,P3-O1,13.83925,7.422584681215175,0,0,0,0
4095,sub-11,9,T5-P3,20.23,35.98142822359413,0,0,0,0
4096,sub-11,9,Fp1-Fz,40.30775,32.98638402257635,0,0,0,0
4097,sub-11,9,Fp1-Fz,40.44425,47.75765650142745,1,0,0,0
4098,sub-11,9,Fp1-F3,42.1335,18.48515468484166,0,0,0,0
4099,sub-11,9,Fp1-F7,48.36825,33.86268395072517,0,0,0,0
4100,sub-11,9,Fp1-Fp2,116.90325,107.06679948094556,0,0,0,0
4101,sub-11,9,Fp2-F4,139.23525,157.64706650401823,0,0,0,0
4102,sub-11,9,Fp1-Fz,142.751,133.07080898170534,0,0,0,0
4103,sub-11,9,T3-F3,146.29275,128.7898191526829,0,0,0,0
4104,sub-11,9,T3-P3,147.2,152.7472488453418,0,0,0,0
4105,sub-11,9,T3-T5,148.52025,173.112974260837,0,0,0,0
4106,sub-11,9,T3-P3,148.63,143.027894703535,1,0,0,0
4107,sub-11,9,F7-F3,176.29075,146.5811270198289,1,1,0,1
4108,sub-11,9,Fp2-F4,176.316,148.98534931208906,2,1,0,1
4109,sub-11,9,Fp1-F3,250.29575,258.18215260882516,0,0,0,0
4110,sub-11,9,T3-P3,273.94025,292.3749895889232,0,0,0,0
4111,sub-11,9,Fp1-F3,296.7615,284.2540877263701,0,0,0,0
4112,sub-11,10,Fp1-Fz,1.554,23.559541677862764,0,0,0,0
4113,sub-11,10,Pz-O2,30.86675,59.44499860564292,0,0,0,0
4114,sub-11,10,O1-O2,35.6695,13.837161185159168,0,0,0,0
4115,sub-11,10,Pz-O2,38.564,36.43958059004134,0,0,0,0
4116,sub-11,10,Pz-O2,48.67075,23.64742344808912,0,0,0,0
4117,sub-11,10,P4-Cz,52.51425,57.03201010106227,0,0,0,0
4118,sub-11,10,Pz-O1,53.7585,69.996953362405,0,0,0,0
4119,sub-11,10,O1-O2,78.2225,48.57752531018738,0,0,0,0
4120,sub-11,10,Fp1-Fp2,89.7385,119.04397937210673,0,0,0,0
4121,sub-11,10,Fp1-Fz,108.7415,130.3884411532691,0,0,1,0
4122,sub-11,10,T3-C3,116.473,107.70752967276272,0,0,0,0
4123,sub-11,10,T3-P3,129.752,116.70707282570106,1,1,0,1
4124,sub-11,10,F7-T3,130.8055,109.14573508622125,1,0,0,1
4125,sub-11,10,T3-F3,132.455,126.46716476562311,0,0,0,0
4126,sub-11,10,Fp1-F7,135.38125,130.33122627632977,1,0,1,1
4127,sub-11,10,F7-C3,135.46,131.2363980855497,2,0,0,0
4128,sub-11,10,F7-C3,136.20425,124.11113565575515,0,0,0,0
4129,sub-11,10,Fp1-Fp2,219.215,199.80890518357347,0,0,0,0
4130,sub-11,10,F7-F3,269.8915,296.77385185817326,0,0,0,0
4131,sub-11,11,T4-T6,5.37375,12.251185982006167,1,0,0,0
4132,sub-11,11,T4-T6,12.01225,5.8975803360766506,0,0,0,0
4133,sub-11,11,Fp1-Fz,39.3505,58.85639674672059,0,1,0,0
4134,sub-11,11,T3-F3,39.57525,67.76680047617907,1,1,0,1
4135,sub-11,11,Fp1-Fp2,39.99125,12.402358244944882,1,0,0,1
4136,sub-11,11,Fp2-F8,41.0185,62.56027467976418,0,0,0,0
4137,sub-11,11,Fp1-F3,51.622,69.41964871682447,0,0,0,0
4138,sub-11,11,O1-O2,64.904,71.05519114967689,0,0,0,0
4139,sub-11,11,Pz-O2,68.87725,76.64765965784159,0,0,0,0
4140,sub-11,11,Fp2-F8,79.082,107.497220124568,0,0,0,0
4141,sub-11,11,F8-T4,79.3295,68.96611275927829,1,0,0,0
4142,sub-11,11,F8-F4,79.75675,91.7250248576666,1,1,0,0
4143,sub-11,11,Fp2-F8,79.8095,83.7276873072082,2,1,0,0
4144,sub-11,11,Fp1-Fp2,80.9085,102.43683992493825,1,1,0,1
4145,sub-11,11,T3-C3,81.06425,83.59449578913102,3,0,0,1
4146,sub-11,11,Fp1-F7,81.68375,101.0255203898868,0,0,0,0
4147,sub-11,11,F8-T4,88.564,69.24722724072183,1,0,0,1
4148,sub-11,11,T4-P4,90.9025,87.75585240541514,0,1,1,0
4149,sub-11,11,Pz-O2,91.304,67.91784978642599,1,0,0,1
4150,sub-11,11,Fp1-F3,109.94575,99.49267278196152,0,0,1,0
4151,sub-11,11,T6-P4,135.77025,126.15410188308687,0,0,0,0
4152,sub-11,11,Fp1-Fp2,184.45775,181.7313834163305,0,1,0,0
4153,sub-11,11,Fp2-F8,185.33975,168.4933163214484,0,0,0,0
4154,sub-11,11,Fp1-Fp2,196.97525,219.54070112936782,0,0,0,0
4155,sub-11,11,Fp1-Fp2,213.188,195.8427846520557,0,0,0,0
4156,sub-11,11,T4-P4,231.9475,212.30947728810634,0,0,0,0
4157,sub-11,11,T6-O2,233.0065,260.46975839377865,0,0,0,0
4158,sub-11,11,T6-P4,235.51025,207.36056108883577,0,0,0,0
4159,sub-11,11,Pz-O2,238.10125,228.71751313379255,0,0,0,0
4160,sub-11,11,O1-O2,240.57075,217.79982229252695,0,1,0,0
4161,sub-11,11,Pz-O2,240.65525,247.04952219128273,2,0,0,1
4162,sub-11,11,Fp1-Fp2,243.2755,251.9143853912755,0,0,0,0
4163,sub-11,11,T6-O2,245.6335,224.7027963522821,0,0,0,0
4164,sub-11,11,P4-O2,246.85925,266.33593768620324,0,1,0,0
4165,sub-11,11,T4-T6,246.89775,224.93801483140626,1,0,0,1
4166,sub-11,11,T4-T6,254.89775,235.9870122871787,1,0,0,1
4167,sub-11,11,P3-Pz,256.94725,228.7241368539657,0,0,0,0
4168,sub-11,11,T4-T6,292.37025,280.9830107168114,0,0,0,0
4169,sub-11,11,C3-Fz,295.94875,283.68555763122913,0,0,0,0
4170,sub-12,1,Fp2-F8,5.85975,2.683445245698164,0,0,0,0
4171,sub-12,1,F7-F3,16.7225,7.810708981125632,0,0,0,0
4172,sub-12,1,C3-Pz,21.61575,13.233268576225017,0,0,0,0
4173,sub-12,1,T3-T5,40.14375,67.92775248048768,0,0,0,0
4174,sub-12,1,F8-F4,66.11875,95.61309767646671,0,0,0,0
4175,sub-12,1,C3-Pz,74.03325,52.56207365831183,0,0,0,0
4176,sub-12,1,F3-Fz,84.91075,68.27603663952398,0,1,0,0
4177,sub-12,1,Fp2-F4,85.3615,77.43884680471824,1,0,0,1
4178,sub-12,1,T4-F4,108.853,111.68621624919,0,0,0,0
4179,sub-12,1,F8-F4,127.99875,144.15334185781185,0,0,0,0
4180,sub-12,1,F4-Cz,135.25425,159.72011317318947,1,1,0,0
4181,sub-12,1,T4-F4,150.24475,180.11783212967399,0,0,0,0
4182,sub-12,1,F8-F4,165.61175,187.6678642570325,0,0,0,0
4183,sub-12,1,F3-C3,183.4765,175.93884893779958,0,0,0,0
4184,sub-12,1,C4-Fz,185.0745,164.4191591455793,0,1,0,0
4185,sub-12,1,F8-F4,185.293,206.27364542912278,1,0,0,1
4186,sub-12,1,Fp2-F4,206.23575,217.4780169989157,0,0,0,0
4187,sub-12,1,T4-F4,216.896,198.20564682735338,0,0,0,0
4188,sub-12,1,P4-Pz,219.40025,239.7080266319634,0,0,0,0
4189,sub-12,1,F4-C4,228.9385,214.2161087833383,0,0,0,0
4190,sub-12,1,Fp1-Fz,231.68025,236.83300918852132,0,0,0,0
4191,sub-12,1,C4-Fz,233.81025,244.86041787881456,0,1,0,0
4192,sub-12,1,C4-Fz,263.96975,277.204407882184,0,0,0,0
4193,sub-12,1,C4-Fz,266.10725,270.0756180643389,0,0,0,0
4194,sub-12,1,Fp2-Fz,273.95375,287.8815946849744,0,0,0,0
4195,sub-12,1,Fp2-F8,279.394,260.1472297972801,0,0,0,0
4196,sub-12,1,Fp2-F4,280.5715,294.76707822085723,0,0,0,0
4197,sub-12,1,P3-O1,290.78625,262.5243736385571,0,0,0,0
4198,sub-12,1,F8-F4,295.032,283.4131524326307,0,0,0,0
4199,sub-12,1,Fp2-Fz,297.88775,282.90962800890617,0,0,0,0
4200,sub-12,2,Fp2-F4,1.46,17.258395004869165,0,0,0,0
4201,sub-12,2,T4-F4,22.185,9.701058410212942,0,0,0,0
4202,sub-12,2,Fp1-Fz,23.464,30.673213995492425,1,0,1,1
4203,sub-12,2,F8-F4,30.6115,0.7739991445991734,0,1,0,0
4204,sub-12,2,P4-Pz,46.20225,38.807552429702824,0,0,0,0
4205,sub-12,2,C4-Fz,56.111,68.53349042123115,0,0,0,0
4206,sub-12,2,F4-Fz,62.366,73.30013014799093,0,0,1,0
4207,sub-12,2,Fp2-F4,69.23325,84.88683234091306,0,1,0,0
4208,sub-12,2,F4-C4,73.34075,63.34665171785379,0,1,0,0
4209,sub-12,2,F3-Fz,73.4055,69.9001929147088,1,1,0,1
4210,sub-12,2,Fp2-F4,78.0865,64.4309137450689,0,0,0,0
4211,sub-12,2,F4-Cz,79.21925,66.58314304371106,0,0,0,0
4212,sub-12,2,Fp1-F7,115.44925,123.20966367425069,0,1,0,0
4213,sub-12,2,C3-Fz,115.7995,135.29171887038945,1,1,0,1
4214,sub-12,2,Fp2-F8,135.00725,160.26853095056865,0,0,0,0
4215,sub-12,2,C3-Pz,141.99275,139.21504588972232,0,0,0,0
4216,sub-12,2,F8-F4,147.74425,161.25832043751635,0,0,0,0
4217,sub-12,2,F8-C4,162.779,154.9215207943458,0,0,0,0
4218,sub-12,2,F4-C4,167.46675,143.20434377858686,0,0,0,0
4219,sub-12,2,C4-Fz,170.4765,180.7842353580537,0,0,0,0
4220,sub-12,2,F4-C4,176.9135,189.7375857079196,0,0,0,0
4221,sub-12,2,Fp2-F4,181.40925,208.5745479864856,0,0,0,0
4222,sub-12,2,T4-F4,188.612,216.8032492820023,0,1,0,0
4223,sub-12,2,T4-F4,197.61175,185.8650537531611,0,0,0,0
4224,sub-12,2,C3-Fz,201.84225,176.37901448105708,0,0,0,0
4225,sub-12,2,Fp2-Fz,222.2745,200.96358439936475,0,0,0,0
4226,sub-12,2,C4-Fz,224.85675,203.85305502992946,0,0,0,0
4227,sub-12,2,Fp2-F4,228.0355,244.62871614205437,0,0,0,0
4228,sub-12,2,F3-C3,229.97675,245.14639708612026,0,1,0,0
4229,sub-12,2,F4-C4,230.042,205.4608473236146,1,0,0,1
4230,sub-12,2,C4-Fz,230.677,243.64508022492547,0,0,0,0
4231,sub-12,2,F8-F4,247.717,255.817809386726,0,0,0,0
4232,sub-12,2,Fp2-Fz,261.6015,270.8821011931249,1,0,0,0
4233,sub-12,2,F4-C4,288.02675,280.77329280361465,0,0,0,0
4234,sub-12,2,Fp2-Fz,297.04275,272.1547115827425,0,0,0,0
4235,sub-12,2,F4-C4,297.59075,279.0825458332706,0,0,0,0
4236,sub-12,3,C4-Fz,1.22175,14.774946501480066,0,0,0,0
4237,sub-12,3,Fp2-Fz,8.834,3.9966695182301573,0,0,0,0
4238,sub-12,3,F4-C4,26.7285,10.145934821402744,0,0,0,0
4239,sub-12,3,F4-C4,37.37475,66.2905501587843,0,0,0,0
4240,sub-12,3,Fz-Cz,84.99225,55.95457198880597,0,0,1,0
4241,sub-12,3,F3-Fz,100.532,85.28775744368258,1,0,0,1
4242,sub-12,3,F3-C3,142.622,123.502898593151,0,0,1,0
4243,sub-12,3,C3-P3,142.65025,165.03933190616334,1,1,0,0
4244,sub-12,3,C4-Cz,155.57225,166.99648845042628,0,0,0,0
4245,sub-12,3,F4-C4,155.79075,165.1946670644332,1,0,0,0
4246,sub-12,3,C4-Fz,158.86475,164.79675200213563,0,0,1,0
4247,sub-12,3,F8-F4,164.8385,137.74628596576665,0,0,0,0
4248,sub-12,3,F8-C4,199.34375,178.42631171964027,0,0,0,0
4249,sub-12,3,F4-Fz,200.14575,204.89893330822352,0,0,0,0
4250,sub-12,3,Fp1-F7,209.04225,189.23352667371643,0,1,0,0
4251,sub-12,3,F3-C3,209.374,217.3128050967443,1,0,0,1
4252,sub-12,3,Fp2-F8,216.642,228.30904345276167,0,1,0,0
4253,sub-12,3,F7-F3,217.01475,199.7879679354425,1,0,1,1
4254,sub-12,3,C4-Fz,229.35425,226.65382551397894,0,0,0,0
4255,sub-12,3,T6-O2,248.48925,245.06701256078622,0,1,0,0
4256,sub-12,3,F7-F3,248.63825,250.8140120933129,1,0,0,1
4257,sub-12,3,Fp1-F3,249.11575,264.0355491419284,1,1,1,0
4258,sub-12,3,T5-C3,249.5475,229.65684072753115,1,0,0,1
4259,sub-12,3,Fp1-Fz,250.633,224.14938789909735,0,0,0,0
4260,sub-12,3,F8-T4,251.7645,233.78286548650865,0,0,0,0
4261,sub-12,3,T4-P4,251.82325,266.81660841525274,1,0,0,0
4262,sub-12,3,P3-Pz,255.55475,247.62848809259816,0,0,0,0
4263,sub-12,3,P3-Pz,257.5015,285.13174554300303,0,0,0,0
4264,sub-12,3,C3-Fz,259.5525,282.31860669959184,0,0,0,0
4265,sub-12,3,Fp1-F7,261.0985,240.05820710573886,0,1,0,0
4266,sub-12,3,P3-Pz,261.2485,255.78146141446828,1,0,0,1
4267,sub-12,3,F8-T4,262.117,259.7708747484398,1,1,0,0
4268,sub-12,3,F3-Fz,263.638,254.7527733574226,0,0,0,0
4269,sub-12,3,Fp1-F7,264.4925,279.21463601052113,1,0,0,1
4270,sub-12,3,T5-P3,265.8545,238.03274549308748,0,1,0,0
4271,sub-12,3,F7-F3,266.09825,251.98252742371204,2,0,0,1
4272,sub-12,3,Fp1-Fz,266.666,243.7321774378019,0,0,0,0
4273,sub-12,3,T5-P3,267.3295,265.21848308254107,0,1,0,0
4274,sub-12,3,Fp1-Fz,267.36775,290.8850537954601,1,0,0,1
4275,sub-12,3,T3-F3,274.32275,271.77644604362496,0,0,0,0
4276,sub-12,3,C3-Fz,279.09725,274.9933667445647,0,0,0,0
4277,sub-12,3,P3-O1,280.5015,272.5073634122307,0,1,0,0
4278,sub-12,3,T4-C4,280.65025,259.8998393387667,1,1,0,1
4279,sub-12,3,T6-O2,281.0395,266.57277453385274,1,1,1,1
4280,sub-12,3,T3-T5,281.22625,286.4356368066999,1,0,0,1
4281,sub-12,3,T5-P3,281.27775,262.1812272761386,2,0,1,1
4282,sub-12,3,T4-F4,283.42925,291.7833142495529,0,0,0,0
4283,sub-12,3,F8-C4,285.94125,294.59652022879936,0,0,0,0
4284,sub-12,3,T6-P4,287.2995,261.9991905180386,0,0,1,0
4285,sub-12,3,P4-O2,287.956,273.6405124885476,0,0,0,0
4286,sub-12,3,T4-C4,292.286,298.57813155712995,0,0,0,0
4287,sub-12,3,F8-T4,292.35525,286.1091058442129,1,0,0,0
4288,sub-12,4,Fp2-F8,13.54925,32.34702850440437,0,0,0,0
4289,sub-12,4,Fp2-F8,25.77075,37.07170247818508,0,1,0,0
4290,sub-12,4,F3-C3,25.887,44.302385889725315,1,0,0,1
4291,sub-12,4,F4-Fz,40.56825,64.34861929327036,0,0,0,0
4292,sub-12,4,Fp2-Fz,44.0755,71.08694044075506,0,0,0,0
4293,sub-12,4,Fp2-F4,67.0345,56.238345625646815,0,1,0,0
4294,sub-12,4,C3-P3,67.128,40.8597800364161,1,0,0,1
4295,sub-12,4,Fp2-F4,77.2315,80.03486474270731,0,0,0,0
4296,sub-12,4,Fp2-F4,95.6825,83.91983423348051,0,0,0,0
4297,sub-12,4,Fp2-F8,98.8855,126.9381065641974,0,0,0,0
4298,sub-12,4,F8-F4,139.3425,159.371094209377,0,0,0,0
4299,sub-12,4,F4-C4,158.0575,134.80440031351156,0,0,0,0
4300,sub-12,4,Fp2-F8,161.851,135.34496467725413,0,0,0,0
4301,sub-12,4,Fp2-F8,181.02625,167.6870555902015,0,0,0,0
4302,sub-12,4,C4-Fz,182.40975,202.79996767759482,0,0,0,0
4303,sub-12,4,Fp2-F4,183.6825,181.5544088245094,0,0,0,0
4304,sub-12,4,F8-F4,207.05,233.6208180400999,0,0,0,0
4305,sub-12,4,C4-Fz,208.1325,179.8618212478163,0,0,0,0
4306,sub-12,4,Fp2-Fz,212.20175,229.37214280565806,0,0,0,0
4307,sub-12,4,Fp2-F8,216.8805,207.77816692817925,0,0,1,0
4308,sub-12,4,Fp2-F8,223.404,252.93826563736354,0,0,0,0
4309,sub-12,4,Fp2-F8,231.49625,234.52928556370628,0,0,0,0
4310,sub-12,4,Fp2-F8,278.383,270.6970624981343,0,0,0,0
4311,sub-12,4,F4-Fz,278.92125,262.48984529876617,0,1,0,0
4312,sub-12,4,Fp2-F8,283.889,254.4073080504695,0,0,0,0
4313,sub-12,5,Fp2-F8,0.60325,3.025563417835565,0,0,0,0
4314,sub-12,5,Fp2-Fz,18.61025,46.06121462859539,0,0,0,0
4315,sub-12,5,T5-C3,19.41875,1.5549705715446969,0,0,0,0
4316,sub-12,5,T4-F4,26.3575,48.91061818882133,0,0,0,0
4317,sub-12,5,F8-T4,36.74475,62.359411996985266,0,0,0,0
4318,sub-12,5,Fp2-F8,39.49175,57.78058112839037,0,1,0,0
4319,sub-12,5,Fp2-F8,64.3165,51.920456872718695,0,0,0,0
4320,sub-12,5,F8-F4,78.3975,51.84923009986889,0,0,0,0
4321,sub-12,5,C3-Pz,79.733,106.56575748970172,0,0,0,0
4322,sub-12,5,Fp2-F8,84.249,70.98857512178684,0,0,0,0
4323,sub-12,5,F3-C3,95.5345,106.12246481424334,0,0,0,0
4324,sub-12,5,C4-Fz,136.6075,155.11666318053366,0,0,0,0
4325,sub-12,5,F8-C4,138.34525,159.5357631373586,0,0,0,0
4326,sub-12,5,C4-Fz,174.5145,189.80740182714737,0,0,0,0
4327,sub-12,5,T6-O2,177.47225,181.77261466288502,0,0,0,0
4328,sub-12,5,T4-F4,193.241,212.69473739709196,0,1,0,0
4329,sub-12,5,Fp1-F7,195.78,172.4167881072469,0,0,0,0
4330,sub-12,5,P4-Cz,220.7065,200.745776372437,0,1,0,0
4331,sub-12,5,F3-Fz,227.23,248.31337230477737,0,1,0,0
4332,sub-12,5,Fp2-F8,269.543,254.2289956633788,0,0,0,0
4333,sub-12,5,F4-C4,275.391,248.8325640403412,0,1,0,0
4334,sub-12,5,C4-Pz,281.482,283.8621515384043,1,1,0,1
4335,sub-12,5,T3-C3,281.57175,275.8246856288341,2,0,1,1
4336,sub-12,5,F8-F4,282.55125,277.8453238163286,0,0,0,0
4337,sub-12,5,Fp2-F8,299.3005,278.9032810419807,0,0,0,0
4338,sub-12,6,Fp1-Fz,1.98375,21.10879241908342,0,0,0,0
4339,sub-12,6,Fp1-F3,22.50575,10.525030108474535,0,0,0,0
4340,sub-12,6,F7-F3,22.56225,2.2688575993963447,1,0,0,0
4341,sub-12,6,F4-Fz,47.8605,54.512955010377034,0,0,0,0
4342,sub-12,6,C4-Fz,51.26225,66.21760126992118,0,1,0,0
4343,sub-12,6,Fp2-F4,100.8905,85.57467649306223,0,0,0,0
4344,sub-12,6,Pz-O2,117.498,135.05738375528486,0,0,0,0
4345,sub-12,6,Fp1-Fz,123.343,143.63495745732388,1,0,0,1
4346,sub-12,6,F8-F4,139.83575,152.1913302185277,0,0,0,0
4347,sub-12,6,F3-Fz,142.858,167.13383401511206,0,1,0,0
4348,sub-12,6,Fp1-F7,142.93,162.0568978660074,1,1,0,1
4349,sub-12,6,T3-C3,161.329,165.48960317763243,0,0,0,0
4350,sub-12,6,F8-C4,161.96575,168.35870188690237,0,0,0,0
4351,sub-12,6,C3-Pz,176.68525,192.20415332910653,0,0,0,0
4352,sub-12,6,Fp1-F3,182.62525,174.87221919711249,0,0,0,0
4353,sub-12,6,C4-Pz,183.35625,166.1596826077391,0,0,0,0
4354,sub-12,6,C4-Pz,183.5285,211.22186447790048,1,1,0,0
4355,sub-12,6,F7-F3,183.97675,176.9726322991785,1,1,0,1
4356,sub-12,6,P4-O2,184.09025,161.57279929038407,1,0,1,1
4357,sub-12,6,F7-F3,187.17975,175.74908727888618,0,0,0,0
4358,sub-12,6,Fp1-F7,187.26675,211.4535592495321,1,0,0,0
4359,sub-12,6,T5-C3,197.7775,214.54760690708468,0,0,0,0
4360,sub-12,6,F7-C3,210.6655,240.10124909322414,0,0,0,0
4361,sub-12,6,F7-C3,210.9875,196.90470367034598,1,0,0,0
4362,sub-12,6,T6-O2,212.2215,222.87481172703048,0,1,0,0
4363,sub-12,6,C4-Pz,212.2805,187.22141069573752,1,1,1,1
4364,sub-12,6,F8-F4,212.351,184.30355819877917,2,1,0,1
4365,sub-12,6,F8-F4,213.2345,183.62479660202507,2,1,1,1
4366,sub-12,7,Fp2-F8,29.018,14.434084315513354,0,0,0,0
4367,sub-12,7,Fp2-F8,32.41425,17.539722474945826,0,0,0,0
4368,sub-12,7,Fp2-F8,54.0165,78.7530279406734,0,0,0,0
4369,sub-12,7,T4-F4,70.69925,93.41572199440787,0,0,0,0
4370,sub-12,7,F3-C3,81.47825,111.15840569574306,0,0,0,0
4371,sub-12,7,Fp2-F4,91.2005,71.88706256832712,0,0,0,0
4372,sub-12,7,T4-F4,139.243,162.65010648313296,0,0,0,0
4373,sub-12,7,Fp1-F3,141.178,168.86570241304906,0,0,0,0
4374,sub-12,7,T3-C3,149.75075,169.47340120109814,0,0,0,0
4375,sub-12,7,F8-F4,153.4095,169.04991354148078,0,0,0,0
4376,sub-12,7,Fp2-F8,194.51875,202.96688393034245,0,0,0,0
4377,sub-12,7,Fp2-F8,204.89225,211.93608587885296,0,0,0,0
4378,sub-12,7,T4-F4,217.7285,246.67902234964728,0,0,0,0
4379,sub-12,7,Fp2-Fz,225.2205,237.88982273493573,0,0,0,0
4380,sub-12,7,C3-Fz,225.899,252.08574050836592,0,0,0,0
4381,sub-12,7,Fp2-F8,236.47275,263.3716883591355,0,0,0,0
4382,sub-12,7,T3-T5,249.1115,226.19819429633796,1,0,0,1
4383,sub-12,7,T3-T5,255.616,267.04552316741876,0,0,0,0
4384,sub-12,7,F8-F4,258.807,240.34821898296144,0,0,0,0
4385,sub-12,7,C3-Cz,259.93275,289.2083615547865,0,0,0,0
4386,sub-12,7,Fp2-F8,267.78575,275.2223550466037,0,0,0,0
4387,sub-12,8,F8-F4,0.972,4.9065447022056325,0,0,0,0
4388,sub-12,8,Fp2-F4,61.1265,78.8928849789407,0,0,0,0
4389,sub-12,8,F8-F4,65.9135,92.21976209064769,0,0,0,0
4390,sub-12,8,Fp1-F3,75.063,87.66379450079353,0,0,0,0
4391,sub-12,8,F8-F4,83.62675,113.43656369770807,0,0,0,0
4392,sub-12,8,Fp2-F8,91.2295,95.21886183142936,0,0,0,0
4393,sub-12,8,F3-Fz,115.7475,127.20398788404923,0,0,0,0
4394,sub-12,8,Fp2-F8,128.72025,131.96144804593848,0,0,1,0
4395,sub-12,8,F8-F4,130.254,140.34659262350377,0,0,0,0
4396,sub-12,8,T4-F4,132.14275,103.31736127693884,0,0,0,0
4397,sub-12,8,C3-Pz,135.67425,162.00855395523914,0,0,0,0
4398,sub-12,8,Fp2-F8,163.70775,139.52019776863133,0,0,0,0
4399,sub-12,8,Fp2-Fz,174.925,168.79626607347947,0,1,0,0
4400,sub-12,8,Fp2-F4,177.01775,156.3948292141824,0,0,0,0
4401,sub-12,8,T6-P4,189.976,196.02082078774208,0,0,0,0
4402,sub-12,8,C4-Fz,197.9305,202.9636924830752,0,0,0,0
4403,sub-12,8,Fp1-F3,222.81825,230.35390158278383,1,0,0,1
4404,sub-12,8,F4-Fz,230.07525,217.6164392371654,0,0,0,0
4405,sub-12,8,T3-F3,252.28,256.5768612008031,1,1,0,0
4406,sub-12,8,T4-T6,252.95675,256.6030598248942,1,0,0,1
4407,sub-12,8,Fp1-F3,255.5005,278.7441247437663,0,1,0,0
4408,sub-12,8,T5-C3,256.067,253.14214656867549,1,1,0,0
4409,sub-12,8,P3-O1,285.95725,261.01897218604165,0,0,0,0
4410,sub-13,1,Fp1-F7,0.86775,4.19076625611526,0,0,0,0
4411,sub-13,1,T3-T5,4.79925,7.540391142741854,0,0,0,0
4412,sub-13,1,F3-Cz,36.67675,14.012584873831852,0,0,0,0
4413,sub-13,1,F3-Fz,40.94175,55.969851722195386,0,0,0,0
4414,sub-13,1,T3-C3,68.4465,65.25026430609947,0,0,0,0
4415,sub-13,1,T3-C3,75.64575,62.65342670731381,0,0,0,0
4416,sub-13,1,T3-F3,83.9995,73.33284480793286,0,0,0,0
4417,sub-13,1,Fp1-F3,88.136,92.81340672638106,0,0,0,0
4418,sub-13,1,Fp1-F3,127.5695,153.10663093852682,0,0,0,0
4419,sub-13,1,T3-C3,129.53325,141.2004049506634,0,0,0,0
4420,sub-13,1,Fp1-F3,190.67225,193.57348351850922,1,0,0,1
4421,sub-13,1,Fz-Cz,193.05875,179.02492253872757,0,1,0,0
4422,sub-13,2,T3-T5,21.53675,3.9801940636537623,0,0,0,0
4423,sub-13,2,T3-C3,46.8165,35.925816432880886,0,0,0,0
4424,sub-13,2,P3-Cz,103.56325,75.92920922226998,0,0,0,0
4425,sub-13,2,T3-P3,121.217,132.77591778310997,0,0,0,0
4426,sub-13,2,F7-T3,141.5285,115.51847633730046,0,0,0,0
4427,sub-13,2,T3-T5,142.72275,128.0930831903995,0,0,0,0
4428,sub-13,2,P4-Pz,156.964,180.53106560207758,0,0,0,0
4429,sub-13,2,F3-Cz,182.353,177.38689161558764,0,0,0,0
4430,sub-13,2,Fp1-Fp2,184.67325,196.1772772198722,1,0,0,0
4431,sub-13,2,F7-T3,195.92025,205.3003376171175,0,0,0,0
4432,sub-13,2,C4-Cz,202.92025,230.79967452585277,0,0,0,0
4433,sub-13,2,T3-F3,216.39775,209.3593601597305,0,0,0,0
4434,sub-13,2,F7-T3,228.03425,233.6174029051427,0,0,0,0
4435,sub-13,2,T3-T5,255.61725,259.91542905637976,0,0,0,0
4436,sub-13,2,F7-T3,278.311,261.4878048713612,0,1,0,0
4437,sub-13,2,Fp1-F3,278.68175,255.71508699742643,1,0,0,1
4438,sub-13,2,F7-T3,290.47225,273.7841938709365,0,0,0,0
4439,sub-14,1,Fp1-F3,29.2755,48.76431684333125,0,0,0,0
4440,sub-14,1,F8-T4,30.85275,57.65787451510086,0,0,0,0
4441,sub-14,1,F3-Cz,38.27775,49.40847015224914,0,0,0,0
4442,sub-14,1,T5-P3,39.37775,36.92835372708559,0,0,0,0
4443,sub-14,1,T3-T5,47.819,53.227759326549624,0,0,0,0
4444,sub-14,1,C4-Pz,64.1335,79.94277253267342,0,0,0,0
4445,sub-14,1,Fp1-F7,71.68875,63.179348642834384,0,0,0,0
4446,sub-14,1,C3-P3,77.11625,59.944929445870024,0,0,0,0
4447,sub-14,1,F7-F3,91.466,105.04179837489099,0,0,0,0
4448,sub-14,1,Fp2-F4,97.74,119.4949092557556,0,0,0,0
4449,sub-14,1,Fp1-F3,106.31675,129.4243577840677,0,0,0,0
4450,sub-14,1,F7-F3,114.127,103.3447859865814,0,0,0,0
4451,sub-14,1,T4-P4,124.8075,112.11520891952436,0,1,0,0
4452,sub-14,1,F3-C3,139.833,145.27197218661925,0,0,0,0
4453,sub-14,1,T3-P3,142.908,135.0090721904427,0,0,0,0
4454,sub-14,1,Fp1-F3,145.55675,163.71218971945163,0,0,0,0
4455,sub-14,1,C3-Cz,169.79725,160.19773707845545,0,0,0,0
4456,sub-14,1,T3-P3,184.73925,212.66132047491797,0,0,0,0
4457,sub-14,1,C4-Pz,187.87825,204.77865326235843,0,0,0,0
4458,sub-14,1,T4-F4,189.30625,167.30877747076798,0,0,0,0
4459,sub-14,1,F7-F3,194.07975,197.198748500521,0,0,0,0
4460,sub-14,1,C4-Fz,239.77425,255.57802070326423,0,0,0,0
4461,sub-14,1,Fp1-F3,252.5345,279.4262039202668,0,0,0,0
4462,sub-14,1,Fp2-F8,259.356,264.9708440551058,0,0,0,0
4463,sub-14,2,T3-F3,0.6505,10.352686470829193,0,0,0,0
4464,sub-14,2,T5-C3,4.655,26.128897012340648,0,0,0,0
4465,sub-14,2,F3-Cz,8.5955,5.253130490177808,0,0,0,0
4466,sub-14,2,F3-Cz,32.35575,19.332513850546746,0,0,0,0
4467,sub-14,2,F3-Cz,53.209,27.215367639986635,0,0,0,0
4468,sub-14,2,C3-Fz,56.96625,68.22037772240839,0,0,0,0
4469,sub-14,2,F3-C3,57.00375,64.25003593462083,1,0,0,0
4470,sub-14,2,C3-Cz,57.70475,28.66981132937157,0,0,0,0
4471,sub-14,2,Pz-O1,58.42075,70.05498608764394,1,0,0,0
4472,sub-14,2,T4-C4,64.18825,74.08723260066172,0,0,0,0
4473,sub-14,2,C4-P4,99.626,103.13626820608687,0,0,0,0
4474,sub-14,2,T5-P3,110.22125,127.29749530741134,0,0,0,0
4475,sub-14,2,Cz-Pz,126.68025,130.1511092350738,0,0,0,0
4476,sub-14,2,F3-Cz,146.8895,128.48471971192623,0,0,0,0
4477,sub-14,2,Cz-Pz,147.77325,134.72269711251835,0,0,0,0
4478,sub-14,2,P3-Cz,210.27225,229.5005222127894,1,0,0,1
4479,sub-14,2,F4-Cz,229.227,215.16836207838853,0,0,0,0
4480,sub-14,3,Pz-O1,24.80075,40.38980049498224,0,1,0,0
4481,sub-14,3,T6-O2,24.83625,32.98989348721595,1,0,0,1
4482,sub-14,3,F3-Cz,32.932,50.3262709966074,0,0,0,0
4483,sub-14,3,Pz-O2,41.99525,51.534049442610865,0,1,0,0
4484,sub-14,3,T5-C3,42.38075,25.328278756770068,1,0,0,1
4485,sub-14,3,F3-Fz,44.87725,17.30091168265463,0,0,0,0
4486,sub-14,3,T3-P3,45.395,67.10005434996786,0,0,0,0
4487,sub-14,3,F4-Cz,81.05975,95.03435803240495,0,0,0,0
4488,sub-14,3,P3-Cz,81.564,90.19540826408343,0,0,0,0
4489,sub-14,3,F3-Cz,88.04175,75.57708432858225,0,0,0,0
4490,sub-14,3,Fp1-F3,92.82725,119.31963583567568,0,0,0,0
4491,sub-14,3,F3-Fz,100.25125,96.05468258452022,0,0,0,0
4492,sub-14,3,F8-F4,128.185,131.26095834021933,0,0,0,0
4493,sub-14,3,F3-Cz,133.3085,125.02746214981886,0,0,0,0
4494,sub-14,3,C3-Pz,146.55125,137.84653551442864,0,0,0,0
4495,sub-14,3,T5-C3,155.91525,179.79627279424884,0,0,0,0
4496,sub-14,3,P3-Pz,169.1015,162.4733998875214,0,0,0,0
4497,sub-14,3,Fp1-F3,174.7255,193.6921379776588,0,0,0,0
4498,sub-14,3,P4-O2,184.85975,208.2914896219391,0,0,0,0
4499,sub-14,3,Fp2-F4,200.24525,194.04481347518515,0,0,0,0
4500,sub-14,3,F3-Cz,203.54975,192.6918952168397,0,0,0,0
4501,sub-14,3,Fp1-F3,205.34825,179.91493290223536,0,0,0,0
4502,sub-14,3,Fp1-F3,212.44275,221.8907890868392,0,0,0,0
4503,sub-14,3,F3-Fz,248.15,232.15595191065267,0,0,0,0
4504,sub-14,4,F3-Fz,33.68725,22.597592995282923,0,0,0,0
4505,sub-14,4,T6-C4,35.2665,56.28901134283528,0,0,0,0
4506,sub-14,4,T3-F3,62.06175,86.7802575974081,1,0,0,0
4507,sub-14,4,T3-T5,62.5885,81.64449072642807,0,0,0,0
4508,sub-14,4,F3-Fz,86.621,75.17786422698019,0,0,0,0
4509,sub-14,4,Fp1-F3,95.6715,106.02101851526294,0,0,0,0
4510,sub-14,4,T4-T6,101.96725,110.40842605288091,0,0,0,0
4511,sub-14,4,C3-Fz,118.01425,100.2884990609255,0,0,0,0
4512,sub-14,4,O1-O2,128.513,132.62097890015423,0,0,0,0
4513,sub-14,4,Fp2-Fz,137.2205,142.95148447305627,0,0,0,0
4514,sub-14,4,T4-F4,146.741,156.90695682952293,0,0,0,0
4515,sub-14,4,F8-C4,148.3235,161.84716150194674,0,0,0,0
4516,sub-14,4,F4-Fz,198.8545,227.3613824460165,0,0,0,0
4517,sub-14,4,F4-Cz,204.13375,201.69711218100556,0,0,0,0
4518,sub-14,4,F8-F4,257.10225,243.74178757068134,0,0,0,0
4519,sub-14,4,F4-Cz,258.035,252.64799698526105,0,0,0,0
4520,sub-14,4,T3-T5,283.7415,273.68826391052215,0,0,0,0
4521,sub-15,1,F4-C4,71.81275,56.67660057139968,0,0,0,0
4522,sub-15,1,T3-F3,87.32825,73.50616063720354,0,0,0,0
4523,sub-15,1,P4-Cz,112.84925,136.94604376355372,0,0,0,0
4524,sub-15,1,F7-F3,181.2415,206.87360304978986,0,1,0,0
4525,sub-15,1,T6-P4,189.32925,215.21749040108597,0,0,0,0
4526,sub-15,1,P4-Cz,196.23625,203.02040519348859,0,0,0,0
4527,sub-15,1,F4-Fz,197.789,218.68287171806296,0,0,0,0
4528,sub-15,1,P4-Cz,200.9115,187.17969005541468,0,0,0,0
4529,sub-15,1,T4-P4,201.01325,189.47445385185887,1,0,0,0
4530,sub-15,1,T3-P3,206.32875,232.22796924804425,0,0,0,0
4531,sub-15,1,T6-C4,238.2025,233.37621194553304,0,0,0,0
4532,sub-15,1,F3-C3,259.7685,282.2859870733167,2,0,0,1
4533,sub-15,1,T3-P3,282.086,276.45753463342214,0,1,0,0
4534,sub-15,1,T3-T5,282.11175,293.41927635722044,1,1,0,0
4535,sub-15,1,Fp1-F3,282.33225,285.63147203951746,2,0,0,1
4536,sub-15,1,T3-F3,285.09075,280.2735918684398,0,1,0,0
4537,sub-15,1,F3-Fz,285.11675,293.611143127945,1,1,0,0
4538,sub-15,1,C4-Pz,293.302,277.90895188742013,0,0,0,0
4539,sub-15,2,T4-T6,39.724,30.114540769511486,0,0,0,0
4540,sub-15,2,F3-Fz,63.249,73.04052191351951,0,0,0,0
4541,sub-15,2,Fp1-Fp2,75.13525,96.58283602917254,0,0,0,0
4542,sub-15,2,F3-C3,114.99925,130.39857474266725,0,1,0,0
4543,sub-15,2,Fp1-Fz,119.36975,130.76686885943133,0,0,0,0
4544,sub-15,2,Fz-Cz,149.81,157.79399433946625,0,0,0,0
4545,sub-15,2,T4-C4,152.71725,147.62293611973132,0,0,0,0
4546,sub-15,2,C3-Fz,204.6915,216.94870178189356,0,0,0,0
4547,sub-15,2,F7-F3,206.43275,192.43234826781566,0,0,0,0
4548,sub-15,2,F3-C3,214.3005,208.0341112221977,0,0,0,0
4549,sub-15,2,Fp1-Fp2,215.0925,205.2514953637525,0,0,0,0
4550,sub-15,2,Fp1-Fp2,215.18925,210.0597055053306,1,0,0,0
4551,sub-15,2,T3-T5,215.98325,199.47387329999515,0,0,0,0
4552,sub-15,2,T4-F4,255.63425,237.60583232672695,0,0,0,0
4553,sub-15,2,Fp1-Fz,273.5505,294.919580639972,0,1,0,0
4554,sub-15,2,Pz-O1,273.78875,257.86543573255983,1,0,0,1
4555,sub-15,3,T4-T6,23.92825,38.6125058599453,0,0,0,0
4556,sub-15,3,F4-Fz,50.03125,79.66866888849482,0,0,0,0
4557,sub-15,3,P4-Pz,60.98225,67.80294216056767,1,0,0,1
4558,sub-15,3,F4-Fz,67.45375,51.80845075946436,0,0,0,0
4559,sub-15,3,C4-Pz,84.351,94.51160322535944,0,0,0,0
4560,sub-15,3,P3-Cz,110.7285,102.454061646334,0,0,0,0
4561,sub-15,3,Fp1-F3,163.62,147.7293293066984,0,1,0,0
4562,sub-15,3,T4-P4,205.30475,184.23442927888465,0,1,0,0
4563,sub-15,3,Fp2-F4,214.65775,229.0106935093319,0,1,0,0
4564,sub-15,3,F8-C4,214.709,204.62309827263914,1,0,0,1
4565,sub-15,3,Fp2-Fz,224.399,219.76492886605368,0,1,0,0
4566,sub-15,3,Fp1-F7,224.496,205.93266284983704,1,0,0,1
4567,sub-15,3,Pz-O2,225.9955,201.40365975949587,0,1,0,0
4568,sub-15,3,T6-P4,226.022,241.82150551620217,1,0,0,1
4569,sub-15,3,F3-Cz,241.50225,237.51160227375547,0,0,0,0
4570,sub-15,3,F4-Fz,272.45275,278.9496869192837,0,0,0,0
4571,sub-16,1,Fp2-Fz,26.76775,3.7381666015248065,0,0,0,0
4572,sub-16,1,Pz-O2,34.843,54.12479347100005,0,1,0,0
4573,sub-16,1,T6-C4,34.958,43.6602734240459,1,0,0,1
4574,sub-16,1,Pz-O1,43.17775,51.15129496140006,0,0,0,0
4575,sub-16,1,C3-P3,57.62375,50.76349907314243,0,0,0,0
4576,sub-16,1,P3-Cz,65.728,60.111780324171065,0,0,0,0
4577,sub-16,1,P3-O1,71.426,62.37625421689316,0,1,0,0
4578,sub-16,1,F7-F3,76.79325,59.21412049603633,0,0,0,0
4579,sub-16,1,Fp2-F8,100.40975,86.19803241397985,0,0,0,0
4580,sub-16,1,Fp2-F4,100.545,113.74237984185643,1,0,0,0
4581,sub-16,1,F3-Cz,115.84975,143.35550894742585,0,0,0,0
4582,sub-16,1,Pz-O1,116.7955,98.71834412767606,0,0,1,0
4583,sub-16,1,O1-O2,116.821,100.43505814804462,1,0,1,0
4584,sub-16,1,T4-P4,189.6815,217.5363724787794,0,0,0,0
4585,sub-16,1,F4-C4,193.14925,166.99542834274553,0,0,0,0
4586,sub-16,1,Pz-O2,194.62675,186.96603379264332,0,0,0,0
4587,sub-16,1,T6-C4,206.14025,194.20470387806637,0,0,1,0
4588,sub-16,1,T6-C4,213.716,224.8621534490382,0,0,0,0
4589,sub-16,1,F7-F3,254.10375,269.4164744126795,0,0,0,0
4590,sub-16,1,C4-Cz,270.2935,241.90188232750882,0,0,0,0
4591,sub-16,1,Fp1-Fz,271.4215,286.12411909509524,0,0,0,0
4592,sub-16,1,T6-C4,275.33675,262.53888803282274,0,0,0,0
4593,sub-16,2,P4-Cz,70.6385,86.13168003414286,0,0,0,0
4594,sub-16,2,Pz-O2,79.08425,70.1695489932519,0,0,1,0
4595,sub-16,2,T6-C4,80.0295,58.56368887005012,0,0,0,0
4596,sub-16,2,T6-C4,107.1915,89.21165812380444,0,0,0,0
4597,sub-16,2,T6-O2,117.3925,137.31657074889074,0,0,0,0
4598,sub-16,2,F4-Fz,122.42275,142.67478563593178,1,0,0,1
4599,sub-16,2,P4-Pz,127.0,135.29813563649247,0,0,0,0
4600,sub-16,2,Fp2-Fz,159.1275,170.76593890123382,0,0,0,0
4601,sub-16,2,Fp1-Fz,160.556,147.249967583714,0,1,0,0
4602,sub-16,2,F8-C4,200.96175,204.41882994700646,0,0,0,0
4603,sub-16,2,T6-C4,202.561,223.35367848600612,0,0,0,0
4604,sub-16,2,T6-C4,243.1995,221.52651627594656,0,0,0,0
4605,sub-16,2,T6-C4,248.02025,250.79865272520493,0,0,0,0
4606,sub-16,2,Fp1-F7,256.01875,274.26439586636207,0,1,0,0
4607,sub-16,2,T6-C4,270.542,286.64564627919407,1,0,0,1
4608,sub-16,2,T3-P3,273.29225,259.9531227789722,0,0,0,0
4609,sub-16,2,F8-F4,284.641,266.6752635857266,0,0,0,0
4610,sub-16,2,Pz-O1,286.35725,259.06855720753435,0,0,0,0
4611,sub-16,2,P4-Cz,287.2125,297.36129616106336,0,0,0,0
4612,sub-16,2,Pz-O2,290.625,264.37132749356624,0,0,0,0
4613,sub-16,2,Pz-O2,295.4495,285.1352442017992,1,1,0,1
4614,sub-16,2,T3-T5,295.93325,270.82417617987284,2,0,0,1
4615,sub-16,3,Pz-O1,1.341,14.694565847579737,0,0,0,0
4616,sub-16,3,T3-F3,7.6845,21.380907062036233,0,0,0,0
4617,sub-16,3,P4-Cz,18.095,44.89116541794631,0,0,0,0
4618,sub-16,3,P4-Cz,20.352,24.593654296018656,0,0,0,0
4619,sub-16,3,Pz-O2,32.10875,8.601263819755662,0,0,0,0
4620,sub-16,3,P3-Cz,33.17525,47.99128057168372,0,0,0,0
4621,sub-16,3,Pz-O2,37.7735,32.607397886732414,1,0,0,1
4622,sub-16,3,C4-Pz,38.17975,11.911421052104057,2,0,0,1
4623,sub-16,3,P3-Cz,96.932,99.7659276756348,0,0,0,0
4624,sub-16,3,C4-P4,152.95975,168.80914388870528,0,0,0,0
4625,sub-16,3,Pz-O1,172.64075,163.3281846138061,0,0,0,0
4626,sub-16,3,P4-Cz,189.68375,161.81220797859757,0,0,0,0
4627,sub-16,4,Pz-O2,13.25825,35.94724127434881,0,0,0,0
4628,sub-16,4,T4-T6,98.271,107.22076968357197,0,0,0,0
4629,sub-16,4,P3-Cz,129.27175,125.74415096070727,0,0,0,0
4630,sub-16,4,F4-Fz,129.8215,126.46782927248353,0,1,0,0
4631,sub-16,4,C4-Cz,237.21275,230.32786455184075,0,1,0,0
4632,sub-16,4,P4-Cz,239.792,262.2626683300416,0,0,0,0
4633,sub-16,4,T3-P3,241.847,218.43472474502806,0,1,0,0
4634,sub-16,4,O1-O2,256.5305,231.67083215175046,0,1,0,0
4635,sub-16,4,P4-Cz,256.67125,238.7098083582158,1,0,0,1
4636,sub-16,4,P4-Pz,261.337,257.0519010695134,1,0,0,0
4637,sub-16,4,P3-Cz,266.45575,247.66487238086495,0,1,0,0
4638,sub-16,4,C4-Cz,289.69675,286.69057302820926,0,0,0,0
4639,sub-17,1,T6-O2,1.95925,17.211247098378244,0,0,0,0
4640,sub-17,1,T4-F4,5.31,34.48870971033179,0,0,0,0
4641,sub-17,1,T4-T6,5.4455,33.84374066293873,1,0,0,0
4642,sub-17,1,O1-O2,41.2465,29.36899920335867,0,1,0,0
4643,sub-17,1,C3-Cz,41.5995,37.07670842196348,1,0,1,1
4644,sub-17,1,T6-O2,53.60675,79.02093709657339,0,1,0,0
4645,sub-17,1,T5-P3,53.6745,77.67743459200021,1,0,1,1
4646,sub-17,1,T4-T6,77.60575,96.28934181864417,0,0,0,0
4647,sub-17,1,T6-O2,83.0425,103.30321440806749,0,0,0,0
4648,sub-17,1,T3-C3,93.9185,113.09571461288871,0,1,0,0
4649,sub-17,1,F8-C4,94.08025,90.39656586683418,2,0,0,1
4650,sub-17,1,F4-Fz,95.13325,114.64314169114814,1,0,0,0
4651,sub-17,1,C4-Fz,95.1975,77.99199655639978,2,0,0,1
4652,sub-17,1,Fp1-Fz,114.28525,134.79431909491515,0,0,0,0
4653,sub-17,1,Fp2-F8,127.92075,132.1075619546475,2,0,0,1
4654,sub-17,1,T4-F4,131.8005,135.90999958654,1,0,0,0
4655,sub-17,1,T4-P4,135.64025,119.12822476464899,0,0,0,0
4656,sub-17,1,P3-O1,141.7855,127.06086499267012,0,0,0,0
4657,sub-17,1,F7-T3,174.977,150.795291847441,0,0,0,0
4658,sub-17,1,T3-F3,175.93825,199.2252030517116,0,0,0,0
4659,sub-17,1,Pz-O2,197.77075,173.87527999870045,0,0,0,0
4660,sub-17,1,Pz-O2,203.70375,192.87627496226338,0,0,0,0
4661,sub-17,1,P3-Pz,224.67475,222.12048583633282,0,0,0,0
4662,sub-17,1,T4-C4,243.57325,266.16321504278085,0,0,0,0
4663,sub-17,1,T3-F3,258.87975,265.1059365846787,0,0,0,0
4664,sub-17,1,C3-Pz,273.86325,250.36792651875282,0,0,0,0
4665,sub-17,1,F7-F3,283.2205,277.6340901003157,0,0,0,0
4666,sub-17,2,C3-P3,4.85675,20.3691299913174,0,0,0,0
4667,sub-17,2,P3-Cz,6.8785,14.78428782055146,0,0,0,0
4668,sub-17,2,T5-P3,44.8735,37.96652808243786,0,1,0,0
4669,sub-17,2,Fp2-Fz,83.43625,99.89017592271081,0,1,0,0
4670,sub-17,2,F8-F4,83.918,101.7049492276139,1,1,0,1
4671,sub-17,2,C4-Cz,101.23675,112.93033903710322,0,0,0,0
4672,sub-17,2,C3-Fz,106.83425,129.80552110257102,0,0,0,0
4673,sub-17,2,Pz-O2,119.461,138.20633091484834,0,0,0,0
4674,sub-17,2,Fz-Cz,161.56475,140.94268509153665,0,0,0,0
4675,sub-17,2,P3-Cz,168.68425,185.9819180056019,0,0,0,0
4676,sub-17,2,P3-O1,186.44325,181.34392195539027,0,0,0,0
4677,sub-17,2,F8-T4,195.00725,169.71652150147298,0,0,0,0
4678,sub-17,2,T4-F4,195.04275,186.51281271440587,1,0,0,0
4679,sub-17,2,Fp2-F8,198.953,195.2436671199858,2,1,0,1
4680,sub-17,2,C4-Cz,205.638,176.93101622460995,0,0,0,0
4681,sub-17,2,C4-Cz,223.28675,240.6546820893387,0,0,0,0
4682,sub-17,2,F4-C4,248.212,271.79359168433604,0,0,0,0
4683,sub-17,2,P4-O2,248.772,242.58259479592095,0,0,0,0
4684,sub-17,2,T6-O2,275.93025,298.74358118859504,0,0,0,0
4685,sub-17,3,F3-C3,23.74475,6.262371834793267,0,0,0,0
4686,sub-17,3,P3-O1,49.814,32.05273590327104,0,0,0,0
4687,sub-17,3,C3-Fz,61.52875,68.2324447044678,0,0,0,0
4688,sub-17,3,T5-P3,132.53375,136.78645066217103,0,0,0,0
4689,sub-17,3,F7-T3,150.13425,121.57000465906881,0,0,0,0
4690,sub-17,3,P4-Pz,153.764,182.5305486288464,0,0,0,0
4691,sub-17,3,T5-O1,162.689,190.5043613604805,0,0,0,0
4692,sub-17,3,Cz-Pz,179.6,172.52665599934366,0,0,0,0
4693,sub-17,3,T4-C4,188.6915,168.18237103464605,0,0,0,0
4694,sub-17,3,F8-T4,194.13525,217.35222574780533,0,0,0,0
4695,sub-17,4,F3-Cz,39.93325,31.181021014496444,0,0,0,0
4696,sub-17,4,T3-C3,41.15925,28.768086436819438,0,0,0,0
4697,sub-17,4,T3-P3,41.2825,38.58140549311362,1,0,0,0
4698,sub-17,4,T6-C4,85.8055,89.32844884586916,0,0,0,0
4699,sub-17,4,O1-O2,126.68725,118.35358261893315,0,1,0,0
4700,sub-17,4,T5-C3,126.7585,148.759492516283,1,1,1,1
4701,sub-17,4,Fp1-F7,129.415,146.17063017425775,1,0,1,1
4702,sub-17,4,T4-C4,130.108,158.9474892801072,0,0,0,0
4703,sub-17,4,Fp1-F3,131.7555,124.97994892686984,0,0,1,0
4704,sub-17,4,O1-O2,146.43975,131.80167125441167,1,1,0,1
4705,sub-17,4,F4-C4,148.28625,146.26908081307218,1,0,1,0
4706,sub-17,4,T6-P4,148.8375,162.49905014321087,0,1,0,0
4707,sub-17,4,T4-C4,206.21175,196.95707865561315,0,1,0,0
4708,sub-17,4,C3-P3,213.3785,240.05134811782716,0,0,0,0
4709,sub-17,5,Fp1-F7,15.5915,25.838854598087888,0,0,0,0
4710,sub-17,5,P3-Cz,29.03725,57.409756204797645,0,0,0,0
4711,sub-17,5,P3-Pz,47.74125,54.79606461485103,0,0,0,0
4712,sub-17,5,F4-Fz,48.6795,29.52386281223611,1,1,0,1
4713,sub-17,5,F8-T4,49.9865,57.698242041381896,0,0,0,0
4714,sub-17,5,Fp2-F4,63.6565,47.94878178510828,1,0,0,1
4715,sub-17,5,T3-P3,85.76825,93.3834063758793,0,0,0,0
4716,sub-17,5,Pz-O2,87.5205,64.88190937509717,0,1,0,0
4717,sub-17,5,F7-F3,88.32425,113.77480674246837,0,1,0,0
4718,sub-17,5,T3-C3,88.679,110.54348129009735,1,0,0,1
4719,sub-17,5,T5-O1,104.78075,133.34529422700953,0,0,0,0
4720,sub-17,5,P3-Cz,118.47925,112.86246436302895,0,0,0,0
4721,sub-17,5,F8-T4,146.65125,117.73894777027809,0,0,0,0
4722,sub-17,5,T5-P3,178.3475,150.21182330619285,0,0,0,0
4723,sub-17,5,F7-F3,189.43275,214.68874016884047,0,0,0,0
4724,sub-17,5,P3-Pz,222.00475,226.4844037710985,0,0,0,0
4725,sub-17,5,F8-F4,284.11,273.73076638708875,0,1,0,0
4726,sub-17,5,T4-C4,284.136,287.98945934593,1,0,0,1
4727,sub-17,6,T5-P3,127.2485,117.1067037923367,0,0,0,0
4728,sub-17,6,F8-C4,176.3075,172.78554329628795,0,0,0,0
4729,sub-17,6,Fp1-F7,202.7215,217.8292389489281,0,0,0,0
4730,sub-17,6,Fp1-F7,270.13875,276.11547701415986,1,0,0,1
4731,sub-17,6,Fp1-F3,272.5075,258.95919403323944,0,0,0,0
4732,sub-17,6,P3-Pz,275.71375,293.0180788216533,0,0,0,0
4733,sub-17,6,F8-T4,288.03975,292.1729099552109,0,0,0,0
4734,sub-17,7,F3-C3,21.5485,13.381090602286914,0,0,0,0
4735,sub-17,7,T6-O2,32.161,13.473802428116151,0,0,0,0
4736,sub-17,7,F8-T4,83.9155,100.19129119207963,0,0,0,0
4737,sub-17,7,F8-T4,85.22625,111.77185673287939,1,0,0,0
4738,sub-17,7,T5-O1,87.281,57.72954957775992,0,0,0,0
4739,sub-17,7,P3-Cz,111.57675,134.19229741844362,0,0,0,0
4740,sub-17,7,Fp2-F4,113.63575,84.77190106689139,0,0,1,0
4741,sub-17,7,P3-Cz,125.0155,104.70353787636473,0,0,0,0
4742,sub-17,7,T5-P3,125.18425,111.70057081262097,1,0,0,0
4743,sub-17,7,T5-P3,209.1625,227.22542780847107,0,0,0,0
4744,sub-17,7,T5-O1,265.7485,245.40985305969383,0,0,0,0
4745,sub-17,7,F8-T4,279.4605,257.78228399706006,0,1,0,0
4746,sub-17,7,F7-T3,279.521,265.9586196921764,1,0,0,1
4747,sub-17,8,P3-Pz,85.1915,65.42090259055627,0,0,0,0
4748,sub-17,8,Fp1-F7,157.75775,185.49036190535392,0,0,0,0
4749,sub-17,8,O1-O2,284.9615,272.1961118231717,0,0,0,0
4750,sub-17,9,Fp1-Fp2,77.41525,50.21922446902703,0,0,0,0
4751,sub-17,9,T3-P3,88.3785,74.36113480472906,0,0,0,0
4752,sub-17,9,Fp1-Fp2,134.4135,144.19301911388075,0,0,0,0
4753,sub-17,9,P3-Pz,171.537,148.69071833705112,0,0,0,0
4754,sub-17,9,F7-T3,212.6735,199.6480008980696,0,0,0,0
4755,sub-17,9,T5-P3,227.87875,206.49866994587055,0,0,0,0
4756,sub-17,9,T5-P3,227.966,222.10338957110184,1,0,0,0
4757,sub-17,9,T4-F4,245.095,239.06019099564134,0,0,0,0
4758,sub-17,9,F8-F4,245.1505,251.09743152781675,1,0,0,0
4759,sub-17,9,O1-O2,250.676,252.80346575362424,0,0,0,0
4760,sub-17,9,C3-P3,271.87025,265.65998721522857,0,0,0,0
4761,sub-17,9,C3-Cz,291.02025,286.26020899360213,0,0,0,0
4762,sub-18,1,F3-C3,93.6175,95.79020050974619,2,1,0,1
4763,sub-18,1,Fp1-F3,94.56125,89.12804768067754,0,0,0,0
4764,sub-18,1,T4-T6,177.257,150.8264209240484,0,0,0,0
4765,sub-18,1,Fp2-F8,216.96775,246.48449718347672,1,0,0,1
4766,sub-18,1,Fp1-Fp2,217.11875,240.0527595557864,2,0,0,0
4767,sub-18,1,Fp1-Fp2,237.47375,214.66332108499475,0,0,0,0
4768,sub-18,1,F3-Cz,238.51225,248.92740908829546,0,0,0,0
4769,sub-18,1,Fp1-F3,239.5675,214.08088128033805,0,1,0,0
4770,sub-18,1,Fp2-F4,239.60775,236.51630741852037,1,0,0,1
4771,sub-18,1,C4-P4,269.79725,272.0938809438367,0,0,0,0
4772,sub-18,1,T5-O1,291.72,269.7669367843646,0,0,1,0
4773,sub-18,2,C4-Cz,86.48525,90.83244470860107,0,0,0,0
4774,sub-18,2,T6-P4,112.75825,87.57150223305042,0,0,0,0
4775,sub-18,2,T4-P4,116.99225,112.47367303345726,0,0,0,0
4776,sub-18,2,F4-C4,122.2675,112.83689999619634,1,1,0,0
4777,sub-18,2,Fp2-F8,122.57325,125.91794300294032,2,0,0,1
4778,sub-18,2,Fp1-F3,123.5755,117.04321716941682,1,1,0,0
4779,sub-18,2,Fp1-F7,123.63675,126.0072218514383,2,1,0,0
4780,sub-18,2,Fp2-Fz,125.07375,136.26197719262757,0,1,0,0
4781,sub-18,2,Fp1-Fz,125.12375,113.18166854403172,1,1,0,0
4782,sub-18,2,Fp1-F3,125.16325,122.74885666407829,2,1,0,1
4783,sub-18,2,Fp1-F7,125.211,122.66286685538883,3,1,0,1
4784,sub-18,2,F3-Fz,173.752,190.0779978639164,1,1,0,0
4785,sub-18,2,F4-Cz,232.0185,255.28166743898717,0,0,0,0
4786,sub-18,2,T4-T6,290.74125,298.1244676467218,0,0,0,0
4787,sub-18,3,Fp1-Fp2,61.12875,37.61148433663457,1,1,0,1
4788,sub-18,3,F3-C3,152.29275,147.94299053108756,0,0,0,0
4789,sub-18,3,F7-F3,223.97,236.83230482225503,0,0,0,0
4790,sub-18,3,P3-O1,282.8775,259.97873122448016,0,0,0,0
4791,sub-18,3,Fp2-F8,290.03775,296.92468492578274,0,0,0,0
4792,sub-18,4,T3-F3,75.00575,78.76710532969106,0,0,0,0
4793,sub-18,4,C4-Pz,80.76125,57.530127321265724,0,0,0,0
4794,sub-18,4,F7-T3,103.16625,123.61274068327458,0,0,0,0
4795,sub-18,4,Fp1-Fp2,151.05325,123.45710129569017,0,0,0,0
4796,sub-18,4,F4-Fz,162.7155,150.83966264599334,0,0,1,0
4797,sub-18,4,Fp2-Fz,202.91825,196.74255339084795,0,0,0,0
4798,sub-18,4,Fp1-Fp2,233.61775,205.98255223105485,0,0,0,0
4799,sub-18,4,Fp1-F3,235.96525,214.30610685471802,0,1,0,0
4800,sub-18,4,Fp1-Fp2,236.1295,233.94636111526066,1,1,0,0
4801,sub-18,4,F7-T3,274.4765,250.2130211509219,0,0,0,0
4802,sub-18,4,T3-P3,274.574,295.5454336016234,1,0,0,0
4803,sub-18,4,T3-T5,295.25975,281.08535927966193,0,0,0,0
4804,sub-18,5,Fp1-Fp2,29.61525,20.567493633225443,0,0,0,0
4805,sub-18,5,C3-P3,57.44475,67.74023360749749,0,0,0,0
4806,sub-18,5,F3-C3,74.04,78.1948715218602,0,1,0,0
4807,sub-18,5,F8-T4,168.60425,156.55633581585013,0,0,0,0
4808,sub-18,5,F8-T4,172.82725,174.9679658853997,0,0,0,0
4809,sub-18,5,F7-C3,211.7095,209.39709682444558,0,0,0,0
4810,sub-18,5,Fp1-F3,231.171,254.94940818430416,0,0,0,0
4811,sub-18,5,Fp1-Fz,231.25575,211.76770885239924,1,1,0,0
4812,sub-18,5,Fp1-Fz,231.9695,256.9332907727535,0,0,0,0
4813,sub-18,6,C4-Pz,55.9925,50.68495651290769,0,0,0,0
4814,sub-18,6,Fp1-Fp2,75.6765,104.5010239888378,0,1,0,0
4815,sub-18,6,C4-P4,106.1135,129.9015977648515,0,0,0,0
4816,sub-18,6,Fp1-Fp2,184.68125,193.00218834319136,0,0,0,0
4817,sub-18,6,T4-F4,212.79075,188.22872925728365,0,0,0,0
4818,sub-18,6,Fp1-F7,257.365,270.92509299219256,0,1,0,0
4819,sub-18,7,C3-Cz,42.32375,23.56353181103543,0,0,0,0
4820,sub-18,7,C3-Cz,45.98475,28.943825717933255,0,0,0,0
4821,sub-18,7,Fp2-Fz,69.7095,78.87400997357695,0,0,0,0
4822,sub-18,7,P4-O2,114.0995,88.16941945703573,0,0,0,0
4823,sub-18,7,F3-Cz,236.23175,218.343751154985,0,0,0,0
4824,sub-18,7,F8-T4,258.73875,251.9596663162101,1,0,0,1
4825,sub-18,7,T6-P4,259.49175,252.19064046506136,1,1,0,1
4826,sub-18,7,Pz-O2,259.56575,263.1226635140206,3,0,0,1
4827,sub-18,7,F8-T4,262.655,292.23689400538285,0,1,0,0
4828,sub-18,8,T3-T5,11.182,25.97102270319359,1,1,0,0
4829,sub-18,8,Fp2-Fz,17.87075,10.328353195656062,0,0,0,0
4830,sub-18,8,T3-T5,56.0505,26.262029395674354,1,1,0,1
4831,sub-18,8,T6-P4,138.35475,165.9783592111887,0,0,0,0
4832,sub-18,8,Fp1-F3,154.37375,148.11877608025785,0,1,0,0
4833,sub-18,8,T4-C4,154.60325,141.57936707408174,1,1,0,1
4834,sub-18,8,F3-Fz,227.681,208.8101441210825,0,1,0,0
4835,sub-18,8,Fp1-Fp2,227.84475,237.89312289700803,1,0,0,1
4836,sub-18,8,T4-P4,239.898,258.47268567463334,0,0,0,0
4837,sub-18,9,C4-Fz,1.37975,17.233699525908435,0,0,0,0
4838,sub-18,9,F7-C3,26.03775,51.319634954073216,0,0,0,0
4839,sub-18,9,T5-P3,55.1625,62.91707282249106,0,0,0,0
4840,sub-18,9,F7-F3,101.403,110.97220526865625,0,1,0,0
4841,sub-18,9,T3-F3,101.43525,121.60529931465953,1,1,0,0
4842,sub-18,9,F7-F3,102.16225,78.41392380379077,0,0,0,0
4843,sub-18,9,Fp1-F7,119.91,110.59887771020601,0,1,0,0
4844,sub-18,9,Fp2-F4,120.677,140.34958959369902,0,1,0,0
4845,sub-18,9,F4-Cz,121.21825,102.48301915519772,1,0,0,1
4846,sub-18,9,F8-C4,172.323,192.92419302369015,0,0,0,0
4847,sub-18,9,Fp1-Fp2,202.352,172.8183156437408,1,1,0,0
4848,sub-18,9,Fp1-Fp2,206.43975,189.12707611253225,0,0,0,0
4849,sub-18,9,Fp1-F3,234.573,220.87196040181448,0,0,0,0
4850,sub-18,9,T5-O1,246.55825,269.18377828149784,0,0,0,0
4851,sub-18,9,Fp2-F8,295.95225,284.62790155028944,0,0,0,0
4852,sub-18,10,Fp2-F4,30.73,35.15592465292974,0,1,0,0
4853,sub-18,10,F7-C3,58.39225,65.73367459829508,0,0,0,0
4854,sub-18,10,Fp1-Fz,60.144,62.58186254790041,1,0,0,0
4855,sub-18,10,F7-T3,104.862,100.88162089812624,0,0,0,0
4856,sub-18,10,T5-O1,116.337,125.50719729680368,1,0,0,1
4857,sub-18,10,T4-C4,117.29,104.92291075985472,1,0,0,1
4858,sub-18,10,F8-F4,144.93225,162.73846738527476,0,0,0,0
4859,sub-18,10,T3-T5,174.635,164.9558460739911,0,0,0,0
4860,sub-18,10,Fp2-F4,209.37675,226.31729329512743,0,0,0,0
4861,sub-19,1,T4-P4,29.98825,43.786666191757234,0,0,0,0
4862,sub-19,1,C3-P3,40.01375,47.91282023436485,0,0,0,0
4863,sub-19,1,C4-Cz,74.65475,100.57515016624231,0,0,0,0
4864,sub-19,1,T4-T6,85.27675,91.22666702675235,0,0,0,0
4865,sub-19,1,T6-P4,85.37125,74.80948272332554,1,0,0,0
4866,sub-19,1,F7-T3,170.99375,193.73118929522076,0,0,0,0
4867,sub-19,1,C3-Cz,172.8445,167.1621417150133,0,0,0,0
4868,sub-19,1,F7-C3,193.0245,207.19884045512893,0,0,0,0
4869,sub-19,1,T3-P3,198.776,217.4800851193769,0,0,0,0
4870,sub-19,1,F7-F3,254.16125,280.4220759633527,0,0,0,0
4871,sub-19,1,Fp2-F8,260.66,232.17574780998785,0,0,0,0
4872,sub-19,1,T3-F3,276.65125,258.2384906781569,0,0,0,0
4873,sub-19,2,P4-Pz,17.467,33.454204886330615,0,0,0,0
4874,sub-19,2,T3-P3,21.438,2.3874038349957267,0,0,0,0
4875,sub-19,2,T5-P3,25.9625,44.70231822009089,0,0,0,0
4876,sub-19,2,F8-T4,43.38225,51.591627447796824,0,0,0,0
4877,sub-19,2,F8-F4,43.58625,17.902822584048934,1,0,0,0
4878,sub-19,2,F7-T3,64.78275,58.89811264311957,0,0,0,0
4879,sub-19,2,Fp2-F4,125.7945,96.91771818984846,0,0,0,0
4880,sub-19,2,T5-C3,188.63625,181.99800750295068,0,0,0,0
4881,sub-19,2,T4-C4,190.7515,178.7319747336449,0,0,0,0
4882,sub-19,2,F3-Cz,272.436,292.66825563991534,0,0,0,0
4883,sub-19,3,T4-P4,3.0455,16.902189123969098,0,0,0,0
4884,sub-19,3,F7-T3,12.74275,30.231708312190264,0,0,0,0
4885,sub-19,3,T6-O2,69.43125,76.83280336236052,0,0,0,0
4886,sub-19,3,T6-P4,73.059,99.77504174790998,0,0,0,0
4887,sub-19,3,F8-T4,104.54,108.70646076092504,0,0,0,0
4888,sub-19,3,Fp2-F4,125.3995,149.0523273748847,0,0,0,0
4889,sub-19,3,F4-Cz,128.4505,142.78994508644354,0,0,1,0
4890,sub-19,3,Cz-Pz,137.01025,127.35133728436689,0,0,0,0
4891,sub-19,3,P4-O2,143.20325,151.0500764129798,0,0,0,0
4892,sub-19,3,P4-Cz,145.04375,167.65753462659174,0,0,0,0
4893,sub-19,3,F8-F4,159.486,148.2150727646115,0,1,0,0
4894,sub-19,3,T4-C4,159.55375,137.35183347708548,1,0,0,1
4895,sub-19,3,T4-C4,159.6315,164.21034883523754,2,0,0,1
4896,sub-19,3,T5-C3,163.96275,157.1996266318024,0,0,0,0
4897,sub-19,3,T3-T5,164.16925,145.07839000590718,1,0,0,0
4898,sub-19,3,Cz-Pz,207.5875,216.29709107123915,0,0,0,0
4899,sub-19,3,T4-F4,249.44425,255.5720127867729,1,0,0,1
4900,sub-19,3,T3-T5,250.68,261.62841555971227,1,0,0,0
4901,sub-19,3,Fp2-F8,255.20925,260.43060043583824,0,0,0,0
4902,sub-19,3,T6-O2,298.98075,290.2645803133469,0,0,0,0
4903,sub-19,4,Fp2-F8,3.245,33.03790529192894,0,0,0,0
4904,sub-19,4,Fp2-F8,3.35075,17.367674826340846,1,0,0,0
4905,sub-19,4,F8-C4,5.0855,14.61227141433111,0,0,0,0
4906,sub-19,4,Fp2-F8,6.046,18.03192852559184,0,0,0,0
4907,sub-19,4,F7-T3,7.101,24.634793754248527,0,0,0,0
4908,sub-19,4,T5-P3,118.339,129.1866903025074,0,0,0,0
4909,sub-19,4,T5-C3,118.6335,142.56761419236022,1,0,0,0
4910,sub-19,4,Fp2-Fz,119.68575,95.2915883439026,0,0,0,0
4911,sub-19,4,T6-P4,120.26775,129.24818955456405,0,0,0,0
4912,sub-19,4,T5-C3,124.8815,139.3057920363479,0,1,0,0
4913,sub-19,4,Fp1-F3,142.23325,123.1684272494247,0,0,0,0
4914,sub-19,4,F7-T3,182.8445,165.8006958317268,0,0,0,0
4915,sub-19,4,F7-T3,183.84075,203.42173059996642,1,0,0,0
4916,sub-19,4,C3-Cz,203.291,209.04399013355032,0,0,1,0
4917,sub-19,4,P4-O2,223.83925,240.55538145250006,0,0,0,0
4918,sub-19,4,F4-C4,228.3365,241.9847588799057,0,1,0,0
4919,sub-19,4,Fp1-F7,228.37725,252.35270247294574,1,0,0,1
4920,sub-19,4,F4-Fz,231.25325,246.3048397790662,0,0,0,0
4921,sub-19,4,F7-T3,237.84875,262.11078133044055,0,0,0,0
4922,sub-19,4,F7-C3,239.41775,221.11050328260922,0,0,0,0
4923,sub-19,4,T3-T5,245.50125,248.22660882949748,0,0,0,0
4924,sub-19,4,T3-C3,252.0425,267.90730336740603,0,0,0,0
4925,sub-19,4,C4-Fz,274.497,253.16476617457838,0,0,0,0
4926,sub-19,4,T3-T5,278.13525,266.30424388349047,0,0,0,0
4927,sub-19,4,P4-Pz,285.42225,273.99257024835384,0,0,0,0
4928,sub-20,1,C4-Fz,30.55575,16.04108139150823,0,0,0,0
4929,sub-20,1,T4-P4,72.361,49.43749520241943,0,1,0,0
4930,sub-20,1,Fp1-Fp2,179.49975,204.44537607461686,0,0,0,0
4931,sub-20,2,T6-O2,45.27925,71.13927013173125,0,0,0,0
4932,sub-20,2,Fp1-F7,49.63225,74.20934459593289,0,0,0,0
4933,sub-20,2,Fp1-Fp2,49.6665,45.61421138975567,1,0,0,0
4934,sub-20,2,F3-C3,81.104,85.00172268107235,0,0,0,0
4935,sub-20,2,P4-Cz,157.62175,176.5754505216811,0,0,0,0
4936,sub-20,2,Pz-O1,173.3545,200.17206156856096,0,0,0,0
4937,sub-20,2,T3-F3,180.9815,166.87518722099134,0,0,0,0
4938,sub-20,2,T5-P3,189.78525,179.08375429280582,0,0,0,0
4939,sub-20,2,P4-Cz,201.73475,220.03705547151066,0,0,0,0
4940,sub-20,2,C3-P3,213.733,192.29940179645837,0,0,0,0
4941,sub-20,3,Fp1-F7,7.607,3.4529183016613434,0,0,0,0
4942,sub-20,3,Fp1-Fp2,15.33625,33.228779655051305,0,0,0,0
4943,sub-20,3,Fp1-F3,64.89075,36.36829796822293,0,0,0,0
4944,sub-20,3,F8-C4,85.59375,79.78953161321353,0,1,0,0
4945,sub-20,3,Pz-O2,100.6325,126.0653355219429,0,0,0,0
4946,sub-20,3,Fp2-Fz,132.8045,156.30172903385233,0,0,0,0
4947,sub-20,3,Fp1-Fp2,132.84375,117.7637948424038,1,0,0,0
4948,sub-20,3,Fp2-Fz,243.06625,215.52663219837743,0,0,0,0
4949,sub-20,3,Fp1-F7,292.44675,283.18676976015763,1,0,0,0
4950,sub-20,4,Fp1-F7,0.8385,29.911062896706174,0,0,0,0
4951,sub-20,4,Fp1-Fz,1.025,16.658773297158213,1,0,0,0
4952,sub-20,4,T5-C3,16.48625,35.07869470571174,0,0,0,0
4953,sub-20,4,F7-T3,160.59275,185.7169036295445,0,0,0,0
4954,sub-20,4,C4-Fz,174.10525,146.9393880485817,0,1,0,0
4955,sub-20,4,T4-F4,194.07275,211.45161228368875,0,1,0,0
4956,sub-20,4,T6-C4,210.157,194.6593281589328,1,0,0,0
4957,sub-20,4,T6-P4,210.215,194.40628860155866,2,0,0,0
4958,sub-20,4,P3-O1,289.46025,281.7264396066737,0,0,0,0
4959,sub-20,5,F3-C3,3.9825,9.070795611918719,0,0,0,0
4960,sub-20,5,C3-P3,75.472,103.39222145307474,0,0,0,0
4961,sub-20,5,Fp2-F4,141.33125,111.3870383712649,0,0,0,0
4962,sub-20,5,Fp1-F3,144.31425,141.65815030343492,1,0,0,0
4963,sub-20,5,Fp1-Fz,144.492,125.60333315213008,1,0,0,0
4964,sub-20,5,C3-Pz,162.0295,135.9586825011897,0,0,0,0
4965,sub-20,5,T5-P3,272.5995,294.6801426766387,1,0,0,1
4966,sub-20,5,F7-C3,273.1545,246.52728907106857,0,0,0,0
4967,sub-20,5,T3-T5,274.50075,277.27023042706,1,1,0,1
4968,sub-20,5,F7-F3,276.06275,285.59618149229624,0,0,1,0
4969,sub-20,5,F7-C3,276.879,266.57468771406275,0,0,0,0
4970,sub-20,5,Fp2-F8,286.019,296.28778492501857,0,0,0,0
4971,sub-20,5,C4-Fz,294.63125,281.1777754975889,0,0,0,0
4972,sub-21,1,Fp1-Fp2,13.84175,38.331229298990074,0,0,0,0
4973,sub-21,1,Fp1-F7,17.0415,38.94992592765574,0,0,0,0
4974,sub-21,1,Fp1-F3,18.59775,4.892144586428863,0,0,0,0
4975,sub-21,1,F7-F3,22.20425,46.03817092356478,0,0,0,0
4976,sub-21,1,T3-F3,32.873,49.125825348716376,1,1,0,1
4977,sub-21,1,F7-C3,34.69175,31.939087172576443,0,0,0,0
4978,sub-21,1,F8-F4,49.03675,38.574742945081866,0,0,0,0
4979,sub-21,1,Fp2-F4,53.2085,30.546569144967993,0,0,0,0
4980,sub-21,1,Fp1-F7,56.2425,27.875271531385835,0,0,0,0
4981,sub-21,1,Fp1-F7,80.3615,91.34012965043377,0,0,0,0
4982,sub-21,1,F7-C3,96.90975,101.95639312212589,1,0,1,1
4983,sub-21,1,Fp1-Fp2,97.471,101.17526508204651,0,0,1,0
4984,sub-21,1,Fp2-F8,97.7005,101.94495789591512,1,0,1,0
4985,sub-21,1,T6-P4,99.72875,82.45447895924514,0,0,0,0
4986,sub-21,1,P3-O1,101.426,94.60211424536656,0,1,0,0
4987,sub-21,1,T3-C3,101.5715,80.63438081262348,1,0,0,1
4988,sub-21,1,T5-P3,102.18625,93.50902255986715,0,1,0,0
4989,sub-21,1,F7-C3,125.80275,139.44049603395007,0,0,0,0
4990,sub-21,1,F8-C4,132.08475,137.0600099371941,0,0,0,0
4991,sub-21,1,Fp1-Fp2,153.304,145.944300852544,0,0,0,0
4992,sub-21,1,Fp1-F7,168.52225,176.52530848764513,0,0,0,0
4993,sub-21,1,F8-C4,175.6905,180.5086507899448,0,0,0,0
4994,sub-21,1,F7-T3,247.62875,275.36599409727233,0,0,0,0
4995,sub-21,1,Fp2-F4,260.37475,287.11549331439437,0,0,0,0
4996,sub-21,1,F7-T3,262.29275,246.83585001377253,0,1,0,0
4997,sub-21,1,Fp1-Fp2,262.347,291.301160905015,1,0,0,1
4998,sub-21,1,Fp1-F3,289.2665,297.66422873424153,0,0,0,0
4999,sub-21,1,F7-C3,291.1585,288.1521149949789,0,0,0,0
5000,sub-21,2,F7-T3,23.56325,44.685811908563736,0,1,0,0
5001,sub-21,2,T5-P3,24.058,31.053289953471754,1,0,0,1
5002,sub-21,2,T5-O1,24.4815,20.518432936339856,1,0,0,0
5003,sub-21,2,T6-O2,25.17175,2.1161033137554313,0,1,0,0
5004,sub-21,2,T3-T5,25.473,20.809281028912615,1,1,0,1
5005,sub-21,2,F8-F4,66.438,78.4456180251144,0,0,0,0
5006,sub-21,2,Fp2-F4,71.1125,93.49106587432901,0,0,0,0
5007,sub-21,2,Fp1-Fp2,93.7345,118.1587311191234,0,0,0,0
5008,sub-21,2,Fp1-Fp2,93.86125,71.48317626042963,1,0,0,0
5009,sub-21,2,Fp2-F4,98.9285,72.8146494290115,0,0,0,0
5010,sub-21,2,F3-Cz,100.39875,120.77144533906969,0,0,0,0
5011,sub-21,2,T3-F3,100.4625,71.56603161339515,1,0,0,0
5012,sub-21,2,T4-F4,146.95025,122.19527547907637,0,0,0,0
5013,sub-21,2,F8-C4,175.02525,162.05212014758288,0,0,0,0
5014,sub-21,2,F7-T3,186.2895,211.3602778217503,0,0,0,0
5015,sub-21,2,T4-F4,193.506,176.27745728766664,0,0,0,0
5016,sub-21,2,Fp1-Fp2,220.26675,230.05781265134567,0,0,0,0
5017,sub-21,2,F8-T4,226.388,228.70198845788872,1,0,0,0
5018,sub-21,2,Fp1-Fp2,227.69825,231.58880603440193,0,0,0,0
5019,sub-21,2,Fp1-Fp2,244.5145,228.8635874633681,1,0,0,0
5020,sub-21,2,Pz-O2,266.605,292.52960277467486,0,0,0,0
5021,sub-21,2,Fp2-F4,286.4595,262.0545715717926,0,0,0,0
5022,sub-21,2,Fp2-F4,287.02975,282.0904186526167,0,0,0,0
5023,sub-21,3,Fp1-F3,16.98,39.18881222471819,0,0,0,0
5024,sub-21,3,Fp2-Fz,42.195,26.436877719778398,0,0,0,0
5025,sub-21,3,F7-T3,50.93075,55.990421641111155,0,1,0,0
5026,sub-21,3,T3-T5,54.45425,26.00416350817737,0,0,0,0
5027,sub-21,3,T6-O2,55.0645,76.10617333454668,0,0,0,0
5028,sub-21,3,T3-T5,69.425,65.67058489624773,0,0,0,0
5029,sub-21,3,T4-F4,71.632,49.20042847486833,0,1,0,0
5030,sub-21,3,T6-O2,71.74175,51.771673028430875,1,0,1,1
5031,sub-21,3,T5-P3,72.3525,82.07744241044352,0,0,0,0
5032,sub-21,3,T5-O1,74.694,79.54220390638788,0,0,0,0
5033,sub-21,3,Fp1-Fp2,87.37975,66.36392307104978,0,0,0,0
5034,sub-21,3,T5-O1,97.0525,120.12024478809816,0,0,0,0
5035,sub-21,3,Fp1-Fp2,97.7485,109.81740648584895,0,0,0,0
5036,sub-21,3,F8-T4,100.2645,105.51770413488639,0,1,0,0
5037,sub-21,3,T5-P3,100.4975,71.80720651167746,2,0,0,1
5038,sub-21,3,F8-T4,101.446,79.58670159078342,0,0,0,0
5039,sub-21,3,F8-T4,103.8535,91.5575468034786,0,0,0,0
5040,sub-21,3,Fp1-F3,133.70825,109.42577887212666,0,0,0,0
5041,sub-21,3,Fp2-Fz,142.15,149.89421646333562,1,1,1,1
5042,sub-21,3,Fp1-F3,147.99375,145.42347037920743,0,1,0,0
5043,sub-21,3,T3-P3,148.822,142.55556243059613,2,0,0,0
5044,sub-21,3,P3-O1,149.2425,142.55555262196444,2,1,0,1
5045,sub-21,3,P4-O2,149.48475,153.9033145518873,2,0,0,1
5046,sub-21,3,T3-C3,150.18725,152.89832927061894,1,0,0,0
5047,sub-21,3,T4-P4,150.76675,173.24505508930523,0,0,0,0
5048,sub-21,3,T4-P4,151.356,125.61688132250819,0,1,0,0
5049,sub-21,3,T3-C3,153.43175,142.96981815964216,0,1,0,0
5050,sub-21,3,P4-O2,153.80575,151.41747861178982,1,0,1,1
5051,sub-21,3,F8-F4,183.252,175.20672974367034,0,0,0,0
5052,sub-21,4,T3-C3,42.2875,19.375265578293487,0,1,0,0
5053,sub-21,4,F7-T3,42.34325,31.769761420245022,1,1,0,0
5054,sub-21,4,O1-O2,131.20675,154.5967272624131,0,0,0,0
5055,sub-21,4,Fp1-Fp2,220.69425,200.55152110300682,0,0,0,0
5056,sub-21,4,T6-P4,250.259,234.87498203089206,0,0,0,0
5057,sub-21,4,Fp1-Fp2,297.59675,294.6562703622159,0,0,0,0
5058,sub-21,5,Fp2-F4,18.43925,34.534119020465,0,0,0,0
5059,sub-21,5,Fp2-F4,57.229,81.8857730380389,0,0,0,0
5060,sub-21,5,F8-T4,147.6165,118.72380699473688,0,0,0,0
5061,sub-21,5,Fp2-F4,224.0415,242.25205523825377,0,0,0,0
5062,sub-21,5,C3-Pz,227.837,213.71717592181187,0,0,0,0
5063,sub-21,6,Fp1-Fz,0.5945,12.355088855629509,0,0,0,0
5064,sub-21,6,Fp1-Fp2,127.368,102.30628286432194,0,0,0,0
5065,sub-21,6,P3-Cz,149.34425,143.54428974346013,0,0,0,0
5066,sub-21,6,F7-F3,175.22675,181.34603805198392,0,0,0,0
5067,sub-21,6,F8-C4,177.31125,170.27974993714002,0,1,0,0
5068,sub-21,6,T4-P4,197.6455,225.34502765090275,0,0,0,0
5069,sub-21,7,Fp2-Fz,3.32225,29.17025061596974,0,0,0,0
5070,sub-21,7,Fp2-F8,3.5255,21.80884636322415,1,0,0,0
5071,sub-21,7,O1-O2,21.682,48.84019314981683,0,0,0,0
5072,sub-21,7,C4-Fz,98.47025,69.67087625209561,0,0,0,0
5073,sub-21,7,T5-O1,108.9315,111.56095823801525,0,0,0,0
5074,sub-21,7,T3-F3,124.769,146.20796577937222,0,0,0,0
5075,sub-21,7,Fp1-Fp2,147.83775,163.22991383821767,0,0,0,0
5076,sub-21,7,C3-Cz,153.87425,150.63683574629,0,0,0,0
5077,sub-21,7,Fp1-Fz,265.81025,294.03710728688424,0,0,0,0
5078,sub-21,7,Fz-Cz,281.20075,254.29538655843697,0,0,0,0
5079,sub-21,7,Fp1-Fp2,284.2895,295.99497965451945,0,0,0,0
5080,sub-21,7,T3-F3,284.88425,256.03276375286333,0,1,0,0
5081,sub-21,7,T4-F4,285.1825,281.63388341410564,1,0,0,1
5082,sub-21,8,Fp2-F4,64.52175,66.5782181589505,0,0,0,0
5083,sub-21,8,F7-T3,75.39475,80.20776483603987,0,0,0,0
5084,sub-21,8,Fp1-Fz,139.02375,130.75571817210206,0,1,0,0
5085,sub-21,8,T4-T6,139.072,151.81344402549607,1,0,0,1
5086,sub-21,8,T3-T5,151.546,166.5531678409568,0,0,0,0
5087,sub-21,8,Fp2-F4,184.50275,170.51361471585386,0,0,0,0
5088,sub-21,8,T4-F4,191.02575,212.81016013384007,0,0,0,0
5089,sub-21,8,P4-O2,192.70875,219.13736020749008,0,0,0,0
5090,sub-21,8,F4-Cz,256.2255,266.68447889318116,0,0,0,0
5091,sub-21,8,Fp1-F3,259.78875,241.82256342763935,0,0,0,0
5092,sub-21,8,T4-F4,269.61175,298.5324564685431,0,0,0,0
5093,sub-21,8,T3-F3,288.306,291.62020051380904,0,0,0,0
5094,sub-21,9,Fp2-F8,4.10975,6.339043141981975,0,0,0,0
5095,sub-21,9,Fp2-F8,79.66425,53.690495863450465,0,0,0,0
5096,sub-21,9,Fp2-F4,96.36675,81.68416137749588,0,0,0,0
5097,sub-21,9,C4-Cz,205.4675,199.44045013672715,0,0,0,0
5098,sub-21,9,F7-T3,260.5235,279.6343835336922,0,0,0,0
5099,sub-21,10,C4-P4,30.0915,45.60843258356822,0,0,0,0
5100,sub-21,10,Fp2-Fz,98.95525,105.0766481506823,1,0,0,1
5101,sub-21,10,Fp1-F3,100.67225,110.90879219828224,0,0,0,0
5102,sub-21,10,Fp1-Fp2,105.02775,91.97927970741095,0,0,0,0
5103,sub-21,10,T3-F3,162.821,188.7633130723417,0,0,0,0
5104,sub-21,10,F8-T4,221.692,225.18538472296675,0,0,0,0
5105,sub-21,10,F8-T4,294.1955,271.6028984537287,0,0,0,0
5106,sub-21,11,T4-F4,67.3645,49.92084235286499,0,0,0,0
5107,sub-21,11,Fp1-Fp2,70.845,59.5868206029361,0,0,0,0
5108,sub-21,11,Fp1-Fp2,126.298,132.67095095916724,0,0,0,0
5109,sub-21,11,Fp2-F8,143.4385,147.44293439788981,0,1,0,0
5110,sub-21,11,Fp1-Fz,143.83675,126.66166487946585,1,0,0,1
5111,sub-21,11,T3-T5,145.7615,155.10013071994427,0,0,0,0
5112,sub-21,11,Fp2-F8,237.853,252.55509755963914,0,0,0,0
5113,sub-21,11,C3-Cz,256.808,239.81188002938885,0,0,0,0
5114,sub-21,11,P4-Cz,262.30975,244.49226664830462,0,0,0,0
5115,sub-21,12,Fp1-Fp2,38.98775,56.69927304141559,0,0,0,0
5116,sub-21,12,T3-F3,68.9055,90.7215904582016,0,0,0,0
5117,sub-21,12,Fp2-F8,120.3465,142.1933575861564,1,1,0,0
5118,sub-21,12,Fp2-F4,120.46375,125.59126822041311,2,1,0,0
5119,sub-21,12,T3-C3,121.46925,139.31774477880575,0,0,0,0
5120,sub-21,12,Fp2-F8,123.719,141.1721996462963,0,1,0,0
5121,sub-21,12,F7-C3,123.75725,142.46714716540336,1,1,0,1
5122,sub-21,12,F7-T3,125.158,130.9928878276031,0,0,0,0
5123,sub-21,12,F7-T3,125.45725,121.65242450721466,1,0,0,0
5124,sub-21,12,F7-T3,126.8105,140.6131381059563,0,0,0,0
5125,sub-21,12,Fp1-F3,127.6015,118.5594490034126,0,1,0,0
5126,sub-21,12,T3-P3,127.68275,125.26629564382282,1,0,0,1
5127,sub-21,12,T3-F3,127.819,124.2428817028527,2,0,0,0
5128,sub-21,12,Fp1-F7,134.986,155.93577633963903,0,0,0,0
5129,sub-21,12,Fp2-F4,142.08325,162.27500587883478,0,0,0,0
5130,sub-21,12,F8-C4,145.52225,168.5485791424726,0,0,0,0
5131,sub-21,12,Fp1-Fp2,157.87775,170.50247618269833,0,0,0,0
5132,sub-21,12,Fp2-F4,287.64475,268.0784621794191,0,0,0,0
5133,sub-22,1,P3-O1,51.9095,35.506083095855956,0,0,0,0
5134,sub-22,1,P3-Pz,60.196,57.36493947673943,0,0,0,0
5135,sub-22,1,P4-Pz,117.24475,144.13757380052365,0,0,0,0
5136,sub-22,1,C4-Cz,133.212,127.688790791002,0,0,0,0
5137,sub-22,1,C3-Cz,133.41925,117.71347270803815,1,0,0,0
5138,sub-22,1,P4-Pz,148.795,155.2939657824672,0,0,0,0
5139,sub-22,1,P3-Pz,180.23025,160.17826085263698,0,0,0,0
5140,sub-22,1,C4-P4,269.24025,253.06311898591986,0,0,0,0
5141,sub-22,1,P4-O2,293.0085,264.38348638971667,0,0,0,0
5142,sub-22,2,Fp2-Fz,41.429,38.50064996968487,0,0,0,0
5143,sub-22,2,F4-Cz,42.60725,33.71409164529846,0,0,0,0
5144,sub-22,2,F3-Fz,91.44775,104.81854857671276,0,0,0,0
5145,sub-22,2,F4-Cz,105.726,128.40562240388218,0,0,0,0
5146,sub-22,2,P3-O1,126.0115,144.42251139949104,0,0,0,0
5147,sub-22,2,F4-C4,290.493,287.8435233950467,0,0,0,0
5148,sub-22,3,Fp1-Fp2,45.89025,54.60703421934028,0,1,0,0
5149,sub-22,3,Fp1-Fz,45.9245,60.677984992372735,1,1,0,0
5150,sub-22,3,C4-Fz,60.53425,54.780166793272485,0,0,0,0
5151,sub-22,3,F3-C3,161.41825,184.24065905021877,0,0,0,0
5152,sub-22,4,F8-F4,31.74975,13.900164236226416,0,1,0,0
5153,sub-22,4,F4-Cz,35.37425,48.922558409104994,0,0,0,0
5154,sub-22,4,F7-F3,51.0565,35.58722059519206,1,0,0,1
5155,sub-22,4,O1-O2,88.97975,62.595447497745305,0,0,0,0
5156,sub-22,4,F3-Cz,130.6025,145.2179136718069,0,0,0,0
5157,sub-22,4,O1-O2,180.9335,177.05994351866178,0,0,0,0
5158,sub-22,4,F7-F3,191.305,214.83567914882036,0,0,0,0
5159,sub-22,4,T4-C4,209.552,182.85024809513132,0,0,0,0
5160,sub-22,4,F7-C3,243.06175,228.59220401007855,0,0,0,0
5161,sub-22,4,F8-F4,258.14225,241.81413044816264,0,0,0,0
5162,sub-22,4,Fp2-F4,263.5475,283.3667309301224,0,0,0,0
5163,sub-22,4,F8-F4,271.45425,262.7666068952197,0,0,0,0
5164,sub-22,5,P3-O1,32.591,10.6254141802609,0,0,0,0
5165,sub-22,5,O1-O2,36.74,53.76465586744854,0,0,0,0
5166,sub-22,5,F7-T3,75.01025,78.190397516263,0,0,0,0
5167,sub-22,5,F3-Cz,82.17325,70.05347487316362,0,0,0,0
5168,sub-22,5,Fp2-F4,295.358,269.1802471751411,0,0,0,0
5169,sub-22,6,C3-Fz,14.1235,33.137744028121816,0,0,0,0
5170,sub-22,6,T6-O2,31.321,44.568132453647316,0,0,0,0
5171,sub-22,6,T4-T6,45.34775,38.50137935349483,0,0,0,0
5172,sub-22,6,Fp2-Fz,87.0665,98.206431064835,0,1,0,0
5173,sub-22,6,Fp2-F8,220.651,218.5968466376555,0,1,0,0
5174,sub-22,6,Fp1-Fz,220.8925,239.59083934743603,1,0,0,1
5175,sub-22,6,C4-Fz,230.145,206.25193759804424,0,0,0,0
5176,sub-22,6,T4-T6,256.63125,237.0195768662657,0,0,0,0
5177,sub-22,6,F3-C3,261.6885,284.4856551111477,0,0,0,0
5178,sub-22,7,Fp1-F3,5.2785,25.072362223326046,0,0,0,0
5179,sub-22,7,P3-O1,15.10575,19.99156781155044,0,0,0,0
5180,sub-22,7,T4-T6,81.9,91.24457955957328,0,0,0,0
5181,sub-22,7,O1-O2,256.9455,227.61244045786685,0,0,0,0
5182,sub-22,8,P4-O2,3.57325,15.172994627936108,0,0,1,0
5183,sub-22,8,T3-T5,15.24025,27.28740632011922,0,0,0,0
5184,sub-22,8,Fp1-Fp2,29.36575,3.9856157152861265,1,0,0,0
5185,sub-22,8,Fp1-F3,137.01,161.15362751355596,0,0,0,0
5186,sub-22,8,Fp2-F4,138.7085,157.10309563736624,0,1,0,0
5187,sub-22,8,T6-O2,138.757,146.28705379198647,1,1,0,1
5188,sub-22,8,F7-F3,139.92875,146.15065530415848,0,1,1,0
5189,sub-22,8,Fp1-Fp2,140.22625,154.91815889174563,1,1,0,1
5190,sub-22,8,F4-C4,146.2595,170.5172183802039,0,0,0,0
5191,sub-22,8,T5-P3,147.72425,173.75673814414395,0,0,0,0
5192,sub-22,8,Fz-Cz,154.77475,184.23625781187963,0,0,0,0
5193,sub-22,8,F7-C3,156.264,146.98977493497736,0,0,0,0
5194,sub-22,8,F4-C4,171.05,173.62307910453495,0,0,0,0
5195,sub-22,8,Fp1-Fp2,282.136,259.9065733773918,0,0,0,0
5196,sub-22,9,Pz-O1,6.66875,13.308802975290185,0,0,0,0
5197,sub-22,9,Fp1-Fp2,187.712,157.75735227412235,0,0,0,0
5198,sub-22,10,F7-F3,154.00875,156.3970355674867,0,0,0,0
5199,sub-22,10,Fp1-Fz,185.2925,168.0781379330574,0,1,0,0
5200,sub-22,10,Fp1-F7,185.32725,208.48736577296017,1,1,0,0
5201,sub-22,10,C3-Pz,205.2425,201.62298516084041,0,0,0,0
5202,sub-22,10,Pz-O2,208.442,183.2034228478507,0,0,0,0
5203,sub-22,10,Pz-O2,217.81575,236.35348448491783,0,0,0,0
5204,sub-22,10,F4-C4,259.60475,247.03498516965763,0,0,0,0
5205,sub-22,11,C3-Cz,24.44575,34.699507760729006,0,0,0,0
5206,sub-22,11,F4-Cz,146.809,161.47362481690533,0,0,0,0
5207,sub-22,11,F7-T3,156.81875,144.38328740941972,0,1,0,0
5208,sub-22,11,Fp1-F3,169.03575,185.02732298097428,0,0,0,0
5209,sub-22,11,Fp1-F3,169.1745,146.90299613839522,1,0,0,0
5210,sub-22,11,F3-Cz,251.621,275.09983481390236,0,0,0,0
5211,sub-22,11,Fp1-Fp2,287.84825,283.201089891086,0,0,0,0
5212,sub-23,1,F7-F3,49.28175,77.95682366152099,0,0,0,0
5213,sub-23,1,Fp1-F7,86.3675,74.79131439362959,0,0,0,0
5214,sub-23,1,Fp1-F7,87.05725,78.50856687209782,0,0,0,0
5215,sub-23,1,F7-T3,121.097,115.48150260810344,0,0,0,0
5216,sub-23,1,Pz-O2,122.00525,119.44492176364226,0,0,0,0
5217,sub-23,1,F7-F3,135.07975,143.6985769441595,0,0,0,0
5218,sub-23,1,Fz-Cz,179.73075,183.43975620341436,0,0,0,0
5219,sub-23,1,F7-F3,190.5495,185.52401203307022,0,0,0,0
5220,sub-23,1,F7-C3,209.882,236.18998364290502,0,0,0,0
5221,sub-23,1,O1-O2,210.39975,194.27791381288623,0,0,0,0
5222,sub-23,1,F7-T3,291.72275,295.21822294345696,0,0,0,0
5223,sub-23,2,Fp1-Fp2,46.88625,74.87175168715501,0,0,0,0
5224,sub-23,2,T6-P4,72.75575,75.12122882991694,0,0,0,0
5225,sub-23,2,T4-T6,73.21225,47.34178197634316,1,0,0,0
5226,sub-23,2,F3-C3,87.33725,71.07795237942346,0,0,0,0
5227,sub-23,2,F7-F3,129.904,140.0463634253157,0,0,0,0
5228,sub-23,2,F7-T3,221.786,205.43184600496326,0,0,0,0
5229,sub-23,2,Fp1-F3,237.86625,227.473512849271,0,0,0,0
5230,sub-23,3,P4-O2,31.24525,3.127876246374811,0,0,0,0
5231,sub-23,3,T5-O1,41.6035,30.24552712202279,0,0,0,0
5232,sub-23,3,Fp2-F8,47.485,64.87215944949963,0,0,0,0
5233,sub-23,3,Fp1-Fp2,89.8295,92.92358796331924,0,0,0,0
5234,sub-23,3,F7-T3,114.075,122.57675371886872,0,0,0,0
5235,sub-23,3,T5-P3,162.97875,190.81771569367737,0,0,0,0
5236,sub-23,3,F4-Fz,178.9815,195.50813669694503,0,0,0,0
5237,sub-23,3,P4-Cz,286.1565,279.77455616730043,0,0,0,0
5238,sub-23,4,Fp1-F7,32.181,14.113007809639903,0,0,0,0
5239,sub-23,4,F4-Fz,34.35925,22.201696102757673,0,0,0,0
5240,sub-23,4,F8-C4,43.11375,58.795721523315805,0,0,0,0
5241,sub-23,4,Pz-O1,53.7205,76.37000120339663,0,0,0,0
5242,sub-23,4,Fz-Cz,61.45075,64.89950037253404,0,0,0,0
5243,sub-23,4,F3-C3,128.295,118.70576836039282,0,0,0,0
5244,sub-23,4,F3-C3,165.25875,153.82162409510397,0,0,0,0
5245,sub-24,1,F7-F3,2.3455,16.962394548840205,0,0,0,0
5246,sub-24,1,Fp2-F8,35.696,55.52528106954561,0,0,0,0
5247,sub-24,1,T3-T5,41.09125,57.08068557668729,0,0,0,0
5248,sub-24,1,P4-Pz,49.21125,20.522954396110734,0,0,0,0
5249,sub-24,1,Fp1-F3,164.19375,154.08761653330794,0,0,0,0
5250,sub-24,1,F7-T3,206.3315,189.47367203712167,0,0,0,0
5251,sub-24,1,P4-Pz,231.90425,229.34763003340376,0,0,0,0
5252,sub-24,2,F7-T3,30.075,46.81432966707192,0,0,0,0
5253,sub-24,2,T3-T5,41.29375,25.57592143473204,0,0,0,0
5254,sub-24,2,T5-O1,63.26575,90.0030997327765,0,0,1,0
5255,sub-24,2,C3-P3,80.485,66.43029092221906,0,0,0,0
5256,sub-24,2,Fp1-F7,128.38025,153.11245628883057,0,0,0,0
5257,sub-24,2,C4-Fz,136.36225,113.600731304878,0,0,0,0
5258,sub-24,2,F7-F3,156.55225,173.72526214199948,0,0,0,0
5259,sub-24,2,Fp2-F8,192.975,179.70973010615083,0,0,0,0
5260,sub-24,2,T5-C3,269.83975,274.1410861046868,0,0,0,0
5261,sub-24,2,Fp1-F7,271.76075,297.08468662754484,0,0,0,0
5262,sub-24,2,F7-C3,274.5345,278.45590600457103,0,0,0,0
5263,sub-24,2,T5-C3,293.25875,290.52959244782613,0,0,0,0
5264,sub-24,3,Fp1-F7,9.95625,37.40968019200858,1,0,0,0
5265,sub-24,3,T3-T5,37.19625,55.459324675062774,0,0,0,0
5266,sub-24,3,F3-C3,82.909,60.99417921537473,0,0,0,0
5267,sub-24,3,F7-C3,93.8635,81.47877292424147,0,0,0,0
5268,sub-24,3,T6-O2,94.5775,121.40179491027584,0,0,0,0
5269,sub-24,3,Fp2-F4,95.8015,122.23207319339664,0,0,0,0
5270,sub-24,3,Fp2-F8,97.97825,100.10621224757735,1,0,0,1
5271,sub-24,3,T6-C4,99.6325,97.18085743766774,0,0,0,0
5272,sub-24,3,C3-P3,167.071,161.58069972129798,0,0,0,0
5273,sub-24,3,F8-F4,167.98525,146.8344822027291,0,0,0,0
5274,sub-24,4,C3-Fz,28.18225,50.58992688872864,0,0,0,0
5275,sub-24,4,T3-P3,53.21275,50.61058141256123,0,0,0,0
5276,sub-24,4,Fp1-F3,119.33075,140.98082561100495,0,0,0,0
5277,sub-24,4,T5-C3,124.33825,100.90108002505974,0,0,0,0
5278,sub-24,4,T5-C3,130.3795,106.2518391097355,0,0,0,0
5279,sub-24,4,F7-C3,205.91775,229.38800691569793,0,0,0,0
5280,sub-24,4,Fp1-F7,206.33675,227.03361369926387,1,0,0,0
5281,sub-24,4,F4-Cz,207.50825,227.0026928007223,1,0,0,1
5282,sub-24,4,T5-C3,226.8945,236.53463516077073,0,0,0,0
5283,sub-24,4,F7-C3,239.1175,248.36629917343527,0,0,0,0
5284,sub-24,5,T5-O1,1.19575,20.31096936104979,0,0,0,0
5285,sub-24,5,P3-Cz,32.11325,27.504767625702023,0,0,0,0
5286,sub-24,5,F7-C3,59.57,76.12936363386578,0,0,0,0
5287,sub-24,5,C3-Cz,66.4,88.60304983639207,0,0,0,0
5288,sub-24,5,Fp1-Fz,92.42425,75.64320171054547,0,0,0,0
5289,sub-24,5,F7-F3,131.8765,149.85170434532864,0,0,0,0
5290,sub-24,5,F7-T3,189.28425,176.21368510613473,0,0,0,0
5291,sub-24,5,T4-P4,235.37675,216.36428410412748,0,0,0,0
5292,sub-24,5,Fp2-F8,237.162,214.73312520967676,0,0,0,0
5293,sub-24,5,Fp1-F3,249.839,231.8926267085567,0,0,0,0
5294,sub-24,5,T5-C3,260.79725,254.3493703666396,0,0,0,0
5295,sub-24,5,T5-C3,265.10875,237.7721144463912,0,0,0,0
5296,sub-24,5,F3-C3,286.95025,264.11427040303613,0,0,0,0
5297,sub-24,6,P3-O1,21.9605,42.682103617145344,0,0,0,0
5298,sub-24,6,Fp1-F7,37.857,16.348009527013716,0,1,0,0
5299,sub-24,6,F8-F4,38.02925,44.51147189897568,1,0,0,1
5300,sub-24,6,Fp2-F8,39.18025,60.371673845281094,0,1,0,0
5301,sub-24,6,Fp1-F7,39.26775,12.97751902738094,1,1,0,1
5302,sub-24,6,F7-C3,116.767,122.77508673998514,0,0,0,0
5303,sub-24,6,Fp2-F4,117.99925,141.97121813411297,0,0,0,0
5304,sub-24,6,P4-Pz,162.8625,173.14024610010358,0,0,0,0
5305,sub-24,6,F8-F4,185.304,207.64630195087943,0,0,0,0
5306,sub-24,6,F8-C4,185.332,163.0409693052965,1,0,0,0
5307,sub-24,6,C4-Fz,186.98425,194.49723837234524,0,0,0,0
5308,sub-24,6,F4-Fz,187.66875,182.55013881083383,0,0,0,0
5309,sub-24,6,T3-P3,292.629,296.0898640156151,0,1,0,0
5310,sub-24,7,T3-F3,5.63175,24.820840982281037,0,0,0,0
5311,sub-24,7,T5-O1,10.27925,36.01573054221109,0,0,0,0
5312,sub-24,7,T4-C4,52.25525,46.010612894699506,0,0,0,0
5313,sub-24,7,T5-C3,68.464,76.59403277787027,0,0,0,0
5314,sub-24,7,Fp1-F7,110.71475,129.28192407992026,0,0,0,0
5315,sub-24,7,Fp1-F7,143.843,128.06740013097743,0,0,0,0
5316,sub-24,7,Fp1-F7,152.97725,163.83627881832857,0,0,0,0
5317,sub-24,7,T3-T5,156.10375,184.25896705737563,0,0,0,0
5318,sub-24,7,T4-P4,176.9255,162.27120990426673,0,0,0,0
5319,sub-24,7,T4-F4,192.53275,165.9450297191688,0,0,0,0
5320,sub-24,7,Fp1-F3,207.89475,231.22939859754524,0,0,0,0
5321,sub-24,7,F8-F4,253.53975,239.14103741803916,0,0,0,0
5322,sub-24,7,T5-C3,261.98575,287.050546393516,0,0,0,0
5323,sub-24,8,Fp2-F8,3.1895,24.8282413234046,0,0,0,0
5324,sub-24,8,Fp2-F8,50.36,37.071565385016825,0,0,0,0
5325,sub-24,8,T6-C4,124.84325,134.66820213478547,0,0,0,0
5326,sub-24,8,T4-F4,167.4895,158.88678920190785,0,0,0,0
5327,sub-24,8,F4-Fz,175.966,180.03408179303125,0,0,0,0
5328,sub-24,8,T4-C4,215.663,234.79659120644686,0,0,0,0
5329,sub-24,8,T4-T6,224.6765,228.30221528357728,0,0,0,0
5330,sub-24,8,T6-C4,226.289,223.50477921137693,0,0,0,0
5331,sub-24,8,Cz-Pz,232.86175,205.76932441875138,0,0,0,0
5332,sub-24,8,Fp1-F7,244.118,216.2690814109988,0,0,0,0
5333,sub-24,9,C3-P3,3.86975,7.139067013669903,0,0,1,0
5334,sub-24,9,Fp1-Fz,4.66,32.2003812970578,0,0,0,0
5335,sub-24,9,C4-Fz,5.68325,1.1059533909863735,0,0,0,0
5336,sub-24,9,Fp1-Fz,7.30375,2.2132447075617527,0,1,0,0
5337,sub-24,9,T3-T5,7.475,4.9306122975514075,1,0,0,1
5338,sub-24,9,T5-P3,8.0725,3.9277979336099165,1,0,0,1
5339,sub-24,9,T5-P3,10.74875,24.651524317662073,0,0,0,0
5340,sub-24,9,Fp1-F3,13.12475,16.41484559476705,0,0,0,0
5341,sub-24,9,Fp1-F3,13.19875,6.074567214202129,1,0,0,0
5342,sub-24,9,C4-Pz,18.4665,4.2524493798107095,1,0,1,1
5343,sub-24,9,F4-Cz,19.897,12.91132826003839,0,0,1,0
5344,sub-24,9,Pz-O2,92.95525,113.01657102677244,0,0,0,0
5345,sub-24,9,F7-T3,134.5455,160.19673801369623,0,0,0,0
5346,sub-24,9,C4-P4,141.57225,149.08204958974608,0,0,0,0
5347,sub-24,9,Fp2-Fz,165.1005,161.57996398447779,0,0,0,0
5348,sub-24,9,P3-Pz,236.8215,241.1864350233181,0,0,0,0
5349,sub-24,9,P3-Pz,288.90925,293.94577300878206,0,0,0,0
5350,sub-24,10,T3-F3,55.748,61.662522680069706,0,0,0,0
5351,sub-24,10,F8-F4,97.04775,75.24381235225546,0,0,0,0
5352,sub-24,10,F7-F3,107.63825,96.22646089530588,0,0,0,0
5353,sub-24,10,T3-P3,156.83075,129.77958733464754,0,0,0,0
5354,sub-24,10,T3-F3,159.4485,184.48417120786783,0,0,1,0
5355,sub-24,10,C3-P3,232.76875,209.43582775433404,0,0,0,0
5356,sub-24,10,T6-C4,274.308,270.4692824349935,0,0,0,0
5357,sub-24,11,Fp1-F3,85.064,93.42123208833735,0,0,0,0
5358,sub-24,11,F4-Cz,115.87275,134.49666497661153,0,0,0,0
5359,sub-24,11,P4-O2,119.79675,134.67463461177275,0,0,0,0
5360,sub-24,11,Fp1-Fz,125.3675,113.94807040510182,0,1,0,0
5361,sub-24,11,Fp1-F7,125.529,145.91120801253123,1,1,0,0
5362,sub-24,11,F8-T4,136.21525,107.34000133669807,0,0,0,0
5363,sub-24,11,P3-Cz,145.6425,129.8807517240875,0,0,0,0
5364,sub-24,11,P4-O2,180.605,172.9979714377708,0,0,0,0
5365,sub-24,11,P3-O1,196.824,188.71857832615575,0,0,0,0
5366,sub-24,11,T6-O2,200.8715,183.3487484439924,0,0,0,0
5367,sub-24,11,P3-O1,212.85325,227.13147146357906,0,0,0,0
5368,sub-24,11,P3-Pz,224.7795,199.70434608796734,0,0,0,0
5369,sub-24,11,P3-Pz,228.877,233.10309084219438,1,0,0,1
5370,sub-24,11,Fp1-Fz,232.86075,209.06274295611686,0,0,0,0
5371,sub-24,11,P3-Pz,236.8545,218.34386205344467,0,0,0,0
5372,sub-24,11,Pz-O1,251.57025,277.49828154788986,0,0,0,0
5373,sub-24,11,T3-P3,252.904,267.77304991146605,0,0,1,0
5374,sub-24,11,P3-Cz,259.1315,263.922354854526,0,0,0,0
5375,sub-24,11,P3-Cz,260.90875,243.58489406019362,0,0,0,0
5376,sub-24,11,P3-Pz,264.812,261.41462111322386,0,0,0,0
5377,sub-24,11,T4-T6,268.0015,291.14740120654193,0,0,0,0
5378,sub-24,11,F7-T3,282.0335,253.67465208271557,0,0,0,0
5379,sub-24,11,C3-P3,288.9105,265.3259467655762,0,0,0,0
5380,sub-24,11,T3-P3,292.872,270.10703863256305,0,0,0,0
5381,sub-24,12,P3-Pz,28.84,23.250700862228236,0,0,0,0
5382,sub-24,12,P3-Cz,40.797,28.654609803891937,0,0,0,0
5383,sub-24,12,C3-P3,80.9105,61.569291651313534,0,0,0,0
5384,sub-24,12,P3-O1,92.8435,63.49125186399119,0,0,0,0
5385,sub-24,12,P3-Cz,104.807,128.17247106197584,0,0,0,0
5386,sub-24,12,P3-Pz,112.8565,89.25866991186426,0,0,0,0
5387,sub-24,12,P3-Pz,120.86975,99.80298088052106,0,0,0,0
5388,sub-24,12,P3-Pz,132.88175,114.93994950237898,0,0,0,0
5389,sub-24,12,P3-Pz,144.81925,154.53337556760303,0,0,0,0
5390,sub-24,12,P3-Pz,148.90725,167.30945281766373,0,0,0,0
5391,sub-24,12,P3-Pz,200.7805,187.20583888376896,0,0,0,0
5392,sub-24,12,P3-Cz,212.8885,207.00649398530925,0,0,0,0
5393,sub-24,12,P3-Pz,216.82575,224.63457637456332,0,0,0,0
5394,sub-24,12,C4-P4,229.3535,235.71967071339333,0,1,0,0
5395,sub-24,12,Fp1-Fz,229.69775,201.24231852159807,1,0,0,1
5396,sub-24,12,F3-Cz,232.20275,256.6932823268678,0,0,0,0
5397,sub-24,13,Fp1-F7,9.1295,35.57265917537289,0,0,0,0
5398,sub-24,13,Fp2-F4,32.22075,17.97108516015798,0,1,0,0
5399,sub-24,13,P3-O1,32.5405,16.93349108210949,1,0,0,1
5400,sub-24,13,T5-P3,57.27025,73.4351734582112,0,0,0,0
5401,sub-24,13,Fp1-F7,65.34725,79.5271199489284,0,0,0,0
5402,sub-24,13,P3-Pz,88.585,83.99250094723979,0,0,0,0
5403,sub-24,13,P3-Cz,108.6405,137.06341474525018,0,0,0,0
5404,sub-24,13,F8-F4,165.944,171.23183206371465,0,0,0,0
5405,sub-24,13,T5-C3,179.194,167.97790910598022,0,0,0,0
5406,sub-24,13,T6-C4,191.597,217.17880259483798,0,0,0,0
5407,sub-24,13,P3-O1,196.63575,219.15394409640018,0,0,0,0
5408,sub-24,13,P3-Pz,200.65525,226.12449815612467,0,0,0,0
5409,sub-24,13,F7-C3,201.74175,213.3491736831188,0,0,0,0
5410,sub-24,13,P3-Pz,204.54475,183.89631673821097,0,0,0,0
5411,sub-24,13,P3-Cz,204.5865,232.64013149575635,1,0,1,0
5412,sub-24,13,C3-P3,208.567,224.37500287599295,0,0,0,0
5413,sub-24,13,P3-Pz,224.584,247.57901472036667,0,0,0,0
5414,sub-24,13,T5-P3,228.5935,211.36363643512144,0,0,0,0
5415,sub-24,13,P3-Cz,228.6375,202.01684224280368,1,0,0,0
5416,sub-24,13,P3-Pz,232.57125,245.2827136486139,0,1,0,0
5417,sub-24,13,T3-T5,232.838,252.77642849188896,1,0,0,1
5418,sub-24,13,Fp1-Fz,242.54925,218.27241770678367,0,0,0,0
5419,sub-24,13,P3-Cz,248.5375,264.22147408050716,0,0,0,0
5420,sub-24,13,P3-Pz,252.6655,263.82662937813905,0,0,0,0
5421,sub-24,13,P3-Pz,256.618,241.0579913624763,0,0,0,0
5422,sub-24,13,C3-P3,264.56025,278.3987612036257,0,0,0,0
5423,sub-24,13,T5-P3,265.22625,248.2410595300796,0,0,0,0
5424,sub-24,13,P3-O1,280.5475,250.59913041996458,0,0,0,0
5425,sub-24,13,P3-Cz,284.648,298.1780242576175,0,0,0,0
5426,sub-24,13,P3-O1,288.54275,298.8058396223674,0,0,0,0
5427,sub-24,13,P3-Cz,296.58075,287.4779993498978,0,0,0,0
5428,sub-24,13,T5-P3,296.657,269.08690565430305,1,0,0,0
5429,sub-24,14,P3-Pz,8.653,10.875299157705085,0,0,0,0
5430,sub-24,14,P3-Pz,36.6105,19.29522826644142,0,0,0,0
5431,sub-24,14,C3-Fz,265.34275,251.31832317801766,0,1,0,0
5432,sub-24,14,C4-P4,272.393,264.76319864264605,1,0,0,0
5433,sub-24,14,P4-Pz,274.35675,298.0296533508404,0,0,1,0
5434,sub-24,14,Pz-O1,282.015,264.20470956432,0,0,1,0
5435,sub-24,14,Pz-O1,282.178,274.69451836317216,1,0,0,0
5436,sub-24,14,Pz-O2,288.04,263.1751256695842,0,1,0,0
5437,sub-24,14,F8-C4,288.10275,292.7522320894949,1,0,0,1
5438,sub-24,14,F4-C4,293.51825,279.42077452936644,0,0,0,0
5439,sub-24,14,F4-Cz,293.56375,280.2394562874608,1,0,0,0
5440,sub-24,14,F7-F3,294.32075,270.6643098917018,0,0,0,0
5441,sub-24,14,T5-P3,298.37075,278.2277975061164,0,0,0,0
5442,sub-25,1,Fp1-F3,144.54275,125.07132982117365,0,0,0,0
5443,sub-25,1,F3-Fz,224.837,198.49947155681122,0,0,0,0
5444,sub-25,1,F8-C4,235.21075,240.24647095528422,1,1,0,1
5445,sub-25,1,F8-F4,238.4125,228.6391373321774,0,0,0,0
5446,sub-25,1,Fp2-F8,240.67625,257.6194722456171,0,1,0,0
5447,sub-25,1,F3-Fz,243.10975,228.41697368892846,0,0,0,0
5448,sub-25,1,Fp2-F8,252.0215,277.8288378197718,0,0,0,0
5449,sub-25,1,F7-T3,253.638,261.83632895595593,2,1,0,0
5450,sub-25,1,C4-Fz,261.691,273.5206845229163,0,0,0,0
5451,sub-25,1,C4-P4,261.74225,283.72026643879565,1,0,0,0
5452,sub-25,1,T5-O1,279.57575,265.59475019596397,0,0,0,0
5453,sub-25,1,Fp2-F8,283.1535,278.5823113723951,0,1,0,0
5454,sub-25,1,C4-Cz,283.34175,279.9995538236259,1,0,0,1
5455,sub-25,2,C3-P3,63.366,55.29414176597051,0,1,0,0
5456,sub-25,2,Fp1-F7,75.868,66.17561113399663,0,1,0,0
5457,sub-25,2,T4-C4,75.9865,83.73064072442331,1,0,0,1
5458,sub-25,2,F3-C3,79.54325,94.10824628676905,0,0,0,0
5459,sub-25,2,F7-F3,80.30325,100.66552193365372,0,0,0,0
5460,sub-25,2,T3-F3,83.05875,100.50833462120386,0,1,0,0
5461,sub-25,2,F8-T4,83.23325,79.64661942990973,1,0,0,1
5462,sub-25,2,T5-P3,105.862,111.69881265525436,0,0,0,0
5463,sub-25,2,Pz-O2,240.95,258.36080122071115,0,0,0,0
5464,sub-25,2,T6-O2,255.674,234.1560066497152,0,0,0,0
5465,sub-25,2,P4-O2,255.70575,241.38693464717443,1,0,0,0
5466,sub-25,2,C4-P4,271.292,260.27720672884163,0,0,0,0
5467,sub-25,2,Pz-O2,283.407,269.6795734376332,0,0,0,0
5468,sub-25,3,F4-C4,17.75875,37.622165110366794,0,0,0,0
5469,sub-25,3,F8-C4,21.479,18.00518642687894,1,1,0,1
5470,sub-25,3,Pz-O2,56.16975,58.54115641448011,0,0,0,0
5471,sub-25,3,Pz-O2,70.886,82.39080808454048,0,0,0,0
5472,sub-25,3,O1-O2,71.91425,80.71554901980913,0,0,0,0
5473,sub-25,3,T4-F4,158.5185,165.27457812045267,1,1,0,0
5474,sub-25,3,Fp2-F4,159.33025,170.8088691341842,1,0,0,1
5475,sub-25,3,Fp2-F4,159.77675,162.26028553316044,3,1,1,1
5476,sub-25,3,Pz-O2,160.20675,163.6413680008095,4,1,0,1
5477,sub-25,3,F3-C3,161.92225,159.0144306177605,2,1,1,1
5478,sub-25,3,F7-C3,163.40425,178.31473740319893,1,1,0,1
5479,sub-25,3,T5-P3,164.40575,161.37392333739677,1,1,1,1
5480,sub-25,3,T5-C3,164.433,159.3936584599423,2,1,1,1
5481,sub-25,3,C3-P3,170.766,155.45913096242296,0,0,0,0
5482,sub-25,3,Pz-O2,222.73675,195.23106558157167,0,0,0,0
5483,sub-25,4,C4-Pz,1.84375,17.42118690131118,0,0,0,0
5484,sub-25,4,C3-Cz,8.41,36.18555111697676,0,0,0,0
5485,sub-25,4,C4-Cz,12.60325,18.08646320062676,0,0,0,0
5486,sub-25,4,Fp1-F3,129.41325,116.76791191067458,0,0,0,0
5487,sub-25,4,F4-Cz,154.0475,162.08122923437537,0,0,0,0
5488,sub-25,4,Fp1-F7,213.023,234.35778560640216,1,0,0,1
5489,sub-25,4,T4-P4,218.25275,228.70385943662797,0,1,0,0
5490,sub-25,4,F7-F3,218.421,213.1689361855593,2,1,0,1
5491,sub-25,4,T6-C4,218.88925,213.0879720573475,2,1,0,1
5492,sub-25,4,P4-O2,233.93975,222.83203763079217,0,0,0,0
5493,sub-25,4,P4-O2,274.78375,260.47419238478966,0,0,0,0
5494,sub-25,4,P3-Cz,294.8415,279.3971820644472,0,0,0,0
5495,sub-25,5,Pz-O2,12.82825,17.428915185301918,0,0,0,0
5496,sub-25,5,Fz-Cz,26.73025,19.6162869057811,0,0,0,0
5497,sub-25,5,Fp1-F3,59.51975,30.447254883164323,0,0,0,0
5498,sub-25,5,F3-C3,80.2815,70.07673003227835,0,0,0,0
5499,sub-25,5,Fp1-F3,101.067,111.1962517005686,0,0,0,0
5500,sub-25,5,C3-Fz,132.136,124.25072340231964,0,0,0,0
5501,sub-25,5,C4-Cz,179.02375,198.87582385961161,0,0,0,0
5502,sub-25,5,F4-Fz,180.6995,185.59536147259146,0,1,0,0
5503,sub-25,5,T5-P3,182.13175,175.43849601921647,0,0,0,0
5504,sub-25,5,T3-T5,197.80175,226.87145911159544,0,0,1,0
5505,sub-25,5,T3-F3,197.93675,218.23648163046326,1,0,0,0
5506,sub-25,6,Fz-Cz,28.98525,38.99873488940881,0,0,0,0
5507,sub-25,6,F4-Cz,29.02875,38.2229338208811,1,0,0,0
5508,sub-25,6,C4-Cz,33.56525,6.355234257174075,0,0,0,0
5509,sub-25,6,F4-Cz,36.9035,24.011833526902947,0,0,0,0
5510,sub-25,6,Fp1-Fp2,37.75725,53.32795502386071,0,0,0,0
5511,sub-25,6,C4-Fz,103.32025,90.39066791973177,0,0,0,0
5512,sub-25,6,F3-Cz,121.19925,146.31997572339978,0,0,0,0
5513,sub-25,6,C4-P4,154.042,177.1581591355364,0,0,0,0
5514,sub-25,6,F3-C3,171.41325,174.49628902022192,0,0,0,0
5515,sub-25,6,Pz-O2,184.9995,156.41731249306122,0,0,0,0
5516,sub-25,6,C3-Cz,188.48375,216.92038901210537,0,0,0,0
5517,sub-25,6,C3-P3,259.503,277.84995920865225,0,0,0,0
5518,sub-25,6,C4-Cz,260.78625,288.3310674978021,0,0,0,0
5519,sub-25,6,P4-Pz,272.41925,276.3064043035861,0,0,1,0
5520,sub-25,6,Fp1-F3,291.17,271.84512960724226,0,0,0,0
5521,sub-25,6,T4-P4,296.1855,278.1094557430201,0,0,0,0
5522,sub-25,7,Cz-Pz,54.4985,82.00339274162553,0,0,0,0
5523,sub-25,7,Cz-Pz,69.5805,85.4512902450118,0,0,0,0
5524,sub-25,7,Pz-O1,119.634,116.85145843082832,0,0,0,0
5525,sub-25,7,Fp1-Fz,176.7855,162.39161291970007,0,0,0,0
5526,sub-25,7,Fp1-F3,199.691,215.67607077013437,0,0,0,0
5527,sub-25,7,Fp1-F3,230.426,251.73534656548972,0,0,0,0
5528,sub-25,7,Pz-O2,248.3115,256.3725527670337,0,0,0,0
5529,sub-25,8,Pz-O2,8.89275,34.7033007524728,0,0,0,0
5530,sub-25,8,T6-C4,37.5665,63.05068307465531,0,0,0,0
5531,sub-25,8,T6-P4,128.03675,139.68253026693674,0,0,0,0
5532,sub-25,8,F3-Cz,157.57475,152.14910735579213,0,0,0,0
5533,sub-25,8,O1-O2,185.66425,171.2979532512412,0,0,0,0
5534,sub-25,8,T3-C3,191.832,215.2512770842518,0,0,0,0
5535,sub-25,8,Pz-O2,278.28425,281.80775274469687,0,0,0,0
5536,sub-25,9,P3-Cz,15.7345,1.186175185028839,0,0,0,0
5537,sub-25,9,C4-Cz,47.0345,30.71757599932669,0,0,0,0
5538,sub-25,9,P4-O2,81.398,97.688169076828,0,0,0,0
5539,sub-25,9,F3-Fz,100.776,95.69239316830149,0,0,0,0
5540,sub-25,9,T5-P3,119.4355,109.28816516598434,0,0,0,0
5541,sub-25,10,P4-O2,77.0295,63.27542656048051,0,0,0,0
5542,sub-25,10,Pz-O2,85.01575,94.7244796176033,0,0,0,0
5543,sub-25,10,T3-T5,128.89775,104.72102837726962,0,0,0,0
5544,sub-25,10,P4-Cz,137.10025,127.19601617495648,0,0,0,0
5545,sub-25,10,P4-Cz,181.78725,173.13888488454486,0,0,0,0
5546,sub-25,10,C3-P3,209.57425,194.40706826656387,0,0,0,0
5547,sub-25,10,Pz-O1,221.7175,234.909702329129,0,0,0,0
5548,sub-25,10,P4-Cz,237.429,246.1675356066509,0,0,0,0
5549,sub-25,10,F7-F3,246.84475,218.2555361707611,0,0,0,0
5550,sub-25,10,P3-O1,249.65025,271.74501987389357,0,0,0,0
5551,sub-25,10,P3-Pz,270.668,282.92461681185824,0,0,0,0
5552,sub-25,11,T3-C3,1.37475,28.608983712735288,0,0,0,0
5553,sub-25,11,C4-Pz,67.4415,46.01772608258433,0,0,0,0
5554,sub-25,11,P3-O1,130.4125,138.77554318838526,0,0,0,0
5555,sub-25,11,C3-Fz,151.5525,149.11297626913327,0,0,0,0
5556,sub-25,11,P3-Pz,175.2215,204.89875095458177,0,0,1,0
5557,sub-25,11,P4-O2,179.60925,168.22833508460906,0,0,0,0
5558,sub-25,11,F3-C3,205.14775,177.42453172603757,0,0,0,0
5559,sub-25,11,Pz-O1,251.6735,273.18303922125205,0,0,0,0
5560,sub-25,12,F3-C3,199.57075,228.07186080365818,0,0,0,0
5561,sub-25,12,F7-T3,200.55725,177.8951016816457,0,0,0,0
5562,sub-25,12,F7-F3,200.6145,175.95767502072016,1,0,0,0
5563,sub-25,12,C4-Pz,202.552,194.51321378519734,0,0,0,0
5564,sub-25,12,F8-C4,204.227,201.9375999638029,1,1,0,0
5565,sub-25,12,F3-C3,204.513,200.86645765499142,2,1,0,1
5566,sub-25,12,T6-O2,204.876,200.70796578247908,2,0,1,1
5567,sub-25,12,T4-T6,205.395,232.7339858683128,0,0,0,0
5568,sub-25,12,Fz-Cz,226.95525,208.2157640831128,0,0,0,0
5569,sub-25,12,C3-Pz,239.11625,223.68424215894552,0,0,0,0
5570,sub-26,1,T6-P4,1.2265,17.43777343941265,0,0,0,0
5571,sub-26,1,P4-O2,7.8075,25.891871949497112,0,0,0,0
5572,sub-26,1,T4-T6,35.4035,47.6265213562434,0,0,0,0
5573,sub-26,1,P4-O2,40.848,12.742015287630483,0,0,0,0
5574,sub-26,1,P4-O2,44.55175,56.345981511247885,0,0,0,0
5575,sub-26,1,Fp1-F7,52.038,46.926418231300545,0,0,0,0
5576,sub-26,1,F3-C3,96.584,100.3632278596616,0,0,0,0
5577,sub-26,1,F7-C3,99.64125,96.7460069415176,1,0,0,1
5578,sub-26,1,Fp1-F3,149.084,163.70420748650255,0,0,0,0
5579,sub-26,1,P4-Cz,178.5395,191.87467383883046,0,0,0,0
5580,sub-26,1,P4-O2,205.502,231.55640551038292,0,0,0,0
5581,sub-26,1,T3-T5,209.18975,202.86717443331858,0,1,0,0
5582,sub-26,1,C4-Cz,209.60475,228.49971677628596,1,0,0,1
5583,sub-26,1,F3-Fz,228.14175,219.76231624730738,0,0,0,0
5584,sub-26,2,F7-T3,75.3355,78.21656579351716,0,0,0,0
5585,sub-26,2,T3-F3,109.57575,117.83080645197089,0,0,0,0
5586,sub-26,2,P4-O2,193.36775,217.84628391129618,0,0,0,0
5587,sub-26,2,C4-Fz,219.0475,215.2350733056929,0,0,0,0
5588,sub-26,2,F4-C4,229.6245,213.13873311780787,0,0,0,0
5589,sub-26,2,F3-C3,289.20325,262.7495212383117,0,0,0,0
5590,sub-26,3,T3-F3,60.51875,83.95162769018835,0,0,0,0
5591,sub-26,3,P3-O1,77.83475,61.720497923437364,0,0,0,0
5592,sub-26,3,Fp1-F7,105.29975,127.78043034401604,0,0,0,0
5593,sub-26,3,F7-F3,107.3985,131.43199610069198,0,0,0,0
5594,sub-26,3,F8-C4,166.4945,147.4336277108491,0,0,0,0
5595,sub-26,3,C3-Pz,174.32425,150.60753415629563,0,0,0,0
5596,sub-26,3,T3-P3,199.165,185.1012879174836,0,0,0,0
5597,sub-26,3,Fp1-F7,243.951,233.68055732366594,0,0,0,0
5598,sub-26,4,F3-C3,137.7965,141.29757090985356,0,0,0,0
5599,sub-26,4,F3-C3,235.92125,216.85759004432038,0,0,0,0
5600,sub-26,4,Cz-Pz,236.71125,244.79143870050237,0,0,0,0
5601,sub-26,4,F4-Fz,267.2065,261.75188220918824,0,0,0,0
5602,sub-26,5,Cz-Pz,110.17275,88.5542579733049,0,0,0,0
5603,sub-26,5,F8-C4,279.07075,274.95122134727075,0,0,0,0
5604,sub-26,6,T3-F3,19.675,5.22300182185489,0,0,0,0
5605,sub-26,6,T4-F4,144.05225,122.59395069828906,0,1,0,0
5606,sub-26,6,P3-O1,298.324,289.7564995410939,0,0,0,0
5607,sub-26,7,F4-Cz,133.4635,153.03858987555714,0,0,0,0
5608,sub-26,7,F7-F3,136.3585,130.13154043118328,0,0,0,0
5609,sub-26,7,F7-C3,137.05675,163.88077038624897,0,0,0,0
5610,sub-26,8,F7-T3,81.85175,73.83552004963137,0,0,0,0
5611,sub-26,8,T5-P3,223.85875,203.46939160166954,0,0,0,0
5612,sub-26,8,T4-F4,264.8455,253.52004951307558,0,0,0,0
5613,sub-27,1,T5-O1,28.09375,16.688653611026293,0,0,0,0
5614,sub-27,1,T5-C3,60.8715,85.5659053566043,0,0,0,0
5615,sub-27,1,T3-P3,141.6145,155.49173928227165,0,0,0,0
5616,sub-27,1,F8-C4,239.631,258.21385851955483,0,0,0,0
5617,sub-27,2,T5-O1,224.85675,248.98078582002304,0,0,0,0
5618,sub-27,3,C3-Pz,6.248,36.10496520408665,0,0,0,0
5619,sub-27,3,C4-Fz,31.89925,42.45004803963719,0,0,0,0
5620,sub-27,3,Fp2-F8,128.43025,147.3898450156283,0,0,0,0
5621,sub-27,4,T6-O2,65.41075,38.20441923373116,0,0,0,0
5622,sub-27,4,T4-T6,138.32525,111.80500315385486,0,0,0,0
5623,sub-27,4,F8-C4,143.84025,145.91330237357417,1,0,0,1
5624,sub-27,4,F4-Fz,168.909,193.6736023023387,0,0,0,0
5625,sub-27,4,Fp2-F4,270.01475,267.02044761499263,0,0,0,0
5626,sub-28,1,T4-P4,21.4975,31.888865140044878,0,0,0,0
5627,sub-28,1,Fp2-Fz,48.581,51.86429878237203,0,0,0,0
5628,sub-28,1,Fp2-F8,48.6555,21.565327438740827,1,0,0,0
5629,sub-28,1,T4-P4,80.43575,107.79165963619059,0,0,0,0
5630,sub-28,1,T4-F4,80.4875,95.65510179353339,1,0,0,0
5631,sub-28,1,C4-P4,95.309,116.26254150100877,0,0,1,0
5632,sub-28,1,C3-P3,116.72075,137.43992610608987,0,0,0,0
5633,sub-28,1,F3-Fz,128.69475,145.8624193975059,0,0,0,0
5634,sub-28,1,F8-F4,136.4795,138.59392640212613,0,0,0,0
5635,sub-28,1,F7-F3,139.14725,128.48201830359469,0,0,0,0
5636,sub-28,1,F8-T4,150.78625,161.73751598843964,0,0,0,0
5637,sub-28,2,F4-Fz,94.71325,97.54810105541263,0,1,0,0
5638,sub-28,2,Fp1-Fz,94.78225,124.389822687851,1,1,0,0
5639,sub-28,2,F7-T3,103.11175,75.99915005864945,0,0,0,0
5640,sub-28,2,C3-P3,160.7545,174.3916270450151,0,0,0,0
5641,sub-28,2,T4-T6,179.474,192.7156415397626,0,0,0,0
5642,sub-28,2,T5-P3,287.829,259.52152542250144,0,0,0,0
5643,sub-28,2,F8-T4,292.51175,264.49932545767194,0,0,0,0
5644,sub-28,3,Fp2-Fz,55.36025,58.462522567797755,0,0,0,0
5645,sub-28,3,Pz-O1,80.4635,51.485606015612255,0,0,0,0
5646,sub-28,3,T3-F3,98.9385,76.98882177839423,0,0,0,0
5647,sub-28,3,O1-O2,109.55925,128.88520519678858,0,0,0,0
5648,sub-28,3,Fp1-Fz,120.4145,105.79183402187718,1,0,0,1
5649,sub-28,3,Fp1-F7,152.49375,156.96424629003295,0,0,0,0
5650,sub-28,3,F4-Cz,159.212,165.50603171061684,0,0,0,0
5651,sub-28,3,Fp1-F3,274.0995,256.5506335519677,0,0,0,0
5652,sub-28,4,Fz-Cz,31.4005,59.909509013610496,0,0,0,0
5653,sub-28,4,T3-F3,36.0285,31.5117927550055,1,0,0,0
5654,sub-28,4,T4-T6,132.786,138.00702886896255,0,1,0,0
5655,sub-28,4,Fp1-Fz,239.49275,209.8446981724633,0,1,0,0
5656,sub-28,4,Fp1-F7,240.8495,226.09378079240096,0,0,0,0
5657,sub-28,5,F8-F4,24.3685,17.86681655646132,0,0,0,0
5658,sub-28,5,T5-P3,133.49775,154.63557568784583,0,0,0,0
5659,sub-28,5,T4-P4,148.74175,160.53485438702472,0,0,0,0
5660,sub-28,5,Fp1-Fp2,172.85575,195.58708699175335,0,0,0,0
5661,sub-28,6,T3-F3,0.5165,6.664144647210933,0,0,0,0
5662,sub-28,6,Fp1-F3,2.9845,15.762515282794798,0,1,0,0
5663,sub-28,6,F8-T4,3.4625,6.538781158771705,1,0,0,1
5664,sub-28,6,P3-Pz,6.15425,12.019994829329768,0,0,0,0
5665,sub-28,6,F3-Fz,12.65175,38.14639723088837,0,0,0,0
5666,sub-28,6,T4-T6,59.09275,52.447346478038796,0,0,0,0
5667,sub-28,6,Fp1-F7,79.33275,74.87340463178862,0,0,0,0
5668,sub-28,6,C4-P4,92.714,109.04120321883664,0,0,0,0
5669,sub-28,6,C4-Cz,121.96675,93.44147702144073,0,0,0,0
5670,sub-28,6,Fp2-F4,132.40525,141.90819661987308,0,0,0,0
5671,sub-28,6,F3-Fz,216.1745,207.10031001532613,0,0,0,0
5672,sub-28,6,P3-Cz,257.9695,255.38764901276502,0,0,0,0
5673,sub-28,7,T3-F3,145.19425,119.35875971490792,0,0,0,0
5674,sub-28,7,T6-P4,173.9385,145.36193312902876,1,1,0,1
5675,sub-28,7,T6-O2,250.3635,256.4985185161694,0,0,0,0
5676,sub-28,8,T3-P3,131.34475,122.93231709783538,0,0,0,0
5677,sub-28,8,F8-T4,210.48375,235.9013782794055,0,0,0,0
5678,sub-28,8,F7-F3,248.63,228.47484281385744,0,1,0,0
5679,sub-28,8,T6-P4,281.26325,262.4781184039256,0,0,0,0
5680,sub-28,8,F8-T4,295.2195,276.04923285609175,0,0,0,0
5681,sub-29,1,F3-Cz,189.78325,209.11061147371234,0,0,0,0
5682,sub-29,1,T4-P4,218.549,193.7374558897564,0,0,0,0
5683,sub-29,1,Fp1-F7,224.8495,218.7849087996743,1,0,0,1
5684,sub-29,1,T3-C3,271.60475,258.26978632764855,0,0,0,0
5685,sub-29,1,C4-Cz,276.674,270.15874053574356,0,0,0,0
5686,sub-29,2,C4-Fz,9.2145,19.759305445503514,0,0,0,0
5687,sub-29,2,C4-Cz,34.287,27.7716592016101,0,0,0,0
5688,sub-29,2,P4-Pz,63.865,78.99040657860758,0,0,0,0
5689,sub-29,2,Fp1-F3,112.5885,100.49130912338731,0,0,0,0
5690,sub-29,2,Fz-Cz,168.20725,175.95164043235252,0,0,0,0
5691,sub-29,2,Fp1-Fp2,182.222,168.67805918822427,1,0,0,0
5692,sub-29,2,F8-C4,183.0385,197.92519906136346,0,0,0,0
5693,sub-29,2,T5-O1,212.6055,229.2261903436388,0,1,0,0
5694,sub-29,2,T6-O2,212.6305,183.3605679231813,1,0,0,1
5695,sub-29,3,P3-Pz,92.21975,75.83166707534997,0,0,0,0
5696,sub-29,3,T4-T6,119.26725,145.8024091022914,0,0,0,0
5697,sub-29,3,Fp2-F4,195.316,177.4848387003439,0,0,0,0
5698,sub-29,3,F8-C4,214.59175,212.35747071343803,0,0,0,0
5699,sub-29,4,T6-C4,105.946,91.55875213329108,0,0,0,0
5700,sub-29,4,P3-Cz,116.004,145.04974919476575,0,0,0,0
5701,sub-29,4,F3-Fz,170.0785,145.49708023211315,0,0,0,0
5702,sub-29,4,T4-T6,198.08325,219.20680820076927,0,0,0,0
5703,sub-29,4,F3-Fz,229.078,240.11673900534998,0,0,0,0
5704,sub-29,5,T6-P4,69.46425,58.86196306385014,0,0,0,0
5705,sub-29,5,Fz-Cz,247.1285,219.08416797473586,0,0,0,0
5706,sub-29,5,C4-P4,284.072,259.1300030577672,0,0,0,0
5707,sub-29,6,Fp1-Fz,46.842,32.48309484311268,0,0,0,0
5708,sub-29,6,Fp1-F3,98.61575,91.44412254251684,0,0,0,0
5709,sub-29,6,F3-Cz,192.3635,194.72976178991354,0,0,0,0
5710,sub-29,6,T3-T5,251.94025,234.7109869938514,0,0,0,0
5711,sub-29,7,F4-Fz,148.9575,158.6052567170254,0,0,0,0
5712,sub-29,7,T4-T6,225.92475,249.05788019787047,0,0,0,0
5713,sub-29,7,Fp1-Fz,229.5325,258.70039316004136,0,0,1,0
5714,sub-29,7,Fp1-F7,239.03225,236.1621335737888,0,0,0,0
5715,sub-29,7,Cz-Pz,258.99575,242.05564443046006,0,0,0,0
5716,sub-29,7,T3-F3,290.49625,299.0314415448048,0,1,0,0
5717,sub-29,7,T6-O2,295.79925,268.7910140130285,0,0,0,0
5718,sub-29,8,T5-O1,256.3935,282.60605854221285,0,0,0,0
5719,sub-29,8,T5-P3,257.451,250.76494275677985,0,0,0,0
5720,sub-29,8,O1-O2,285.98625,290.64822624757966,0,0,0,0
5721,sub-30,1,P3-Pz,36.32,41.3042318975794,0,0,0,0
5722,sub-30,1,Pz-O1,47.99525,73.71792534656379,0,0,0,0
5723,sub-30,1,T5-P3,158.87175,161.13064395796584,0,0,0,0
5724,sub-30,2,Fp2-Fz,38.2565,61.93814131913864,0,0,0,0
5725,sub-30,2,T4-C4,58.58925,63.07980521827136,0,0,0,0
5726,sub-30,2,T4-P4,112.58525,108.84115893564912,0,0,0,0
5727,sub-30,2,F8-T4,165.61,155.30313321766772,0,0,0,0
5728,sub-30,2,T3-P3,179.3975,150.51894922236698,0,0,0,0
5729,sub-30,2,P4-Pz,216.73175,189.43068472712173,0,0,0,0
5730,sub-30,3,C3-Pz,10.46475,1.8259796274742754,0,0,0,0
5731,sub-30,3,T5-O1,31.57275,36.05739331831856,0,0,0,0
5732,sub-30,3,F8-C4,70.12175,98.36323813548958,0,0,0,0
5733,sub-30,3,T6-O2,249.3585,270.15698737962316,0,0,0,0
5734,sub-30,3,C3-Pz,293.77275,269.1443713953604,0,0,0,0
5735,sub-30,4,Pz-O2,88.38675,96.68772605860185,0,0,0,0
5736,sub-30,4,F7-T3,94.80675,108.14403787115587,0,0,0,0
5737,sub-30,4,T3-P3,242.48625,219.31596896251304,0,0,0,0
5738,sub-30,4,Fp1-F3,255.72225,239.97215974727703,0,0,0,0
5739,sub-30,5,F7-C3,41.74875,29.15802725587586,0,0,0,0
5740,sub-30,5,Fp1-F7,95.43925,122.01534369682511,0,0,0,0
5741,sub-30,5,F7-T3,163.97175,166.3421896041257,0,0,0,0
5742,sub-30,5,T3-C3,242.1195,248.69666914565707,0,0,0,0
5743,sub-30,5,T4-F4,245.7155,251.323826285591,0,0,0,0
5744,sub-30,5,T3-T5,262.12,244.22583349248603,0,0,0,0
5745,sub-30,5,Fp1-F7,294.1585,279.39147844519016,0,0,0,0
